<?xml version="1.0" encoding="UTF-8"?><kml xmlns="http://www.opengis.net/kml/2.2"><Document>
<name>Håndildslukkere - HÅNDILDSLUKKERE</name>

<Style id="s">
  <IconStyle>
    <scale>1.1</scale>
    <Icon>
      <href>https://raw.githubusercontent.com/Deja4100/Ikoner/main/Håndildslukker.png</href>
    </Icon>
  </IconStyle>
</Style>

<Placemark>
  <name>10803605</name>
  <styleUrl>#s</styleUrl>
  <description>
<![CDATA[
<table border="1" style="border-collapse:collapse;width:100%">
<tr><td><b>Bane</b></td><td>12</td></tr><tr><td><b>TIB</b></td><td>1</td></tr><tr><td><b>Navn</b></td><td>Borup</td></tr><tr><td><b>Forkortelse</b></td><td>Bo</td></tr><tr><td><b>Equipment</b></td><td>10803605</td></tr><tr><td><b>Datagennemgang</b></td><td>Match</td></tr><tr><td><b>Betegnelse</b></td><td>Relæhus</td></tr><tr><td><b>Bygningsnummer</b></td><td>Bo 003</td></tr><tr><td><b>Idriftsætt.dato</b></td><td>Fri Aug 12 2022 00:00:00 GMT+0200 (Central European Summer Time)</td></tr><tr><td><b>Producent</b></td><td>Falck</td></tr><tr><td><b>Product Serienr.</b></td><td>478927</td></tr><tr><td><b>Konstrukt. måned</b></td><td>1</td></tr><tr><td><b>Konstrukt. år</b></td><td>2022</td></tr><tr><td><b>Kilometrering</b></td><td>49.5</td></tr><tr><td><b>GPS Nord</b></td><td> 55.495130000</td></tr><tr><td><b>GPS Øst</b></td><td> 11.972483000</td></tr><tr><td><b>Type</b></td><td>CO2</td></tr><tr><td><b>Størrelse (kg)</b></td><td>5kg</td></tr><tr><td><b>Vægt 2026 (kg)</b></td><td></td></tr>
</table>
]]>
</description>
  <Point>
    <coordinates> 11.972483000, 55.495130000,0</coordinates>
  </Point>
</Placemark>

<Placemark>
  <name>10803606</name>
  <styleUrl>#s</styleUrl>
  <description>
<![CDATA[
<table border="1" style="border-collapse:collapse;width:100%">
<tr><td><b>Bane</b></td><td>12</td></tr><tr><td><b>TIB</b></td><td>1</td></tr><tr><td><b>Navn</b></td><td>Kværkeby</td></tr><tr><td><b>Forkortelse</b></td><td>Ky</td></tr><tr><td><b>Equipment</b></td><td>10803606</td></tr><tr><td><b>Datagennemgang</b></td><td>Match</td></tr><tr><td><b>Betegnelse</b></td><td>Relæhus</td></tr><tr><td><b>Bygningsnummer</b></td><td>Ky 002</td></tr><tr><td><b>Idriftsætt.dato</b></td><td>Tue Aug 16 2022 00:00:00 GMT+0200 (Central European Summer Time)</td></tr><tr><td><b>Producent</b></td><td>Falck</td></tr><tr><td><b>Product Serienr.</b></td><td>321465</td></tr><tr><td><b>Konstrukt. måned</b></td><td>1</td></tr><tr><td><b>Konstrukt. år</b></td><td>2022</td></tr><tr><td><b>Kilometrering</b></td><td>56.67</td></tr><tr><td><b>GPS Nord</b></td><td> 55.450777000</td></tr><tr><td><b>GPS Øst</b></td><td> 11.898182000</td></tr><tr><td><b>Type</b></td><td>CO2</td></tr><tr><td><b>Størrelse (kg)</b></td><td>5kg</td></tr><tr><td><b>Vægt 2026 (kg)</b></td><td></td></tr>
</table>
]]>
</description>
  <Point>
    <coordinates> 11.898182000, 55.450777000,0</coordinates>
  </Point>
</Placemark>

<Placemark>
  <name>10803607</name>
  <styleUrl>#s</styleUrl>
  <description>
<![CDATA[
<table border="1" style="border-collapse:collapse;width:100%">
<tr><td><b>Bane</b></td><td>12</td></tr><tr><td><b>TIB</b></td><td>1</td></tr><tr><td><b>Navn</b></td><td>Ringsted</td></tr><tr><td><b>Forkortelse</b></td><td>Rg</td></tr><tr><td><b>Equipment</b></td><td>10803607</td></tr><tr><td><b>Datagennemgang</b></td><td>Match</td></tr><tr><td><b>Betegnelse</b></td><td>Transmissionshytte</td></tr><tr><td><b>Bygningsnummer</b></td><td>Rg 603</td></tr><tr><td><b>Idriftsætt.dato</b></td><td>Tue Aug 16 2022 00:00:00 GMT+0200 (Central European Summer Time)</td></tr><tr><td><b>Producent</b></td><td>Falck</td></tr><tr><td><b>Product Serienr.</b></td><td>479219</td></tr><tr><td><b>Konstrukt. måned</b></td><td>1</td></tr><tr><td><b>Konstrukt. år</b></td><td>2022</td></tr><tr><td><b>Kilometrering</b></td><td>63.75</td></tr><tr><td><b>GPS Nord</b></td><td> 55.437620000</td></tr><tr><td><b>GPS Øst</b></td><td> 11.789100000</td></tr><tr><td><b>Type</b></td><td>CO2</td></tr><tr><td><b>Størrelse (kg)</b></td><td>5kg</td></tr><tr><td><b>Vægt 2026 (kg)</b></td><td></td></tr>
</table>
]]>
</description>
  <Point>
    <coordinates> 11.789100000, 55.437620000,0</coordinates>
  </Point>
</Placemark>

<Placemark>
  <name>10803608</name>
  <styleUrl>#s</styleUrl>
  <description>
<![CDATA[
<table border="1" style="border-collapse:collapse;width:100%">
<tr><td><b>Bane</b></td><td>12</td></tr><tr><td><b>TIB</b></td><td>1</td></tr><tr><td><b>Navn</b></td><td>Ringsted</td></tr><tr><td><b>Forkortelse</b></td><td>Rg</td></tr><tr><td><b>Equipment</b></td><td>10803608</td></tr><tr><td><b>Datagennemgang</b></td><td>Match</td></tr><tr><td><b>Betegnelse</b></td><td>Kommandopost</td></tr><tr><td><b>Bygningsnummer</b></td><td>Rg 022</td></tr><tr><td><b>Idriftsætt.dato</b></td><td>Wed Aug 17 2022 00:00:00 GMT+0200 (Central European Summer Time)</td></tr><tr><td><b>Producent</b></td><td>Falck</td></tr><tr><td><b>Product Serienr.</b></td><td>479177</td></tr><tr><td><b>Konstrukt. måned</b></td><td>1</td></tr><tr><td><b>Konstrukt. år</b></td><td>2022</td></tr><tr><td><b>Kilometrering</b></td><td>36.944</td></tr><tr><td><b>GPS Nord</b></td><td> 55.438272000</td></tr><tr><td><b>GPS Øst</b></td><td> 11.785950000</td></tr><tr><td><b>Type</b></td><td>CO2</td></tr><tr><td><b>Størrelse (kg)</b></td><td>5kg</td></tr><tr><td><b>Vægt 2026 (kg)</b></td><td></td></tr>
</table>
]]>
</description>
  <Point>
    <coordinates> 11.785950000, 55.438272000,0</coordinates>
  </Point>
</Placemark>

<Placemark>
  <name>10803609</name>
  <styleUrl>#s</styleUrl>
  <description>
<![CDATA[
<table border="1" style="border-collapse:collapse;width:100%">
<tr><td><b>Bane</b></td><td>12</td></tr><tr><td><b>TIB</b></td><td>1</td></tr><tr><td><b>Navn</b></td><td>Ringsted</td></tr><tr><td><b>Forkortelse</b></td><td>Rg</td></tr><tr><td><b>Equipment</b></td><td>10803609</td></tr><tr><td><b>Datagennemgang</b></td><td>Match</td></tr><tr><td><b>Betegnelse</b></td><td>Kommandopost</td></tr><tr><td><b>Bygningsnummer</b></td><td>Rg 022</td></tr><tr><td><b>Idriftsætt.dato</b></td><td>Wed Aug 17 2022 00:00:00 GMT+0200 (Central European Summer Time)</td></tr><tr><td><b>Producent</b></td><td>Falck</td></tr><tr><td><b>Product Serienr.</b></td><td>223247</td></tr><tr><td><b>Konstrukt. måned</b></td><td>5</td></tr><tr><td><b>Konstrukt. år</b></td><td>2020</td></tr><tr><td><b>Kilometrering</b></td><td>36.944</td></tr><tr><td><b>GPS Nord</b></td><td> 55.438272000</td></tr><tr><td><b>GPS Øst</b></td><td> 11.785950000</td></tr><tr><td><b>Type</b></td><td>CO2</td></tr><tr><td><b>Størrelse (kg)</b></td><td>5kg</td></tr><tr><td><b>Vægt 2026 (kg)</b></td><td></td></tr>
</table>
]]>
</description>
  <Point>
    <coordinates> 11.785950000, 55.438272000,0</coordinates>
  </Point>
</Placemark>

<Placemark>
  <name>10803610</name>
  <styleUrl>#s</styleUrl>
  <description>
<![CDATA[
<table border="1" style="border-collapse:collapse;width:100%">
<tr><td><b>Bane</b></td><td>12</td></tr><tr><td><b>TIB</b></td><td>1</td></tr><tr><td><b>Navn</b></td><td>Ringsted</td></tr><tr><td><b>Forkortelse</b></td><td>Rg</td></tr><tr><td><b>Equipment</b></td><td>10803610</td></tr><tr><td><b>Datagennemgang</b></td><td>Match</td></tr><tr><td><b>Betegnelse</b></td><td>Relærum (Specielt)</td></tr><tr><td><b>Bygningsnummer</b></td><td>Rg 020</td></tr><tr><td><b>Idriftsætt.dato</b></td><td>Tue Aug 16 2022 00:00:00 GMT+0200 (Central European Summer Time)</td></tr><tr><td><b>Producent</b></td><td>Falck</td></tr><tr><td><b>Product Serienr.</b></td><td>321073</td></tr><tr><td><b>Konstrukt. måned</b></td><td>1</td></tr><tr><td><b>Konstrukt. år</b></td><td>2021</td></tr><tr><td><b>Kilometrering</b></td><td>36.944</td></tr><tr><td><b>GPS Nord</b></td><td> 55.438272000</td></tr><tr><td><b>GPS Øst</b></td><td> 11.785950000</td></tr><tr><td><b>Type</b></td><td>CO2</td></tr><tr><td><b>Størrelse (kg)</b></td><td>5kg</td></tr><tr><td><b>Vægt 2026 (kg)</b></td><td></td></tr>
</table>
]]>
</description>
  <Point>
    <coordinates> 11.785950000, 55.438272000,0</coordinates>
  </Point>
</Placemark>

<Placemark>
  <name>10803611</name>
  <styleUrl>#s</styleUrl>
  <description>
<![CDATA[
<table border="1" style="border-collapse:collapse;width:100%">
<tr><td><b>Bane</b></td><td>12</td></tr><tr><td><b>TIB</b></td><td>1</td></tr><tr><td><b>Navn</b></td><td>Ringsted</td></tr><tr><td><b>Forkortelse</b></td><td>Rg</td></tr><tr><td><b>Equipment</b></td><td>10803611</td></tr><tr><td><b>Datagennemgang</b></td><td>Match</td></tr><tr><td><b>Betegnelse</b></td><td>Nødstrømrum</td></tr><tr><td><b>Bygningsnummer</b></td><td>Rg 020</td></tr><tr><td><b>Idriftsætt.dato</b></td><td>Tue Aug 16 2022 00:00:00 GMT+0200 (Central European Summer Time)</td></tr><tr><td><b>Producent</b></td><td>Falck</td></tr><tr><td><b>Product Serienr.</b></td><td>322502</td></tr><tr><td><b>Konstrukt. måned</b></td><td>2</td></tr><tr><td><b>Konstrukt. år</b></td><td>2021</td></tr><tr><td><b>Kilometrering</b></td><td>36.944</td></tr><tr><td><b>GPS Nord</b></td><td> 55.438272000</td></tr><tr><td><b>GPS Øst</b></td><td> 11.785950000</td></tr><tr><td><b>Type</b></td><td>CO2</td></tr><tr><td><b>Størrelse (kg)</b></td><td>5kg</td></tr><tr><td><b>Vægt 2026 (kg)</b></td><td></td></tr>
</table>
]]>
</description>
  <Point>
    <coordinates> 11.785950000, 55.438272000,0</coordinates>
  </Point>
</Placemark>

<Placemark>
  <name>10803612</name>
  <styleUrl>#s</styleUrl>
  <description>
<![CDATA[
<table border="1" style="border-collapse:collapse;width:100%">
<tr><td><b>Bane</b></td><td>12</td></tr><tr><td><b>TIB</b></td><td>1</td></tr><tr><td><b>Navn</b></td><td>Ringsted</td></tr><tr><td><b>Forkortelse</b></td><td>Rg</td></tr><tr><td><b>Equipment</b></td><td>10803612</td></tr><tr><td><b>Datagennemgang</b></td><td>Match</td></tr><tr><td><b>Betegnelse</b></td><td>Relærum midt</td></tr><tr><td><b>Bygningsnummer</b></td><td>Rg 020</td></tr><tr><td><b>Idriftsætt.dato</b></td><td>Tue Aug 16 2022 00:00:00 GMT+0200 (Central European Summer Time)</td></tr><tr><td><b>Producent</b></td><td>Falck</td></tr><tr><td><b>Product Serienr.</b></td><td>479238</td></tr><tr><td><b>Konstrukt. måned</b></td><td>1</td></tr><tr><td><b>Konstrukt. år</b></td><td>2022</td></tr><tr><td><b>Kilometrering</b></td><td>36.944</td></tr><tr><td><b>GPS Nord</b></td><td> 55.438272000</td></tr><tr><td><b>GPS Øst</b></td><td> 11.785950000</td></tr><tr><td><b>Type</b></td><td>CO2</td></tr><tr><td><b>Størrelse (kg)</b></td><td>5kg</td></tr><tr><td><b>Vægt 2026 (kg)</b></td><td></td></tr>
</table>
]]>
</description>
  <Point>
    <coordinates> 11.785950000, 55.438272000,0</coordinates>
  </Point>
</Placemark>

<Placemark>
  <name>10803613</name>
  <styleUrl>#s</styleUrl>
  <description>
<![CDATA[
<table border="1" style="border-collapse:collapse;width:100%">
<tr><td><b>Bane</b></td><td>12</td></tr><tr><td><b>TIB</b></td><td>1</td></tr><tr><td><b>Navn</b></td><td>Ringsted</td></tr><tr><td><b>Forkortelse</b></td><td>Rg</td></tr><tr><td><b>Equipment</b></td><td>10803613</td></tr><tr><td><b>Datagennemgang</b></td><td>Match</td></tr><tr><td><b>Betegnelse</b></td><td>Relærum (FST rum)</td></tr><tr><td><b>Bygningsnummer</b></td><td>Rg 020</td></tr><tr><td><b>Idriftsætt.dato</b></td><td>Wed Aug 17 2022 00:00:00 GMT+0200 (Central European Summer Time)</td></tr><tr><td><b>Producent</b></td><td>Falck</td></tr><tr><td><b>Product Serienr.</b></td><td>487028</td></tr><tr><td><b>Konstrukt. måned</b></td><td>1</td></tr><tr><td><b>Konstrukt. år</b></td><td>2022</td></tr><tr><td><b>Kilometrering</b></td><td>36.944</td></tr><tr><td><b>GPS Nord</b></td><td> 55.438272000</td></tr><tr><td><b>GPS Øst</b></td><td> 11.785950000</td></tr><tr><td><b>Type</b></td><td>CO2</td></tr><tr><td><b>Størrelse (kg)</b></td><td>5kg</td></tr><tr><td><b>Vægt 2026 (kg)</b></td><td></td></tr>
</table>
]]>
</description>
  <Point>
    <coordinates> 11.785950000, 55.438272000,0</coordinates>
  </Point>
</Placemark>

<Placemark>
  <name>10803614</name>
  <styleUrl>#s</styleUrl>
  <description>
<![CDATA[
<table border="1" style="border-collapse:collapse;width:100%">
<tr><td><b>Bane</b></td><td>12</td></tr><tr><td><b>TIB</b></td><td>1</td></tr><tr><td><b>Navn</b></td><td>Ringsted</td></tr><tr><td><b>Forkortelse</b></td><td>Rg</td></tr><tr><td><b>Equipment</b></td><td>10803614</td></tr><tr><td><b>Datagennemgang</b></td><td>Match</td></tr><tr><td><b>Betegnelse</b></td><td>Relærum 1. sal</td></tr><tr><td><b>Bygningsnummer</b></td><td>Rg 020</td></tr><tr><td><b>Idriftsætt.dato</b></td><td>Wed Aug 17 2022 00:00:00 GMT+0200 (Central European Summer Time)</td></tr><tr><td><b>Producent</b></td><td>Falck</td></tr><tr><td><b>Product Serienr.</b></td><td>486881</td></tr><tr><td><b>Konstrukt. måned</b></td><td>1</td></tr><tr><td><b>Konstrukt. år</b></td><td>2022</td></tr><tr><td><b>Kilometrering</b></td><td>36.944</td></tr><tr><td><b>GPS Nord</b></td><td> 55.438272000</td></tr><tr><td><b>GPS Øst</b></td><td> 11.785950000</td></tr><tr><td><b>Type</b></td><td>CO2</td></tr><tr><td><b>Størrelse (kg)</b></td><td>5kg</td></tr><tr><td><b>Vægt 2026 (kg)</b></td><td></td></tr>
</table>
]]>
</description>
  <Point>
    <coordinates> 11.785950000, 55.438272000,0</coordinates>
  </Point>
</Placemark>

<Placemark>
  <name>10825471</name>
  <styleUrl>#s</styleUrl>
  <description>
<![CDATA[
<table border="1" style="border-collapse:collapse;width:100%">
<tr><td><b>Bane</b></td><td>12</td></tr><tr><td><b>TIB</b></td><td>1</td></tr><tr><td><b>Navn</b></td><td>Ringsted</td></tr><tr><td><b>Forkortelse</b></td><td>Rg</td></tr><tr><td><b>Equipment</b></td><td>10825471</td></tr><tr><td><b>Datagennemgang</b></td><td>Match</td></tr><tr><td><b>Betegnelse</b></td><td>Transmissionshytte</td></tr><tr><td><b>Bygningsnummer</b></td><td>Rg 038</td></tr><tr><td><b>Idriftsætt.dato</b></td><td>Tue Aug 16 2022 00:00:00 GMT+0200 (Central European Summer Time)</td></tr><tr><td><b>Producent</b></td><td>Falck</td></tr><tr><td><b>Product Serienr.</b></td><td>496</td></tr><tr><td><b>Konstrukt. måned</b></td><td>1</td></tr><tr><td><b>Konstrukt. år</b></td><td>2022</td></tr><tr><td><b>Kilometrering</b></td><td>63.934</td></tr><tr><td><b>GPS Nord</b></td><td> 55.436678000</td></tr><tr><td><b>GPS Øst</b></td><td> 11.784798000</td></tr><tr><td><b>Type</b></td><td>CO2</td></tr><tr><td><b>Størrelse (kg)</b></td><td>5kg</td></tr><tr><td><b>Vægt 2026 (kg)</b></td><td></td></tr>
</table>
]]>
</description>
  <Point>
    <coordinates> 11.784798000, 55.436678000,0</coordinates>
  </Point>
</Placemark>

<Placemark>
  <name>10803604</name>
  <styleUrl>#s</styleUrl>
  <description>
<![CDATA[
<table border="1" style="border-collapse:collapse;width:100%">
<tr><td><b>Bane</b></td><td>12</td></tr><tr><td><b>TIB</b></td><td>1</td></tr><tr><td><b>Navn</b></td><td>Viby Sjælland</td></tr><tr><td><b>Forkortelse</b></td><td>Vy</td></tr><tr><td><b>Equipment</b></td><td>10803604</td></tr><tr><td><b>Datagennemgang</b></td><td>Match</td></tr><tr><td><b>Betegnelse</b></td><td>Relæhus</td></tr><tr><td><b>Bygningsnummer</b></td><td>Vy 008</td></tr><tr><td><b>Idriftsætt.dato</b></td><td>Mon Aug 15 2022 00:00:00 GMT+0200 (Central European Summer Time)</td></tr><tr><td><b>Producent</b></td><td>Falck</td></tr><tr><td><b>Product Serienr.</b></td><td>479206</td></tr><tr><td><b>Konstrukt. måned</b></td><td>1</td></tr><tr><td><b>Konstrukt. år</b></td><td>2022</td></tr><tr><td><b>Kilometrering</b></td><td>42.419</td></tr><tr><td><b>GPS Nord</b></td><td> 55.550017000</td></tr><tr><td><b>GPS Øst</b></td><td> 12.025045000</td></tr><tr><td><b>Type</b></td><td>CO2</td></tr><tr><td><b>Størrelse (kg)</b></td><td>5kg</td></tr><tr><td><b>Vægt 2026 (kg)</b></td><td></td></tr>
</table>
]]>
</description>
  <Point>
    <coordinates> 12.025045000, 55.550017000,0</coordinates>
  </Point>
</Placemark>

<Placemark>
  <name>10825477</name>
  <styleUrl>#s</styleUrl>
  <description>
<![CDATA[
<table border="1" style="border-collapse:collapse;width:100%">
<tr><td><b>Bane</b></td><td>13</td></tr><tr><td><b>TIB</b></td><td>1</td></tr><tr><td><b>Navn</b></td><td>Fjenneslev </td></tr><tr><td><b>Forkortelse</b></td><td>Fj</td></tr><tr><td><b>Equipment</b></td><td>10825477</td></tr><tr><td><b>Datagennemgang</b></td><td>Match</td></tr><tr><td><b>Betegnelse</b></td><td>Relæhus</td></tr><tr><td><b>Bygningsnummer</b></td><td>Fj 071620</td></tr><tr><td><b>Idriftsætt.dato</b></td><td>Mon Aug 22 2022 00:00:00 GMT+0200 (Central European Summer Time)</td></tr><tr><td><b>Producent</b></td><td>Falck</td></tr><tr><td><b>Product Serienr.</b></td><td>495112</td></tr><tr><td><b>Konstrukt. måned</b></td><td>2</td></tr><tr><td><b>Konstrukt. år</b></td><td>2022</td></tr><tr><td><b>Kilometrering</b></td><td>71.6</td></tr><tr><td><b>GPS Nord</b></td><td> 55.441950000</td></tr><tr><td><b>GPS Øst</b></td><td> 11.668637000</td></tr><tr><td><b>Type</b></td><td>CO2</td></tr><tr><td><b>Størrelse (kg)</b></td><td>5kg</td></tr><tr><td><b>Vægt 2026 (kg)</b></td><td></td></tr>
</table>
]]>
</description>
  <Point>
    <coordinates> 11.668637000, 55.441950000,0</coordinates>
  </Point>
</Placemark>

<Placemark>
  <name>10825478</name>
  <styleUrl>#s</styleUrl>
  <description>
<![CDATA[
<table border="1" style="border-collapse:collapse;width:100%">
<tr><td><b>Bane</b></td><td>13</td></tr><tr><td><b>TIB</b></td><td>1</td></tr><tr><td><b>Navn</b></td><td>Forlev </td></tr><tr><td><b>Forkortelse</b></td><td>Fo</td></tr><tr><td><b>Equipment</b></td><td>10825478</td></tr><tr><td><b>Datagennemgang</b></td><td>Match</td></tr><tr><td><b>Betegnelse</b></td><td>Relæhus</td></tr><tr><td><b>Bygningsnummer</b></td><td>Fo 099933</td></tr><tr><td><b>Idriftsætt.dato</b></td><td>Mon Aug 22 2022 00:00:00 GMT+0200 (Central European Summer Time)</td></tr><tr><td><b>Producent</b></td><td>Falck</td></tr><tr><td><b>Product Serienr.</b></td><td>479081</td></tr><tr><td><b>Konstrukt. måned</b></td><td>1</td></tr><tr><td><b>Konstrukt. år</b></td><td>2022</td></tr><tr><td><b>Kilometrering</b></td><td>99.918</td></tr><tr><td><b>GPS Nord</b></td><td> 55.375224000</td></tr><tr><td><b>GPS Øst</b></td><td> 11.258744000</td></tr><tr><td><b>Type</b></td><td>CO2</td></tr><tr><td><b>Størrelse (kg)</b></td><td>5kg</td></tr><tr><td><b>Vægt 2026 (kg)</b></td><td></td></tr>
</table>
]]>
</description>
  <Point>
    <coordinates> 11.258744000, 55.375224000,0</coordinates>
  </Point>
</Placemark>

<Placemark>
  <name>10825481</name>
  <styleUrl>#s</styleUrl>
  <description>
<![CDATA[
<table border="1" style="border-collapse:collapse;width:100%">
<tr><td><b>Bane</b></td><td>13</td></tr><tr><td><b>TIB</b></td><td>1</td></tr><tr><td><b>Navn</b></td><td>Slagelse</td></tr><tr><td><b>Forkortelse</b></td><td>Sg</td></tr><tr><td><b>Equipment</b></td><td>10825481</td></tr><tr><td><b>Datagennemgang</b></td><td>Match</td></tr><tr><td><b>Betegnelse</b></td><td>Kolonnehus 1</td></tr><tr><td><b>Bygningsnummer</b></td><td>Sg 008</td></tr><tr><td><b>Idriftsætt.dato</b></td><td>Sat Jan 19 2019 00:00:00 GMT+0100 (Central European Standard Time)</td></tr><tr><td><b>Producent</b></td><td>Falck</td></tr><tr><td><b>Product Serienr.</b></td><td>05217</td></tr><tr><td><b>Konstrukt. måned</b></td><td>1</td></tr><tr><td><b>Konstrukt. år</b></td><td>2022</td></tr><tr><td><b>Kilometrering</b></td><td>92.833</td></tr><tr><td><b>GPS Nord</b></td><td> 55.408200000</td></tr><tr><td><b>GPS Øst</b></td><td> 11.350062000</td></tr><tr><td><b>Type</b></td><td>CO2</td></tr><tr><td><b>Størrelse (kg)</b></td><td>5kg</td></tr><tr><td><b>Vægt 2026 (kg)</b></td><td></td></tr>
</table>
]]>
</description>
  <Point>
    <coordinates> 11.350062000, 55.408200000,0</coordinates>
  </Point>
</Placemark>

<Placemark>
  <name>10825482</name>
  <styleUrl>#s</styleUrl>
  <description>
<![CDATA[
<table border="1" style="border-collapse:collapse;width:100%">
<tr><td><b>Bane</b></td><td>13</td></tr><tr><td><b>TIB</b></td><td>1</td></tr><tr><td><b>Navn</b></td><td>Slagelse</td></tr><tr><td><b>Forkortelse</b></td><td>Sg</td></tr><tr><td><b>Equipment</b></td><td>10825482</td></tr><tr><td><b>Datagennemgang</b></td><td>Match</td></tr><tr><td><b>Betegnelse</b></td><td>Kolonnehus 2</td></tr><tr><td><b>Bygningsnummer</b></td><td>Sg 008</td></tr><tr><td><b>Idriftsætt.dato</b></td><td>Sun Aug 18 2019 00:00:00 GMT+0200 (Central European Summer Time)</td></tr><tr><td><b>Producent</b></td><td>Falck</td></tr><tr><td><b>Product Serienr.</b></td><td>479240</td></tr><tr><td><b>Konstrukt. måned</b></td><td>1</td></tr><tr><td><b>Konstrukt. år</b></td><td>2019</td></tr><tr><td><b>Kilometrering</b></td><td>92.822</td></tr><tr><td><b>GPS Nord</b></td><td> 55.408153000</td></tr><tr><td><b>GPS Øst</b></td><td> 11.350171000</td></tr><tr><td><b>Type</b></td><td>CO2</td></tr><tr><td><b>Størrelse (kg)</b></td><td>5kg</td></tr><tr><td><b>Vægt 2026 (kg)</b></td><td></td></tr>
</table>
]]>
</description>
  <Point>
    <coordinates> 11.350171000, 55.408153000,0</coordinates>
  </Point>
</Placemark>

<Placemark>
  <name>10825483</name>
  <styleUrl>#s</styleUrl>
  <description>
<![CDATA[
<table border="1" style="border-collapse:collapse;width:100%">
<tr><td><b>Bane</b></td><td>13</td></tr><tr><td><b>TIB</b></td><td>1</td></tr><tr><td><b>Navn</b></td><td>Slagelse</td></tr><tr><td><b>Forkortelse</b></td><td>Sg</td></tr><tr><td><b>Equipment</b></td><td>10825483</td></tr><tr><td><b>Datagennemgang</b></td><td>Match</td></tr><tr><td><b>Betegnelse</b></td><td>UPS rum</td></tr><tr><td><b>Bygningsnummer</b></td><td>Sg 008</td></tr><tr><td><b>Idriftsætt.dato</b></td><td>Thu Aug 18 2022 00:00:00 GMT+0200 (Central European Summer Time)</td></tr><tr><td><b>Producent</b></td><td>Falck</td></tr><tr><td><b>Product Serienr.</b></td><td>479226</td></tr><tr><td><b>Konstrukt. måned</b></td><td>1</td></tr><tr><td><b>Konstrukt. år</b></td><td>2022</td></tr><tr><td><b>Kilometrering</b></td><td>92.832</td></tr><tr><td><b>GPS Nord</b></td><td> 55.408170000</td></tr><tr><td><b>GPS Øst</b></td><td> 11.350095000</td></tr><tr><td><b>Type</b></td><td>CO2</td></tr><tr><td><b>Størrelse (kg)</b></td><td>5kg</td></tr><tr><td><b>Vægt 2026 (kg)</b></td><td></td></tr>
</table>
]]>
</description>
  <Point>
    <coordinates> 11.350095000, 55.408170000,0</coordinates>
  </Point>
</Placemark>

<Placemark>
  <name>10825484</name>
  <styleUrl>#s</styleUrl>
  <description>
<![CDATA[
<table border="1" style="border-collapse:collapse;width:100%">
<tr><td><b>Bane</b></td><td>13</td></tr><tr><td><b>TIB</b></td><td>1</td></tr><tr><td><b>Navn</b></td><td>Slagelse</td></tr><tr><td><b>Forkortelse</b></td><td>Sg</td></tr><tr><td><b>Equipment</b></td><td>10825484</td></tr><tr><td><b>Datagennemgang</b></td><td>Match</td></tr><tr><td><b>Betegnelse</b></td><td>Gl. batterirum</td></tr><tr><td><b>Bygningsnummer</b></td><td>Sg 008</td></tr><tr><td><b>Idriftsætt.dato</b></td><td>Thu Aug 18 2022 00:00:00 GMT+0200 (Central European Summer Time)</td></tr><tr><td><b>Producent</b></td><td>Falck</td></tr><tr><td><b>Product Serienr.</b></td><td>479049</td></tr><tr><td><b>Konstrukt. måned</b></td><td>1</td></tr><tr><td><b>Konstrukt. år</b></td><td>2022</td></tr><tr><td><b>Kilometrering</b></td><td>92.822</td></tr><tr><td><b>GPS Nord</b></td><td> 55.408180000</td></tr><tr><td><b>GPS Øst</b></td><td> 11.350091000</td></tr><tr><td><b>Type</b></td><td>CO2</td></tr><tr><td><b>Størrelse (kg)</b></td><td>5kg</td></tr><tr><td><b>Vægt 2026 (kg)</b></td><td></td></tr>
</table>
]]>
</description>
  <Point>
    <coordinates> 11.350091000, 55.408180000,0</coordinates>
  </Point>
</Placemark>

<Placemark>
  <name>10825479</name>
  <styleUrl>#s</styleUrl>
  <description>
<![CDATA[
<table border="1" style="border-collapse:collapse;width:100%">
<tr><td><b>Bane</b></td><td>13</td></tr><tr><td><b>TIB</b></td><td>1</td></tr><tr><td><b>Navn</b></td><td>Sorø</td></tr><tr><td><b>Forkortelse</b></td><td>So</td></tr><tr><td><b>Equipment</b></td><td>10825479</td></tr><tr><td><b>Datagennemgang</b></td><td>Match</td></tr><tr><td><b>Betegnelse</b></td><td>Relæhus</td></tr><tr><td><b>Bygningsnummer</b></td><td>So 010</td></tr><tr><td><b>Idriftsætt.dato</b></td><td>Tue Sep 20 2022 00:00:00 GMT+0200 (Central European Summer Time)</td></tr><tr><td><b>Producent</b></td><td>Falck</td></tr><tr><td><b>Product Serienr.</b></td><td>479190</td></tr><tr><td><b>Konstrukt. måned</b></td><td>1</td></tr><tr><td><b>Konstrukt. år</b></td><td>2022</td></tr><tr><td><b>Kilometrering</b></td><td>78.391</td></tr><tr><td><b>GPS Nord</b></td><td> 55.419076000</td></tr><tr><td><b>GPS Øst</b></td><td> 11.568348000</td></tr><tr><td><b>Type</b></td><td>CO2</td></tr><tr><td><b>Størrelse (kg)</b></td><td>5kg</td></tr><tr><td><b>Vægt 2026 (kg)</b></td><td></td></tr>
</table>
]]>
</description>
  <Point>
    <coordinates> 11.568348000, 55.419076000,0</coordinates>
  </Point>
</Placemark>

<Placemark>
  <name>10825480</name>
  <styleUrl>#s</styleUrl>
  <description>
<![CDATA[
<table border="1" style="border-collapse:collapse;width:100%">
<tr><td><b>Bane</b></td><td>13</td></tr><tr><td><b>TIB</b></td><td>1</td></tr><tr><td><b>Navn</b></td><td>Sorø - Slagelse </td></tr><tr><td><b>Forkortelse</b></td><td>So - Sg</td></tr><tr><td><b>Equipment</b></td><td>10825480</td></tr><tr><td><b>Datagennemgang</b></td><td>Match</td></tr><tr><td><b>Betegnelse</b></td><td>Relæhus</td></tr><tr><td><b>Bygningsnummer</b></td><td>So-Sg 085900</td></tr><tr><td><b>Idriftsætt.dato</b></td><td>Fri Aug 19 2022 00:00:00 GMT+0200 (Central European Summer Time)</td></tr><tr><td><b>Producent</b></td><td>Falck</td></tr><tr><td><b>Product Serienr.</b></td><td>479224</td></tr><tr><td><b>Konstrukt. måned</b></td><td>1</td></tr><tr><td><b>Konstrukt. år</b></td><td>2022</td></tr><tr><td><b>Kilometrering</b></td><td>85.996</td></tr><tr><td><b>GPS Nord</b></td><td> 55.408038000</td></tr><tr><td><b>GPS Øst</b></td><td> 11.453559000</td></tr><tr><td><b>Type</b></td><td>CO2</td></tr><tr><td><b>Størrelse (kg)</b></td><td>5kg</td></tr><tr><td><b>Vægt 2026 (kg)</b></td><td></td></tr>
</table>
]]>
</description>
  <Point>
    <coordinates> 11.453559000, 55.408038000,0</coordinates>
  </Point>
</Placemark>

<Placemark>
  <name>10803585</name>
  <styleUrl>#s</styleUrl>
  <description>
<![CDATA[
<table border="1" style="border-collapse:collapse;width:100%">
<tr><td><b>Bane</b></td><td>11B</td></tr><tr><td><b>TIB</b></td><td>1</td></tr><tr><td><b>Navn</b></td><td>Høje Taastrup</td></tr><tr><td><b>Forkortelse</b></td><td>Htå</td></tr><tr><td><b>Equipment</b></td><td>10803585</td></tr><tr><td><b>Datagennemgang</b></td><td>Match</td></tr><tr><td><b>Betegnelse</b></td><td>Relærum</td></tr><tr><td><b>Bygningsnummer</b></td><td>Htå 010</td></tr><tr><td><b>Idriftsætt.dato</b></td><td>Thu Jul 07 2022 00:00:00 GMT+0200 (Central European Summer Time)</td></tr><tr><td><b>Producent</b></td><td>Falck</td></tr><tr><td><b>Product Serienr.</b></td><td>322400</td></tr><tr><td><b>Konstrukt. måned</b></td><td>2</td></tr><tr><td><b>Konstrukt. år</b></td><td>2021</td></tr><tr><td><b>Kilometrering</b></td><td>19.498</td></tr><tr><td><b>GPS Nord</b></td><td> 55.648580000</td></tr><tr><td><b>GPS Øst</b></td><td> 12.269757000</td></tr><tr><td><b>Type</b></td><td>CO2</td></tr><tr><td><b>Størrelse (kg)</b></td><td>5kg</td></tr><tr><td><b>Vægt 2026 (kg)</b></td><td></td></tr>
</table>
]]>
</description>
  <Point>
    <coordinates> 12.269757000, 55.648580000,0</coordinates>
  </Point>
</Placemark>

<Placemark>
  <name>10803586</name>
  <styleUrl>#s</styleUrl>
  <description>
<![CDATA[
<table border="1" style="border-collapse:collapse;width:100%">
<tr><td><b>Bane</b></td><td>11B</td></tr><tr><td><b>TIB</b></td><td>1</td></tr><tr><td><b>Navn</b></td><td>Høje Taastrup</td></tr><tr><td><b>Forkortelse</b></td><td>Htå</td></tr><tr><td><b>Equipment</b></td><td>10803586</td></tr><tr><td><b>Datagennemgang</b></td><td>Match</td></tr><tr><td><b>Betegnelse</b></td><td>Telehytte i kælder</td></tr><tr><td><b>Bygningsnummer</b></td><td>Htå 010</td></tr><tr><td><b>Idriftsætt.dato</b></td><td>Thu Jul 07 2022 00:00:00 GMT+0200 (Central European Summer Time)</td></tr><tr><td><b>Producent</b></td><td>Falck</td></tr><tr><td><b>Product Serienr.</b></td><td>322475</td></tr><tr><td><b>Konstrukt. måned</b></td><td>2</td></tr><tr><td><b>Konstrukt. år</b></td><td>2021</td></tr><tr><td><b>Kilometrering</b></td><td>19.498</td></tr><tr><td><b>GPS Nord</b></td><td> 55.648580000</td></tr><tr><td><b>GPS Øst</b></td><td> 12.269757000</td></tr><tr><td><b>Type</b></td><td>CO2</td></tr><tr><td><b>Størrelse (kg)</b></td><td>5kg</td></tr><tr><td><b>Vægt 2026 (kg)</b></td><td></td></tr>
</table>
]]>
</description>
  <Point>
    <coordinates> 12.269757000, 55.648580000,0</coordinates>
  </Point>
</Placemark>

<Placemark>
  <name>10803587</name>
  <styleUrl>#s</styleUrl>
  <description>
<![CDATA[
<table border="1" style="border-collapse:collapse;width:100%">
<tr><td><b>Bane</b></td><td>11B</td></tr><tr><td><b>TIB</b></td><td>1</td></tr><tr><td><b>Navn</b></td><td>Høje Taastrup</td></tr><tr><td><b>Forkortelse</b></td><td>Htå</td></tr><tr><td><b>Equipment</b></td><td>10803587</td></tr><tr><td><b>Datagennemgang</b></td><td>Match</td></tr><tr><td><b>Betegnelse</b></td><td>Telehytte i kælder</td></tr><tr><td><b>Bygningsnummer</b></td><td>Htå 010</td></tr><tr><td><b>Idriftsætt.dato</b></td><td>Thu Jul 07 2022 00:00:00 GMT+0200 (Central European Summer Time)</td></tr><tr><td><b>Producent</b></td><td>Falck</td></tr><tr><td><b>Product Serienr.</b></td><td>322420</td></tr><tr><td><b>Konstrukt. måned</b></td><td>2</td></tr><tr><td><b>Konstrukt. år</b></td><td>2021</td></tr><tr><td><b>Kilometrering</b></td><td>19.498</td></tr><tr><td><b>GPS Nord</b></td><td> 55.648580000</td></tr><tr><td><b>GPS Øst</b></td><td> 12.269757000</td></tr><tr><td><b>Type</b></td><td>CO2</td></tr><tr><td><b>Størrelse (kg)</b></td><td>5kg</td></tr><tr><td><b>Vægt 2026 (kg)</b></td><td></td></tr>
</table>
]]>
</description>
  <Point>
    <coordinates> 12.269757000, 55.648580000,0</coordinates>
  </Point>
</Placemark>

<Placemark>
  <name>10803588</name>
  <styleUrl>#s</styleUrl>
  <description>
<![CDATA[
<table border="1" style="border-collapse:collapse;width:100%">
<tr><td><b>Bane</b></td><td>11B</td></tr><tr><td><b>TIB</b></td><td>1</td></tr><tr><td><b>Navn</b></td><td>Høje Taastrup</td></tr><tr><td><b>Forkortelse</b></td><td>Htå</td></tr><tr><td><b>Equipment</b></td><td>10803588</td></tr><tr><td><b>Datagennemgang</b></td><td>Match</td></tr><tr><td><b>Betegnelse</b></td><td>Nødstrømsrum</td></tr><tr><td><b>Bygningsnummer</b></td><td>Htå 010</td></tr><tr><td><b>Idriftsætt.dato</b></td><td>Thu Jul 07 2022 00:00:00 GMT+0200 (Central European Summer Time)</td></tr><tr><td><b>Producent</b></td><td>Falck</td></tr><tr><td><b>Product Serienr.</b></td><td>322349</td></tr><tr><td><b>Konstrukt. måned</b></td><td>2</td></tr><tr><td><b>Konstrukt. år</b></td><td>2021</td></tr><tr><td><b>Kilometrering</b></td><td>19.948</td></tr><tr><td><b>GPS Nord</b></td><td> 55.648580000</td></tr><tr><td><b>GPS Øst</b></td><td> 12.269757000</td></tr><tr><td><b>Type</b></td><td>CO2</td></tr><tr><td><b>Størrelse (kg)</b></td><td>5kg</td></tr><tr><td><b>Vægt 2026 (kg)</b></td><td></td></tr>
</table>
]]>
</description>
  <Point>
    <coordinates> 12.269757000, 55.648580000,0</coordinates>
  </Point>
</Placemark>

<Placemark>
  <name>10803589</name>
  <styleUrl>#s</styleUrl>
  <description>
<![CDATA[
<table border="1" style="border-collapse:collapse;width:100%">
<tr><td><b>Bane</b></td><td>11B</td></tr><tr><td><b>TIB</b></td><td>1</td></tr><tr><td><b>Navn</b></td><td>Høje Taastrup</td></tr><tr><td><b>Forkortelse</b></td><td>Htå</td></tr><tr><td><b>Equipment</b></td><td>10803589</td></tr><tr><td><b>Datagennemgang</b></td><td>Match</td></tr><tr><td><b>Betegnelse</b></td><td>I/U hytte 20.9</td></tr><tr><td><b>Bygningsnummer</b></td><td></td></tr><tr><td><b>Idriftsætt.dato</b></td><td>Wed Jul 13 2022 00:00:00 GMT+0200 (Central European Summer Time)</td></tr><tr><td><b>Producent</b></td><td>Falck</td></tr><tr><td><b>Product Serienr.</b></td><td>322503</td></tr><tr><td><b>Konstrukt. måned</b></td><td>2</td></tr><tr><td><b>Konstrukt. år</b></td><td>2021</td></tr><tr><td><b>Kilometrering</b></td><td>20.429</td></tr><tr><td><b>GPS Nord</b></td><td> 55.646110000</td></tr><tr><td><b>GPS Øst</b></td><td> 12.247425000</td></tr><tr><td><b>Type</b></td><td>CO2</td></tr><tr><td><b>Størrelse (kg)</b></td><td>5kg</td></tr><tr><td><b>Vægt 2026 (kg)</b></td><td></td></tr>
</table>
]]>
</description>
  <Point>
    <coordinates> 12.247425000, 55.646110000,0</coordinates>
  </Point>
</Placemark>

<Placemark>
  <name>10803590</name>
  <styleUrl>#s</styleUrl>
  <description>
<![CDATA[
<table border="1" style="border-collapse:collapse;width:100%">
<tr><td><b>Bane</b></td><td>11B</td></tr><tr><td><b>TIB</b></td><td>1</td></tr><tr><td><b>Navn</b></td><td>Høje Taastrup</td></tr><tr><td><b>Forkortelse</b></td><td>Htå</td></tr><tr><td><b>Equipment</b></td><td>10803590</td></tr><tr><td><b>Datagennemgang</b></td><td>Match</td></tr><tr><td><b>Betegnelse</b></td><td>Relærum</td></tr><tr><td><b>Bygningsnummer</b></td><td>Htå 010</td></tr><tr><td><b>Idriftsætt.dato</b></td><td>Thu Jul 07 2022 00:00:00 GMT+0200 (Central European Summer Time)</td></tr><tr><td><b>Producent</b></td><td>Falck</td></tr><tr><td><b>Product Serienr.</b></td><td>322450</td></tr><tr><td><b>Konstrukt. måned</b></td><td>1</td></tr><tr><td><b>Konstrukt. år</b></td><td>2021</td></tr><tr><td><b>Kilometrering</b></td><td>19.948</td></tr><tr><td><b>GPS Nord</b></td><td> 55.648580000</td></tr><tr><td><b>GPS Øst</b></td><td> 12.269757000</td></tr><tr><td><b>Type</b></td><td>CO2</td></tr><tr><td><b>Størrelse (kg)</b></td><td>5kg</td></tr><tr><td><b>Vægt 2026 (kg)</b></td><td></td></tr>
</table>
]]>
</description>
  <Point>
    <coordinates> 12.269757000, 55.648580000,0</coordinates>
  </Point>
</Placemark>

<Placemark>
  <name>10803591</name>
  <styleUrl>#s</styleUrl>
  <description>
<![CDATA[
<table border="1" style="border-collapse:collapse;width:100%">
<tr><td><b>Bane</b></td><td>11B</td></tr><tr><td><b>TIB</b></td><td>1</td></tr><tr><td><b>Navn</b></td><td>Høje Taastrup</td></tr><tr><td><b>Forkortelse</b></td><td>Htå</td></tr><tr><td><b>Equipment</b></td><td>10803591</td></tr><tr><td><b>Datagennemgang</b></td><td>Match</td></tr><tr><td><b>Betegnelse</b></td><td>Telehytte i kælder</td></tr><tr><td><b>Bygningsnummer</b></td><td>Htå 010</td></tr><tr><td><b>Idriftsætt.dato</b></td><td>Thu Jul 07 2022 00:00:00 GMT+0200 (Central European Summer Time)</td></tr><tr><td><b>Producent</b></td><td>Falck</td></tr><tr><td><b>Product Serienr.</b></td><td>321209</td></tr><tr><td><b>Konstrukt. måned</b></td><td>1</td></tr><tr><td><b>Konstrukt. år</b></td><td>2021</td></tr><tr><td><b>Kilometrering</b></td><td>19.6</td></tr><tr><td><b>GPS Nord</b></td><td> 55.648580000</td></tr><tr><td><b>GPS Øst</b></td><td> 12.269757000</td></tr><tr><td><b>Type</b></td><td>CO2</td></tr><tr><td><b>Størrelse (kg)</b></td><td>5kg</td></tr><tr><td><b>Vægt 2026 (kg)</b></td><td></td></tr>
</table>
]]>
</description>
  <Point>
    <coordinates> 12.269757000, 55.648580000,0</coordinates>
  </Point>
</Placemark>

<Placemark>
  <name>10803592</name>
  <styleUrl>#s</styleUrl>
  <description>
<![CDATA[
<table border="1" style="border-collapse:collapse;width:100%">
<tr><td><b>Bane</b></td><td>11B</td></tr><tr><td><b>TIB</b></td><td>1</td></tr><tr><td><b>Navn</b></td><td>Høje Taastrup - Roskilde</td></tr><tr><td><b>Forkortelse</b></td><td>Htå - Ro</td></tr><tr><td><b>Equipment</b></td><td>10803592</td></tr><tr><td><b>Datagennemgang</b></td><td>Match</td></tr><tr><td><b>Betegnelse</b></td><td>Relæhytte</td></tr><tr><td><b>Bygningsnummer</b></td><td>Htå-Ro 023710</td></tr><tr><td><b>Idriftsætt.dato</b></td><td>Tue Aug 09 2022 00:00:00 GMT+0200 (Central European Summer Time)</td></tr><tr><td><b>Producent</b></td><td>Falck</td></tr><tr><td><b>Product Serienr.</b></td><td>485942</td></tr><tr><td><b>Konstrukt. måned</b></td><td>2</td></tr><tr><td><b>Konstrukt. år</b></td><td>2022</td></tr><tr><td><b>Kilometrering</b></td><td>23.695</td></tr><tr><td><b>GPS Nord</b></td><td>55.647567000</td></tr><tr><td><b>GPS Øst</b></td><td> 12.204518000</td></tr><tr><td><b>Type</b></td><td>CO2</td></tr><tr><td><b>Størrelse (kg)</b></td><td>5kg</td></tr><tr><td><b>Vægt 2026 (kg)</b></td><td></td></tr>
</table>
]]>
</description>
  <Point>
    <coordinates> 12.204518000,55.647567000,0</coordinates>
  </Point>
</Placemark>

<Placemark>
  <name>10803594</name>
  <styleUrl>#s</styleUrl>
  <description>
<![CDATA[
<table border="1" style="border-collapse:collapse;width:100%">
<tr><td><b>Bane</b></td><td>11B</td></tr><tr><td><b>TIB</b></td><td>1</td></tr><tr><td><b>Navn</b></td><td>Høje Taastrup - Roskilde</td></tr><tr><td><b>Forkortelse</b></td><td>Htå - Ro</td></tr><tr><td><b>Equipment</b></td><td>10803594</td></tr><tr><td><b>Datagennemgang</b></td><td>Match</td></tr><tr><td><b>Betegnelse</b></td><td>Relæhus, Poppellunden</td></tr><tr><td><b>Bygningsnummer</b></td><td>Htå-Ro 022300</td></tr><tr><td><b>Idriftsætt.dato</b></td><td>Tue Aug 09 2022 00:00:00 GMT+0200 (Central European Summer Time)</td></tr><tr><td><b>Producent</b></td><td>Falck</td></tr><tr><td><b>Product Serienr.</b></td><td>485862</td></tr><tr><td><b>Konstrukt. måned</b></td><td>2</td></tr><tr><td><b>Konstrukt. år</b></td><td>2022</td></tr><tr><td><b>Kilometrering</b></td><td>22.265</td></tr><tr><td><b>GPS Nord</b></td><td> 55.644649000</td></tr><tr><td><b>GPS Øst</b></td><td> 12.226545000</td></tr><tr><td><b>Type</b></td><td>CO2</td></tr><tr><td><b>Størrelse (kg)</b></td><td>5kg</td></tr><tr><td><b>Vægt 2026 (kg)</b></td><td></td></tr>
</table>
]]>
</description>
  <Point>
    <coordinates> 12.226545000, 55.644649000,0</coordinates>
  </Point>
</Placemark>

<Placemark>
  <name>10803596</name>
  <styleUrl>#s</styleUrl>
  <description>
<![CDATA[
<table border="1" style="border-collapse:collapse;width:100%">
<tr><td><b>Bane</b></td><td>11B</td></tr><tr><td><b>TIB</b></td><td>1</td></tr><tr><td><b>Navn</b></td><td>Høje Taastrup - Roskilde</td></tr><tr><td><b>Forkortelse</b></td><td>Htå - Ro</td></tr><tr><td><b>Equipment</b></td><td>10803596</td></tr><tr><td><b>Datagennemgang</b></td><td>Match</td></tr><tr><td><b>Betegnelse</b></td><td>Relæhus</td></tr><tr><td><b>Bygningsnummer</b></td><td>Htå-Ro 023700</td></tr><tr><td><b>Idriftsætt.dato</b></td><td>Tue Aug 09 2022 00:00:00 GMT+0200 (Central European Summer Time)</td></tr><tr><td><b>Producent</b></td><td>Falck</td></tr><tr><td><b>Product Serienr.</b></td><td>485851</td></tr><tr><td><b>Konstrukt. måned</b></td><td>2</td></tr><tr><td><b>Konstrukt. år</b></td><td>2022</td></tr><tr><td><b>Kilometrering</b></td><td>23.688</td></tr><tr><td><b>GPS Nord</b></td><td> 55.647553000</td></tr><tr><td><b>GPS Øst</b></td><td> 12.204610000</td></tr><tr><td><b>Type</b></td><td>CO2</td></tr><tr><td><b>Størrelse (kg)</b></td><td>5kg</td></tr><tr><td><b>Vægt 2026 (kg)</b></td><td></td></tr>
</table>
]]>
</description>
  <Point>
    <coordinates> 12.204610000, 55.647553000,0</coordinates>
  </Point>
</Placemark>

<Placemark>
  <name>10803597</name>
  <styleUrl>#s</styleUrl>
  <description>
<![CDATA[
<table border="1" style="border-collapse:collapse;width:100%">
<tr><td><b>Bane</b></td><td>11B</td></tr><tr><td><b>TIB</b></td><td>1</td></tr><tr><td><b>Navn</b></td><td>Høje Taastrup - Roskilde</td></tr><tr><td><b>Forkortelse</b></td><td>Htå - Ro</td></tr><tr><td><b>Equipment</b></td><td>10803597</td></tr><tr><td><b>Datagennemgang</b></td><td>Match</td></tr><tr><td><b>Betegnelse</b></td><td>Relæhus</td></tr><tr><td><b>Bygningsnummer</b></td><td>Htå - Ro 05500</td></tr><tr><td><b>Idriftsætt.dato</b></td><td>Wed Aug 10 2022 00:00:00 GMT+0200 (Central European Summer Time)</td></tr><tr><td><b>Producent</b></td><td>Falck</td></tr><tr><td><b>Product Serienr.</b></td><td>486032</td></tr><tr><td><b>Konstrukt. måned</b></td><td>2</td></tr><tr><td><b>Konstrukt. år</b></td><td>2022</td></tr><tr><td><b>Kilometrering</b></td><td>25.458</td></tr><tr><td><b>GPS Nord</b></td><td> 55.650239000</td></tr><tr><td><b>GPS Øst</b></td><td> 12.177185000</td></tr><tr><td><b>Type</b></td><td>CO2</td></tr><tr><td><b>Størrelse (kg)</b></td><td>5kg</td></tr><tr><td><b>Vægt 2026 (kg)</b></td><td></td></tr>
</table>
]]>
</description>
  <Point>
    <coordinates> 12.177185000, 55.650239000,0</coordinates>
  </Point>
</Placemark>

<Placemark>
  <name>10825473</name>
  <styleUrl>#s</styleUrl>
  <description>
<![CDATA[
<table border="1" style="border-collapse:collapse;width:100%">
<tr><td><b>Bane</b></td><td>11B</td></tr><tr><td><b>TIB</b></td><td>1</td></tr><tr><td><b>Navn</b></td><td>Høje Taastrup - Rosklide</td></tr><tr><td><b>Forkortelse</b></td><td>Htå - Ro</td></tr><tr><td><b>Equipment</b></td><td>10825473</td></tr><tr><td><b>Datagennemgang</b></td><td>Match</td></tr><tr><td><b>Betegnelse</b></td><td>Relæhus</td></tr><tr><td><b>Bygningsnummer</b></td><td>Htå - Ro 026900</td></tr><tr><td><b>Idriftsætt.dato</b></td><td>Wed Aug 10 2022 00:00:00 GMT+0200 (Central European Summer Time)</td></tr><tr><td><b>Producent</b></td><td>Falck</td></tr><tr><td><b>Product Serienr.</b></td><td>486892</td></tr><tr><td><b>Konstrukt. måned</b></td><td>1</td></tr><tr><td><b>Konstrukt. år</b></td><td>2022</td></tr><tr><td><b>Kilometrering</b></td><td>26.909</td></tr><tr><td><b>GPS Nord</b></td><td> 55.648849000</td></tr><tr><td><b>GPS Øst</b></td><td> 12.154227000</td></tr><tr><td><b>Type</b></td><td>CO2</td></tr><tr><td><b>Størrelse (kg)</b></td><td>5kg</td></tr><tr><td><b>Vægt 2026 (kg)</b></td><td></td></tr>
</table>
]]>
</description>
  <Point>
    <coordinates> 12.154227000, 55.648849000,0</coordinates>
  </Point>
</Placemark>

<Placemark>
  <name>10803600</name>
  <styleUrl>#s</styleUrl>
  <description>
<![CDATA[
<table border="1" style="border-collapse:collapse;width:100%">
<tr><td><b>Bane</b></td><td>11B</td></tr><tr><td><b>TIB</b></td><td>1</td></tr><tr><td><b>Navn</b></td><td>Roskilde</td></tr><tr><td><b>Forkortelse</b></td><td>Ro</td></tr><tr><td><b>Equipment</b></td><td>10803600</td></tr><tr><td><b>Datagennemgang</b></td><td>Match</td></tr><tr><td><b>Betegnelse</b></td><td>Kommandopost 1. sal (Klima)</td></tr><tr><td><b>Bygningsnummer</b></td><td>Ro 028</td></tr><tr><td><b>Idriftsætt.dato</b></td><td>Wed Jul 27 2022 00:00:00 GMT+0200 (Central European Summer Time)</td></tr><tr><td><b>Producent</b></td><td>Falck</td></tr><tr><td><b>Product Serienr.</b></td><td>321422</td></tr><tr><td><b>Konstrukt. måned</b></td><td>1</td></tr><tr><td><b>Konstrukt. år</b></td><td>2021</td></tr><tr><td><b>Kilometrering</b></td><td>31.558</td></tr><tr><td><b>GPS Nord</b></td><td> 55.637792000</td></tr><tr><td><b>GPS Øst</b></td><td>12.084636000</td></tr><tr><td><b>Type</b></td><td>CO2</td></tr><tr><td><b>Størrelse (kg)</b></td><td>5kg</td></tr><tr><td><b>Vægt 2026 (kg)</b></td><td></td></tr>
</table>
]]>
</description>
  <Point>
    <coordinates>12.084636000, 55.637792000,0</coordinates>
  </Point>
</Placemark>

<Placemark>
  <name>10803601</name>
  <styleUrl>#s</styleUrl>
  <description>
<![CDATA[
<table border="1" style="border-collapse:collapse;width:100%">
<tr><td><b>Bane</b></td><td>11B</td></tr><tr><td><b>TIB</b></td><td>1</td></tr><tr><td><b>Navn</b></td><td>Roskilde</td></tr><tr><td><b>Forkortelse</b></td><td>Ro</td></tr><tr><td><b>Equipment</b></td><td>10803601</td></tr><tr><td><b>Datagennemgang</b></td><td>Match</td></tr><tr><td><b>Betegnelse</b></td><td>Kommandopost 2. sal (Klima)</td></tr><tr><td><b>Bygningsnummer</b></td><td>Ro 028</td></tr><tr><td><b>Idriftsætt.dato</b></td><td>Wed Jul 27 2022 00:00:00 GMT+0200 (Central European Summer Time)</td></tr><tr><td><b>Producent</b></td><td>Falck</td></tr><tr><td><b>Product Serienr.</b></td><td>321093</td></tr><tr><td><b>Konstrukt. måned</b></td><td>1</td></tr><tr><td><b>Konstrukt. år</b></td><td>2021</td></tr><tr><td><b>Kilometrering</b></td><td>31.558</td></tr><tr><td><b>GPS Nord</b></td><td> 55.637792000</td></tr><tr><td><b>GPS Øst</b></td><td>12.084636000</td></tr><tr><td><b>Type</b></td><td>CO2</td></tr><tr><td><b>Størrelse (kg)</b></td><td>5kg</td></tr><tr><td><b>Vægt 2026 (kg)</b></td><td></td></tr>
</table>
]]>
</description>
  <Point>
    <coordinates>12.084636000, 55.637792000,0</coordinates>
  </Point>
</Placemark>

<Placemark>
  <name>10803602</name>
  <styleUrl>#s</styleUrl>
  <description>
<![CDATA[
<table border="1" style="border-collapse:collapse;width:100%">
<tr><td><b>Bane</b></td><td>11B</td></tr><tr><td><b>TIB</b></td><td>1</td></tr><tr><td><b>Navn</b></td><td>Roskilde</td></tr><tr><td><b>Forkortelse</b></td><td>Ro</td></tr><tr><td><b>Equipment</b></td><td>10803602</td></tr><tr><td><b>Datagennemgang</b></td><td>Match</td></tr><tr><td><b>Betegnelse</b></td><td>KMP Tavlerum Kælder</td></tr><tr><td><b>Bygningsnummer</b></td><td>Ro 028</td></tr><tr><td><b>Idriftsætt.dato</b></td><td>Wed Jul 27 2022 00:00:00 GMT+0200 (Central European Summer Time)</td></tr><tr><td><b>Producent</b></td><td>Falck</td></tr><tr><td><b>Product Serienr.</b></td><td>322324</td></tr><tr><td><b>Konstrukt. måned</b></td><td>2</td></tr><tr><td><b>Konstrukt. år</b></td><td>2021</td></tr><tr><td><b>Kilometrering</b></td><td>31.558</td></tr><tr><td><b>GPS Nord</b></td><td> 55.637792000</td></tr><tr><td><b>GPS Øst</b></td><td>12.084636000</td></tr><tr><td><b>Type</b></td><td>CO2</td></tr><tr><td><b>Størrelse (kg)</b></td><td>5kg</td></tr><tr><td><b>Vægt 2026 (kg)</b></td><td></td></tr>
</table>
]]>
</description>
  <Point>
    <coordinates>12.084636000, 55.637792000,0</coordinates>
  </Point>
</Placemark>

<Placemark>
  <name>10803603</name>
  <styleUrl>#s</styleUrl>
  <description>
<![CDATA[
<table border="1" style="border-collapse:collapse;width:100%">
<tr><td><b>Bane</b></td><td>11B</td></tr><tr><td><b>TIB</b></td><td>1</td></tr><tr><td><b>Navn</b></td><td>Roskilde</td></tr><tr><td><b>Forkortelse</b></td><td>Ro</td></tr><tr><td><b>Equipment</b></td><td>10803603</td></tr><tr><td><b>Datagennemgang</b></td><td>Match</td></tr><tr><td><b>Betegnelse</b></td><td>KMP Batterirum Kælder</td></tr><tr><td><b>Bygningsnummer</b></td><td>Ro 028</td></tr><tr><td><b>Idriftsætt.dato</b></td><td>Wed Jul 27 2022 00:00:00 GMT+0200 (Central European Summer Time)</td></tr><tr><td><b>Producent</b></td><td>Falck</td></tr><tr><td><b>Product Serienr.</b></td><td>322405</td></tr><tr><td><b>Konstrukt. måned</b></td><td>2</td></tr><tr><td><b>Konstrukt. år</b></td><td>2021</td></tr><tr><td><b>Kilometrering</b></td><td>31.558</td></tr><tr><td><b>GPS Nord</b></td><td> 55.637792000</td></tr><tr><td><b>GPS Øst</b></td><td>12.084636000</td></tr><tr><td><b>Type</b></td><td>CO2</td></tr><tr><td><b>Størrelse (kg)</b></td><td>5kg</td></tr><tr><td><b>Vægt 2026 (kg)</b></td><td></td></tr>
</table>
]]>
</description>
  <Point>
    <coordinates>12.084636000, 55.637792000,0</coordinates>
  </Point>
</Placemark>

<Placemark>
  <name>10825472</name>
  <styleUrl>#s</styleUrl>
  <description>
<![CDATA[
<table border="1" style="border-collapse:collapse;width:100%">
<tr><td><b>Bane</b></td><td>11B</td></tr><tr><td><b>TIB</b></td><td>1</td></tr><tr><td><b>Navn</b></td><td>Roskilde</td></tr><tr><td><b>Forkortelse</b></td><td>Ro</td></tr><tr><td><b>Equipment</b></td><td>10825472</td></tr><tr><td><b>Datagennemgang</b></td><td>Match</td></tr><tr><td><b>Betegnelse</b></td><td>Relæhus</td></tr><tr><td><b>Bygningsnummer</b></td><td>Ro 030170</td></tr><tr><td><b>Idriftsætt.dato</b></td><td>Wed Aug 10 2022 00:00:00 GMT+0200 (Central European Summer Time)</td></tr><tr><td><b>Producent</b></td><td>Falck</td></tr><tr><td><b>Product Serienr.</b></td><td>321290</td></tr><tr><td><b>Konstrukt. måned</b></td><td>1</td></tr><tr><td><b>Konstrukt. år</b></td><td>2021</td></tr><tr><td><b>Kilometrering</b></td><td>30.168</td></tr><tr><td><b>GPS Nord</b></td><td> 55.644315000</td></tr><tr><td><b>GPS Øst</b></td><td> 12.103471000</td></tr><tr><td><b>Type</b></td><td>CO2</td></tr><tr><td><b>Størrelse (kg)</b></td><td>5kg</td></tr><tr><td><b>Vægt 2026 (kg)</b></td><td></td></tr>
</table>
]]>
</description>
  <Point>
    <coordinates> 12.103471000, 55.644315000,0</coordinates>
  </Point>
</Placemark>

<Placemark>
  <name>10803598</name>
  <styleUrl>#s</styleUrl>
  <description>
<![CDATA[
<table border="1" style="border-collapse:collapse;width:100%">
<tr><td><b>Bane</b></td><td>11B</td></tr><tr><td><b>TIB</b></td><td>1</td></tr><tr><td><b>Navn</b></td><td>Trekroner</td></tr><tr><td><b>Forkortelse</b></td><td>Trk</td></tr><tr><td><b>Equipment</b></td><td>10803598</td></tr><tr><td><b>Datagennemgang</b></td><td>Match</td></tr><tr><td><b>Betegnelse</b></td><td>Relæhus</td></tr><tr><td><b>Bygningsnummer</b></td><td>Trk 020</td></tr><tr><td><b>Idriftsætt.dato</b></td><td>Wed Aug 10 2022 00:00:00 GMT+0200 (Central European Summer Time)</td></tr><tr><td><b>Producent</b></td><td>Falck</td></tr><tr><td><b>Product Serienr.</b></td><td>486936</td></tr><tr><td><b>Konstrukt. måned</b></td><td>1</td></tr><tr><td><b>Konstrukt. år</b></td><td>2022</td></tr><tr><td><b>Kilometrering</b></td><td>28.581</td></tr><tr><td><b>GPS Nord</b></td><td> 55.647820000</td></tr><tr><td><b>GPS Øst</b></td><td> 12.127716000</td></tr><tr><td><b>Type</b></td><td>CO2</td></tr><tr><td><b>Størrelse (kg)</b></td><td>5kg</td></tr><tr><td><b>Vægt 2026 (kg)</b></td><td></td></tr>
</table>
]]>
</description>
  <Point>
    <coordinates> 12.127716000, 55.647820000,0</coordinates>
  </Point>
</Placemark>

<Placemark>
  <name>10803599</name>
  <styleUrl>#s</styleUrl>
  <description>
<![CDATA[
<table border="1" style="border-collapse:collapse;width:100%">
<tr><td><b>Bane</b></td><td>11B</td></tr><tr><td><b>TIB</b></td><td>1</td></tr><tr><td><b>Navn</b></td><td>Trekroner</td></tr><tr><td><b>Forkortelse</b></td><td>Trk</td></tr><tr><td><b>Equipment</b></td><td>10803599</td></tr><tr><td><b>Datagennemgang</b></td><td>Match</td></tr><tr><td><b>Betegnelse</b></td><td>Relehytte</td></tr><tr><td><b>Bygningsnummer</b></td><td>Trk 021</td></tr><tr><td><b>Idriftsætt.dato</b></td><td>Wed Aug 10 2022 00:00:00 GMT+0200 (Central European Summer Time)</td></tr><tr><td><b>Producent</b></td><td>Falck</td></tr><tr><td><b>Product Serienr.</b></td><td>485883</td></tr><tr><td><b>Konstrukt. måned</b></td><td>2</td></tr><tr><td><b>Konstrukt. år</b></td><td>2022</td></tr><tr><td><b>Kilometrering</b></td><td>28.586</td></tr><tr><td><b>GPS Nord</b></td><td> 55.647807000</td></tr><tr><td><b>GPS Øst</b></td><td> 12.127585000</td></tr><tr><td><b>Type</b></td><td>CO2</td></tr><tr><td><b>Størrelse (kg)</b></td><td>5kg</td></tr><tr><td><b>Vægt 2026 (kg)</b></td><td></td></tr>
</table>
]]>
</description>
  <Point>
    <coordinates> 12.127585000, 55.647807000,0</coordinates>
  </Point>
</Placemark>

<Placemark>
  <name>10803622</name>
  <styleUrl>#s</styleUrl>
  <description>
<![CDATA[
<table border="1" style="border-collapse:collapse;width:100%">
<tr><td><b>Bane</b></td><td>21</td></tr><tr><td><b>TIB</b></td><td>2</td></tr><tr><td><b>Navn</b></td><td>Eskilstrup</td></tr><tr><td><b>Forkortelse</b></td><td>Ek</td></tr><tr><td><b>Equipment</b></td><td>10803622</td></tr><tr><td><b>Datagennemgang</b></td><td>Match</td></tr><tr><td><b>Betegnelse</b></td><td>Relæhus</td></tr><tr><td><b>Bygningsnummer</b></td><td>Ek 006</td></tr><tr><td><b>Idriftsætt.dato</b></td><td>Wed Aug 10 2022 00:00:00 GMT+0200 (Central European Summer Time)</td></tr><tr><td><b>Producent</b></td><td>Falck</td></tr><tr><td><b>Product Serienr.</b></td><td>479160</td></tr><tr><td><b>Konstrukt. måned</b></td><td>1</td></tr><tr><td><b>Konstrukt. år</b></td><td>2022</td></tr><tr><td><b>Kilometrering</b></td><td>136.7</td></tr><tr><td><b>GPS Nord</b></td><td> 54.856308000</td></tr><tr><td><b>GPS Øst</b></td><td> 11.885627000</td></tr><tr><td><b>Type</b></td><td>CO2</td></tr><tr><td><b>Størrelse (kg)</b></td><td>5kg</td></tr><tr><td><b>Vægt 2026 (kg)</b></td><td></td></tr>
</table>
]]>
</description>
  <Point>
    <coordinates> 11.885627000, 54.856308000,0</coordinates>
  </Point>
</Placemark>

<Placemark>
  <name>10803615</name>
  <styleUrl>#s</styleUrl>
  <description>
<![CDATA[
<table border="1" style="border-collapse:collapse;width:100%">
<tr><td><b>Bane</b></td><td>21</td></tr><tr><td><b>TIB</b></td><td>2</td></tr><tr><td><b>Navn</b></td><td>Glumsø</td></tr><tr><td><b>Forkortelse</b></td><td>Gz</td></tr><tr><td><b>Equipment</b></td><td>10803615</td></tr><tr><td><b>Datagennemgang</b></td><td>Match</td></tr><tr><td><b>Betegnelse</b></td><td>Telehytte</td></tr><tr><td><b>Bygningsnummer</b></td><td>Gz 004</td></tr><tr><td><b>Idriftsætt.dato</b></td><td>Tue Aug 16 2022 00:00:00 GMT+0200 (Central European Summer Time)</td></tr><tr><td><b>Producent</b></td><td>Falck</td></tr><tr><td><b>Product Serienr.</b></td><td>479066</td></tr><tr><td><b>Konstrukt. måned</b></td><td>1</td></tr><tr><td><b>Konstrukt. år</b></td><td>2022</td></tr><tr><td><b>Kilometrering</b></td><td>75.68</td></tr><tr><td><b>GPS Nord</b></td><td> 55.353235000</td></tr><tr><td><b>GPS Øst</b></td><td> 11.695662000</td></tr><tr><td><b>Type</b></td><td>CO2</td></tr><tr><td><b>Størrelse (kg)</b></td><td>5kg</td></tr><tr><td><b>Vægt 2026 (kg)</b></td><td></td></tr>
</table>
]]>
</description>
  <Point>
    <coordinates> 11.695662000, 55.353235000,0</coordinates>
  </Point>
</Placemark>

<Placemark>
  <name>10831349</name>
  <styleUrl>#s</styleUrl>
  <description>
<![CDATA[
<table border="1" style="border-collapse:collapse;width:100%">
<tr><td><b>Bane</b></td><td>21</td></tr><tr><td><b>TIB</b></td><td>2</td></tr><tr><td><b>Navn</b></td><td>Glumsø</td></tr><tr><td><b>Forkortelse</b></td><td>Gz</td></tr><tr><td><b>Equipment</b></td><td>10831349</td></tr><tr><td><b>Datagennemgang</b></td><td>Match</td></tr><tr><td><b>Betegnelse</b></td><td>Teknisk hytte, Tyvelsevej</td></tr><tr><td><b>Bygningsnummer</b></td><td>Rg-Næ 070425</td></tr><tr><td><b>Idriftsætt.dato</b></td><td>Wed Feb 08 2023 00:00:00 GMT+0100 (Central European Standard Time)</td></tr><tr><td><b>Producent</b></td><td>Falck</td></tr><tr><td><b>Product Serienr.</b></td><td>479369</td></tr><tr><td><b>Konstrukt. måned</b></td><td>1</td></tr><tr><td><b>Konstrukt. år</b></td><td>2022</td></tr><tr><td><b>Kilometrering</b></td><td>70.36</td></tr><tr><td><b>GPS Nord</b></td><td> 55.392316000</td></tr><tr><td><b>GPS Øst</b></td><td> 11.737169000</td></tr><tr><td><b>Type</b></td><td>CO3</td></tr><tr><td><b>Størrelse (kg)</b></td><td>5kg</td></tr><tr><td><b>Vægt 2026 (kg)</b></td><td></td></tr>
</table>
]]>
</description>
  <Point>
    <coordinates> 11.737169000, 55.392316000,0</coordinates>
  </Point>
</Placemark>

<Placemark>
  <name>10831350</name>
  <styleUrl>#s</styleUrl>
  <description>
<![CDATA[
<table border="1" style="border-collapse:collapse;width:100%">
<tr><td><b>Bane</b></td><td>21</td></tr><tr><td><b>TIB</b></td><td>2</td></tr><tr><td><b>Navn</b></td><td>Glumsø</td></tr><tr><td><b>Forkortelse</b></td><td>Gz</td></tr><tr><td><b>Equipment</b></td><td>10831350</td></tr><tr><td><b>Datagennemgang</b></td><td>Match</td></tr><tr><td><b>Betegnelse</b></td><td>Teknisk hytte, Skullerupvej</td></tr><tr><td><b>Bygningsnummer</b></td><td>Rg-Næ 077879</td></tr><tr><td><b>Idriftsætt.dato</b></td><td>Thu Feb 09 2023 00:00:00 GMT+0100 (Central European Standard Time)</td></tr><tr><td><b>Producent</b></td><td>Falck</td></tr><tr><td><b>Product Serienr.</b></td><td>479213</td></tr><tr><td><b>Konstrukt. måned</b></td><td>1</td></tr><tr><td><b>Konstrukt. år</b></td><td>2022</td></tr><tr><td><b>Kilometrering</b></td><td>77.839</td></tr><tr><td><b>GPS Nord</b></td><td> 55.338216000</td></tr><tr><td><b>GPS Øst</b></td><td> 11.715721000</td></tr><tr><td><b>Type</b></td><td>CO4</td></tr><tr><td><b>Størrelse (kg)</b></td><td>5kg</td></tr><tr><td><b>Vægt 2026 (kg)</b></td><td></td></tr>
</table>
]]>
</description>
  <Point>
    <coordinates> 11.715721000, 55.338216000,0</coordinates>
  </Point>
</Placemark>

<Placemark>
  <name>10803619</name>
  <styleUrl>#s</styleUrl>
  <description>
<![CDATA[
<table border="1" style="border-collapse:collapse;width:100%">
<tr><td><b>Bane</b></td><td>21</td></tr><tr><td><b>TIB</b></td><td>2</td></tr><tr><td><b>Navn</b></td><td>Lundby</td></tr><tr><td><b>Forkortelse</b></td><td>Lu</td></tr><tr><td><b>Equipment</b></td><td>10803619</td></tr><tr><td><b>Datagennemgang</b></td><td>Match</td></tr><tr><td><b>Betegnelse</b></td><td>Relæhus</td></tr><tr><td><b>Bygningsnummer</b></td><td>Lu 011</td></tr><tr><td><b>Idriftsætt.dato</b></td><td>Thu Aug 11 2022 00:00:00 GMT+0200 (Central European Summer Time)</td></tr><tr><td><b>Producent</b></td><td>Falck</td></tr><tr><td><b>Product Serienr.</b></td><td>485898</td></tr><tr><td><b>Konstrukt. måned</b></td><td>2</td></tr><tr><td><b>Konstrukt. år</b></td><td>2022</td></tr><tr><td><b>Kilometrering</b></td><td>106.537</td></tr><tr><td><b>GPS Nord</b></td><td>55.110719000</td></tr><tr><td><b>GPS Øst</b></td><td> 11.869452000</td></tr><tr><td><b>Type</b></td><td>CO2</td></tr><tr><td><b>Størrelse (kg)</b></td><td>5kg</td></tr><tr><td><b>Vægt 2026 (kg)</b></td><td></td></tr>
</table>
]]>
</description>
  <Point>
    <coordinates> 11.869452000,55.110719000,0</coordinates>
  </Point>
</Placemark>

<Placemark>
  <name>10803616</name>
  <styleUrl>#s</styleUrl>
  <description>
<![CDATA[
<table border="1" style="border-collapse:collapse;width:100%">
<tr><td><b>Bane</b></td><td>21</td></tr><tr><td><b>TIB</b></td><td>2</td></tr><tr><td><b>Navn</b></td><td>Næstved</td></tr><tr><td><b>Forkortelse</b></td><td>Næ</td></tr><tr><td><b>Equipment</b></td><td>10803616</td></tr><tr><td><b>Datagennemgang</b></td><td>Match</td></tr><tr><td><b>Betegnelse</b></td><td>Relæhus</td></tr><tr><td><b>Bygningsnummer</b></td><td>Næ 036</td></tr><tr><td><b>Idriftsætt.dato</b></td><td>Wed Aug 10 2022 00:00:00 GMT+0200 (Central European Summer Time)</td></tr><tr><td><b>Producent</b></td><td>Falck</td></tr><tr><td><b>Product Serienr.</b></td><td>321311</td></tr><tr><td><b>Konstrukt. måned</b></td><td>1</td></tr><tr><td><b>Konstrukt. år</b></td><td>2021</td></tr><tr><td><b>Kilometrering</b></td><td>90.364</td></tr><tr><td><b>GPS Nord</b></td><td>55.234219000</td></tr><tr><td><b>GPS Øst</b></td><td> 11.765568000</td></tr><tr><td><b>Type</b></td><td>CO2</td></tr><tr><td><b>Størrelse (kg)</b></td><td>5kg</td></tr><tr><td><b>Vægt 2026 (kg)</b></td><td></td></tr>
</table>
]]>
</description>
  <Point>
    <coordinates> 11.765568000,55.234219000,0</coordinates>
  </Point>
</Placemark>

<Placemark>
  <name>10803617</name>
  <styleUrl>#s</styleUrl>
  <description>
<![CDATA[
<table border="1" style="border-collapse:collapse;width:100%">
<tr><td><b>Bane</b></td><td>21</td></tr><tr><td><b>TIB</b></td><td>2</td></tr><tr><td><b>Navn</b></td><td>Næstved</td></tr><tr><td><b>Forkortelse</b></td><td>Næ</td></tr><tr><td><b>Equipment</b></td><td>10803617</td></tr><tr><td><b>Datagennemgang</b></td><td>Match</td></tr><tr><td><b>Betegnelse</b></td><td>Relæhus</td></tr><tr><td><b>Bygningsnummer</b></td><td>Næ 038</td></tr><tr><td><b>Idriftsætt.dato</b></td><td>Wed Aug 10 2022 00:00:00 GMT+0200 (Central European Summer Time)</td></tr><tr><td><b>Producent</b></td><td>Falck</td></tr><tr><td><b>Product Serienr.</b></td><td>321436</td></tr><tr><td><b>Konstrukt. måned</b></td><td>1</td></tr><tr><td><b>Konstrukt. år</b></td><td>2021</td></tr><tr><td><b>Kilometrering</b></td><td>90.354</td></tr><tr><td><b>GPS Nord</b></td><td> 55.234325000</td></tr><tr><td><b>GPS Øst</b></td><td> 11.765397000</td></tr><tr><td><b>Type</b></td><td>CO2</td></tr><tr><td><b>Størrelse (kg)</b></td><td>5kg</td></tr><tr><td><b>Vægt 2026 (kg)</b></td><td></td></tr>
</table>
]]>
</description>
  <Point>
    <coordinates> 11.765397000, 55.234325000,0</coordinates>
  </Point>
</Placemark>

<Placemark>
  <name>10803618</name>
  <styleUrl>#s</styleUrl>
  <description>
<![CDATA[
<table border="1" style="border-collapse:collapse;width:100%">
<tr><td><b>Bane</b></td><td>21</td></tr><tr><td><b>TIB</b></td><td>2</td></tr><tr><td><b>Navn</b></td><td>Næstved</td></tr><tr><td><b>Forkortelse</b></td><td>Næ</td></tr><tr><td><b>Equipment</b></td><td>10803618</td></tr><tr><td><b>Datagennemgang</b></td><td>Match</td></tr><tr><td><b>Betegnelse</b></td><td>Relæhus</td></tr><tr><td><b>Bygningsnummer</b></td><td>Næ 037</td></tr><tr><td><b>Idriftsætt.dato</b></td><td>Wed Aug 10 2022 00:00:00 GMT+0200 (Central European Summer Time)</td></tr><tr><td><b>Producent</b></td><td>Falck</td></tr><tr><td><b>Product Serienr.</b></td><td>320583</td></tr><tr><td><b>Konstrukt. måned</b></td><td>3</td></tr><tr><td><b>Konstrukt. år</b></td><td>2021</td></tr><tr><td><b>Kilometrering</b></td><td>90.336</td></tr><tr><td><b>GPS Nord</b></td><td> 55.234410000</td></tr><tr><td><b>GPS Øst</b></td><td>11.765250000</td></tr><tr><td><b>Type</b></td><td>CO2</td></tr><tr><td><b>Størrelse (kg)</b></td><td>5kg</td></tr><tr><td><b>Vægt 2026 (kg)</b></td><td></td></tr>
</table>
]]>
</description>
  <Point>
    <coordinates>11.765250000, 55.234410000,0</coordinates>
  </Point>
</Placemark>

<Placemark>
  <name>10825470</name>
  <styleUrl>#s</styleUrl>
  <description>
<![CDATA[
<table border="1" style="border-collapse:collapse;width:100%">
<tr><td><b>Bane</b></td><td>21</td></tr><tr><td><b>TIB</b></td><td>2</td></tr><tr><td><b>Navn</b></td><td>Næstved</td></tr><tr><td><b>Forkortelse</b></td><td>Næ</td></tr><tr><td><b>Equipment</b></td><td>10825470</td></tr><tr><td><b>Datagennemgang</b></td><td>Match</td></tr><tr><td><b>Betegnelse</b></td><td>Relæhus</td></tr><tr><td><b>Bygningsnummer</b></td><td>Næ 009</td></tr><tr><td><b>Idriftsætt.dato</b></td><td>Tue Aug 16 2022 00:00:00 GMT+0200 (Central European Summer Time)</td></tr><tr><td><b>Producent</b></td><td>Falck</td></tr><tr><td><b>Product Serienr.</b></td><td>2577</td></tr><tr><td><b>Konstrukt. måned</b></td><td>3</td></tr><tr><td><b>Konstrukt. år</b></td><td>2022</td></tr><tr><td><b>Kilometrering</b></td><td>90.331</td></tr><tr><td><b>GPS Nord</b></td><td> 55.234490000</td></tr><tr><td><b>GPS Øst</b></td><td> 11.765363000</td></tr><tr><td><b>Type</b></td><td>CO2</td></tr><tr><td><b>Størrelse (kg)</b></td><td>5kg</td></tr><tr><td><b>Vægt 2026 (kg)</b></td><td></td></tr>
</table>
]]>
</description>
  <Point>
    <coordinates> 11.765363000, 55.234490000,0</coordinates>
  </Point>
</Placemark>

<Placemark>
  <name>10803621</name>
  <styleUrl>#s</styleUrl>
  <description>
<![CDATA[
<table border="1" style="border-collapse:collapse;width:100%">
<tr><td><b>Bane</b></td><td>21</td></tr><tr><td><b>TIB</b></td><td>2</td></tr><tr><td><b>Navn</b></td><td>Nørre Aslev</td></tr><tr><td><b>Forkortelse</b></td><td>Nv</td></tr><tr><td><b>Equipment</b></td><td>10803621</td></tr><tr><td><b>Datagennemgang</b></td><td>Match</td></tr><tr><td><b>Betegnelse</b></td><td>Relæhus</td></tr><tr><td><b>Bygningsnummer</b></td><td>Nv 012</td></tr><tr><td><b>Idriftsætt.dato</b></td><td>Wed Aug 10 2022 00:00:00 GMT+0200 (Central European Summer Time)</td></tr><tr><td><b>Producent</b></td><td>Falck</td></tr><tr><td><b>Product Serienr.</b></td><td>479237</td></tr><tr><td><b>Konstrukt. måned</b></td><td>1</td></tr><tr><td><b>Konstrukt. år</b></td><td>2022</td></tr><tr><td><b>Kilometrering</b></td><td>132.294</td></tr><tr><td><b>GPS Nord</b></td><td> 54.896412000</td></tr><tr><td><b>GPS Øst</b></td><td> 11.885627000</td></tr><tr><td><b>Type</b></td><td>CO2</td></tr><tr><td><b>Størrelse (kg)</b></td><td>5kg</td></tr><tr><td><b>Vægt 2026 (kg)</b></td><td></td></tr>
</table>
]]>
</description>
  <Point>
    <coordinates> 11.885627000, 54.896412000,0</coordinates>
  </Point>
</Placemark>

<Placemark>
  <name>10803623</name>
  <styleUrl>#s</styleUrl>
  <description>
<![CDATA[
<table border="1" style="border-collapse:collapse;width:100%">
<tr><td><b>Bane</b></td><td>21</td></tr><tr><td><b>TIB</b></td><td>2</td></tr><tr><td><b>Navn</b></td><td>Nykøbing Falster</td></tr><tr><td><b>Forkortelse</b></td><td>Nf</td></tr><tr><td><b>Equipment</b></td><td>10803623</td></tr><tr><td><b>Datagennemgang</b></td><td>Match</td></tr><tr><td><b>Betegnelse</b></td><td>Telecentral (Entreprise)</td></tr><tr><td><b>Bygningsnummer</b></td><td>Nf 017</td></tr><tr><td><b>Idriftsætt.dato</b></td><td>Wed Jul 06 2022 00:00:00 GMT+0200 (Central European Summer Time)</td></tr><tr><td><b>Producent</b></td><td>Falck</td></tr><tr><td><b>Product Serienr.</b></td><td>320538</td></tr><tr><td><b>Konstrukt. måned</b></td><td>3</td></tr><tr><td><b>Konstrukt. år</b></td><td>2021</td></tr><tr><td><b>Kilometrering</b></td><td>146.574</td></tr><tr><td><b>GPS Nord</b></td><td> 54.768790000</td></tr><tr><td><b>GPS Øst</b></td><td> 11.880286000</td></tr><tr><td><b>Type</b></td><td>CO2</td></tr><tr><td><b>Størrelse (kg)</b></td><td>5kg</td></tr><tr><td><b>Vægt 2026 (kg)</b></td><td></td></tr>
</table>
]]>
</description>
  <Point>
    <coordinates> 11.880286000, 54.768790000,0</coordinates>
  </Point>
</Placemark>

<Placemark>
  <name>10803624</name>
  <styleUrl>#s</styleUrl>
  <description>
<![CDATA[
<table border="1" style="border-collapse:collapse;width:100%">
<tr><td><b>Bane</b></td><td>21</td></tr><tr><td><b>TIB</b></td><td>2</td></tr><tr><td><b>Navn</b></td><td>Nykøbing Falster</td></tr><tr><td><b>Forkortelse</b></td><td>Nf</td></tr><tr><td><b>Equipment</b></td><td>10803624</td></tr><tr><td><b>Datagennemgang</b></td><td>Match</td></tr><tr><td><b>Betegnelse</b></td><td>Kommandoposten relærum</td></tr><tr><td><b>Bygningsnummer</b></td><td>Nf 017</td></tr><tr><td><b>Idriftsætt.dato</b></td><td>Wed Jul 06 2022 00:00:00 GMT+0200 (Central European Summer Time)</td></tr><tr><td><b>Producent</b></td><td>Falck</td></tr><tr><td><b>Product Serienr.</b></td><td>320899</td></tr><tr><td><b>Konstrukt. måned</b></td><td>3</td></tr><tr><td><b>Konstrukt. år</b></td><td>2021</td></tr><tr><td><b>Kilometrering</b></td><td>146.574</td></tr><tr><td><b>GPS Nord</b></td><td> 54.768802000</td></tr><tr><td><b>GPS Øst</b></td><td> 11.880332000</td></tr><tr><td><b>Type</b></td><td>CO2</td></tr><tr><td><b>Størrelse (kg)</b></td><td>5kg</td></tr><tr><td><b>Vægt 2026 (kg)</b></td><td></td></tr>
</table>
]]>
</description>
  <Point>
    <coordinates> 11.880332000, 54.768802000,0</coordinates>
  </Point>
</Placemark>

<Placemark>
  <name>10825468</name>
  <styleUrl>#s</styleUrl>
  <description>
<![CDATA[
<table border="1" style="border-collapse:collapse;width:100%">
<tr><td><b>Bane</b></td><td>21</td></tr><tr><td><b>TIB</b></td><td>2</td></tr><tr><td><b>Navn</b></td><td>Nykøbing Falster </td></tr><tr><td><b>Forkortelse</b></td><td>Nf</td></tr><tr><td><b>Equipment</b></td><td>10825468</td></tr><tr><td><b>Datagennemgang</b></td><td>Match</td></tr><tr><td><b>Betegnelse</b></td><td>Relærum 1.sal</td></tr><tr><td><b>Bygningsnummer</b></td><td>Nf 017</td></tr><tr><td><b>Idriftsætt.dato</b></td><td>Wed Jul 06 2022 00:00:00 GMT+0200 (Central European Summer Time)</td></tr><tr><td><b>Producent</b></td><td>Falck</td></tr><tr><td><b>Product Serienr.</b></td><td>322498</td></tr><tr><td><b>Konstrukt. måned</b></td><td>2</td></tr><tr><td><b>Konstrukt. år</b></td><td>2021</td></tr><tr><td><b>Kilometrering</b></td><td>146.574</td></tr><tr><td><b>GPS Nord</b></td><td> 54.768684000</td></tr><tr><td><b>GPS Øst</b></td><td> 11.880210000</td></tr><tr><td><b>Type</b></td><td>CO2</td></tr><tr><td><b>Størrelse (kg)</b></td><td>5kg</td></tr><tr><td><b>Vægt 2026 (kg)</b></td><td></td></tr>
</table>
]]>
</description>
  <Point>
    <coordinates> 11.880210000, 54.768684000,0</coordinates>
  </Point>
</Placemark>

<Placemark>
  <name>10825469</name>
  <styleUrl>#s</styleUrl>
  <description>
<![CDATA[
<table border="1" style="border-collapse:collapse;width:100%">
<tr><td><b>Bane</b></td><td>21</td></tr><tr><td><b>TIB</b></td><td>2</td></tr><tr><td><b>Navn</b></td><td>Nykøbing Falster </td></tr><tr><td><b>Forkortelse</b></td><td>Nf</td></tr><tr><td><b>Equipment</b></td><td>10825469</td></tr><tr><td><b>Datagennemgang</b></td><td>Match</td></tr><tr><td><b>Betegnelse</b></td><td>Batterirum</td></tr><tr><td><b>Bygningsnummer</b></td><td>Nf 017</td></tr><tr><td><b>Idriftsætt.dato</b></td><td>Wed Jul 06 2022 00:00:00 GMT+0200 (Central European Summer Time)</td></tr><tr><td><b>Producent</b></td><td>Falck</td></tr><tr><td><b>Product Serienr.</b></td><td>320898</td></tr><tr><td><b>Konstrukt. måned</b></td><td>3</td></tr><tr><td><b>Konstrukt. år</b></td><td>2021</td></tr><tr><td><b>Kilometrering</b></td><td>146.574</td></tr><tr><td><b>GPS Nord</b></td><td>54.768668000</td></tr><tr><td><b>GPS Øst</b></td><td> 11.880175000</td></tr><tr><td><b>Type</b></td><td>CO2</td></tr><tr><td><b>Størrelse (kg)</b></td><td>5kg</td></tr><tr><td><b>Vægt 2026 (kg)</b></td><td></td></tr>
</table>
]]>
</description>
  <Point>
    <coordinates> 11.880175000,54.768668000,0</coordinates>
  </Point>
</Placemark>

<Placemark>
  <name>10831348</name>
  <styleUrl>#s</styleUrl>
  <description>
<![CDATA[
<table border="1" style="border-collapse:collapse;width:100%">
<tr><td><b>Bane</b></td><td>21</td></tr><tr><td><b>TIB</b></td><td>2</td></tr><tr><td><b>Navn</b></td><td>Ringsted - Næstved</td></tr><tr><td><b>Forkortelse</b></td><td>Rg - Næ</td></tr><tr><td><b>Equipment</b></td><td>10831348</td></tr><tr><td><b>Datagennemgang</b></td><td>Match</td></tr><tr><td><b>Betegnelse</b></td><td>Relæhytte</td></tr><tr><td><b>Bygningsnummer</b></td><td>Rg - Næ 604</td></tr><tr><td><b>Idriftsætt.dato</b></td><td>Tue Feb 07 2023 00:00:00 GMT+0100 (Central European Standard Time)</td></tr><tr><td><b>Producent</b></td><td>Falck</td></tr><tr><td><b>Product Serienr.</b></td><td>479126</td></tr><tr><td><b>Konstrukt. måned</b></td><td>1</td></tr><tr><td><b>Konstrukt. år</b></td><td>2022</td></tr><tr><td><b>Kilometrering</b></td><td>84.4</td></tr><tr><td><b>GPS Nord</b></td><td> 55.427154000</td></tr><tr><td><b>GPS Øst</b></td><td> 11.759579000</td></tr><tr><td><b>Type</b></td><td>CO2</td></tr><tr><td><b>Størrelse (kg)</b></td><td>5kg</td></tr><tr><td><b>Vægt 2026 (kg)</b></td><td></td></tr>
</table>
]]>
</description>
  <Point>
    <coordinates> 11.759579000, 55.427154000,0</coordinates>
  </Point>
</Placemark>

<Placemark>
  <name>10831351</name>
  <styleUrl>#s</styleUrl>
  <description>
<![CDATA[
<table border="1" style="border-collapse:collapse;width:100%">
<tr><td><b>Bane</b></td><td>21</td></tr><tr><td><b>TIB</b></td><td>2</td></tr><tr><td><b>Navn</b></td><td>Ringsted - Næstved</td></tr><tr><td><b>Forkortelse</b></td><td>Rg - Næ</td></tr><tr><td><b>Equipment</b></td><td>10831351</td></tr><tr><td><b>Datagennemgang</b></td><td>Match</td></tr><tr><td><b>Betegnelse</b></td><td>Teknisk hytte, Kalbyrisvej</td></tr><tr><td><b>Bygningsnummer</b></td><td>Rg-Næ 089461</td></tr><tr><td><b>Idriftsætt.dato</b></td><td>Fri Feb 10 2023 00:00:00 GMT+0100 (Central European Standard Time)</td></tr><tr><td><b>Producent</b></td><td>Falck</td></tr><tr><td><b>Product Serienr.</b></td><td>479122</td></tr><tr><td><b>Konstrukt. måned</b></td><td>1</td></tr><tr><td><b>Konstrukt. år</b></td><td>2022</td></tr><tr><td><b>Kilometrering</b></td><td>68.4</td></tr><tr><td><b>GPS Nord</b></td><td> 55.242224000</td></tr><tr><td><b>GPS Øst</b></td><td> 11.760786000</td></tr><tr><td><b>Type</b></td><td>CO2</td></tr><tr><td><b>Størrelse (kg)</b></td><td>5kg</td></tr><tr><td><b>Vægt 2026 (kg)</b></td><td></td></tr>
</table>
]]>
</description>
  <Point>
    <coordinates> 11.760786000, 55.242224000,0</coordinates>
  </Point>
</Placemark>

<Placemark>
  <name>10831352</name>
  <styleUrl>#s</styleUrl>
  <description>
<![CDATA[
<table border="1" style="border-collapse:collapse;width:100%">
<tr><td><b>Bane</b></td><td>21</td></tr><tr><td><b>TIB</b></td><td>2</td></tr><tr><td><b>Navn</b></td><td>Ringsted - Næstved</td></tr><tr><td><b>Forkortelse</b></td><td>Rg - Næ</td></tr><tr><td><b>Equipment</b></td><td>10831352</td></tr><tr><td><b>Datagennemgang</b></td><td>Match</td></tr><tr><td><b>Betegnelse</b></td><td>Relæhytte</td></tr><tr><td><b>Bygningsnummer</b></td><td>Rg - Næ 604</td></tr><tr><td><b>Idriftsætt.dato</b></td><td>Sat Feb 11 2023 00:00:00 GMT+0100 (Central European Standard Time)</td></tr><tr><td><b>Producent</b></td><td>Falck</td></tr><tr><td><b>Product Serienr.</b></td><td>479047</td></tr><tr><td><b>Konstrukt. måned</b></td><td>1</td></tr><tr><td><b>Konstrukt. år</b></td><td>2022</td></tr><tr><td><b>Kilometrering</b></td><td>66.3</td></tr><tr><td><b>GPS Nord</b></td><td> 55.427132000</td></tr><tr><td><b>GPS Øst</b></td><td> 11.759568000</td></tr><tr><td><b>Type</b></td><td>CO2</td></tr><tr><td><b>Størrelse (kg)</b></td><td>5kg</td></tr><tr><td><b>Vægt 2026 (kg)</b></td><td></td></tr>
</table>
]]>
</description>
  <Point>
    <coordinates> 11.759568000, 55.427132000,0</coordinates>
  </Point>
</Placemark>

<Placemark>
  <name>10803620</name>
  <styleUrl>#s</styleUrl>
  <description>
<![CDATA[
<table border="1" style="border-collapse:collapse;width:100%">
<tr><td><b>Bane</b></td><td>21</td></tr><tr><td><b>TIB</b></td><td>2</td></tr><tr><td><b>Navn</b></td><td>Vordingborg</td></tr><tr><td><b>Forkortelse</b></td><td>Vo</td></tr><tr><td><b>Equipment</b></td><td>10803620</td></tr><tr><td><b>Datagennemgang</b></td><td>Match</td></tr><tr><td><b>Betegnelse</b></td><td>Relæhus</td></tr><tr><td><b>Bygningsnummer</b></td><td>Vo 009</td></tr><tr><td><b>Idriftsætt.dato</b></td><td>Wed Aug 10 2022 00:00:00 GMT+0200 (Central European Summer Time)</td></tr><tr><td><b>Producent</b></td><td>Falck</td></tr><tr><td><b>Product Serienr.</b></td><td>486874</td></tr><tr><td><b>Konstrukt. måned</b></td><td>1</td></tr><tr><td><b>Konstrukt. år</b></td><td>2022</td></tr><tr><td><b>Kilometrering</b></td><td>118.12</td></tr><tr><td><b>GPS Nord</b></td><td> 55.012384000</td></tr><tr><td><b>GPS Øst</b></td><td> 11.899951000</td></tr><tr><td><b>Type</b></td><td>CO2</td></tr><tr><td><b>Størrelse (kg)</b></td><td>5kg</td></tr><tr><td><b>Vægt 2026 (kg)</b></td><td></td></tr>
</table>
]]>
</description>
  <Point>
    <coordinates> 11.899951000, 55.012384000,0</coordinates>
  </Point>
</Placemark>

<Placemark>
  <name>10803626</name>
  <styleUrl>#s</styleUrl>
  <description>
<![CDATA[
<table border="1" style="border-collapse:collapse;width:100%">
<tr><td><b>Bane</b></td><td>22</td></tr><tr><td><b>TIB</b></td><td>2</td></tr><tr><td><b>Navn</b></td><td>Rødby Færge</td></tr><tr><td><b>Forkortelse</b></td><td>Rf</td></tr><tr><td><b>Equipment</b></td><td>10803626</td></tr><tr><td><b>Datagennemgang</b></td><td>Match</td></tr><tr><td><b>Betegnelse</b></td><td>UPS rum</td></tr><tr><td><b>Bygningsnummer</b></td><td>Scandlines</td></tr><tr><td><b>Idriftsætt.dato</b></td><td>Tue Jul 05 2022 00:00:00 GMT+0200 (Central European Summer Time)</td></tr><tr><td><b>Producent</b></td><td>Falck</td></tr><tr><td><b>Product Serienr.</b></td><td>321120</td></tr><tr><td><b>Konstrukt. måned</b></td><td>1</td></tr><tr><td><b>Konstrukt. år</b></td><td>2021</td></tr><tr><td><b>Kilometrering</b></td><td>183.403</td></tr><tr><td><b>GPS Nord</b></td><td> 54.654448000</td></tr><tr><td><b>GPS Øst</b></td><td> 11.352558000</td></tr><tr><td><b>Type</b></td><td>CO2</td></tr><tr><td><b>Størrelse (kg)</b></td><td>5kg</td></tr><tr><td><b>Vægt 2026 (kg)</b></td><td></td></tr>
</table>
]]>
</description>
  <Point>
    <coordinates> 11.352558000, 54.654448000,0</coordinates>
  </Point>
</Placemark>

<Placemark>
  <name>10825476</name>
  <styleUrl>#s</styleUrl>
  <description>
<![CDATA[
<table border="1" style="border-collapse:collapse;width:100%">
<tr><td><b>Bane</b></td><td>22</td></tr><tr><td><b>TIB</b></td><td>2</td></tr><tr><td><b>Navn</b></td><td>Rødby Færge</td></tr><tr><td><b>Forkortelse</b></td><td>Rf</td></tr><tr><td><b>Equipment</b></td><td>10825476</td></tr><tr><td><b>Datagennemgang</b></td><td>Match</td></tr><tr><td><b>Betegnelse</b></td><td>Telerum</td></tr><tr><td><b>Bygningsnummer</b></td><td>Scandlines</td></tr><tr><td><b>Idriftsætt.dato</b></td><td>Tue Jul 05 2022 00:00:00 GMT+0200 (Central European Summer Time)</td></tr><tr><td><b>Producent</b></td><td>Falck</td></tr><tr><td><b>Product Serienr.</b></td><td>320916</td></tr><tr><td><b>Konstrukt. måned</b></td><td>3</td></tr><tr><td><b>Konstrukt. år</b></td><td>2021</td></tr><tr><td><b>Kilometrering</b></td><td>183.399</td></tr><tr><td><b>GPS Nord</b></td><td> 54.654399000</td></tr><tr><td><b>GPS Øst</b></td><td> 11.352595000</td></tr><tr><td><b>Type</b></td><td>CO2</td></tr><tr><td><b>Størrelse (kg)</b></td><td>5kg</td></tr><tr><td><b>Vægt 2026 (kg)</b></td><td></td></tr>
</table>
]]>
</description>
  <Point>
    <coordinates> 11.352595000, 54.654399000,0</coordinates>
  </Point>
</Placemark>

<Placemark>
  <name>10825474</name>
  <styleUrl>#s</styleUrl>
  <description>
<![CDATA[
<table border="1" style="border-collapse:collapse;width:100%">
<tr><td><b>Bane</b></td><td>22</td></tr><tr><td><b>TIB</b></td><td>2</td></tr><tr><td><b>Navn</b></td><td>Rødby Færge</td></tr><tr><td><b>Forkortelse</b></td><td>Rf</td></tr><tr><td><b>Equipment</b></td><td>10825474</td></tr><tr><td><b>Datagennemgang</b></td><td>Match</td></tr><tr><td><b>Betegnelse</b></td><td>Generatorrum</td></tr><tr><td><b>Bygningsnummer</b></td><td>Scandlines</td></tr><tr><td><b>Idriftsætt.dato</b></td><td>Wed Jul 06 2022 00:00:00 GMT+0200 (Central European Summer Time)</td></tr><tr><td><b>Producent</b></td><td>Falck</td></tr><tr><td><b>Product Serienr.</b></td><td>321089</td></tr><tr><td><b>Konstrukt. måned</b></td><td>1</td></tr><tr><td><b>Konstrukt. år</b></td><td>2021</td></tr><tr><td><b>Kilometrering</b></td><td>183.399</td></tr><tr><td><b>GPS Nord</b></td><td>54.654465000</td></tr><tr><td><b>GPS Øst</b></td><td> 11.352591000</td></tr><tr><td><b>Type</b></td><td>CO2</td></tr><tr><td><b>Størrelse (kg)</b></td><td>5kg</td></tr><tr><td><b>Vægt 2026 (kg)</b></td><td></td></tr>
</table>
]]>
</description>
  <Point>
    <coordinates> 11.352591000,54.654465000,0</coordinates>
  </Point>
</Placemark>

<Placemark>
  <name>10825475</name>
  <styleUrl>#s</styleUrl>
  <description>
<![CDATA[
<table border="1" style="border-collapse:collapse;width:100%">
<tr><td><b>Bane</b></td><td>22</td></tr><tr><td><b>TIB</b></td><td>2</td></tr><tr><td><b>Navn</b></td><td>Rødby Færge</td></tr><tr><td><b>Forkortelse</b></td><td>Rf</td></tr><tr><td><b>Equipment</b></td><td>10825475</td></tr><tr><td><b>Datagennemgang</b></td><td>Match</td></tr><tr><td><b>Betegnelse</b></td><td>Rum</td></tr><tr><td><b>Bygningsnummer</b></td><td>Scandlines</td></tr><tr><td><b>Idriftsætt.dato</b></td><td>Wed Jul 06 2022 00:00:00 GMT+0200 (Central European Summer Time)</td></tr><tr><td><b>Producent</b></td><td>Falck</td></tr><tr><td><b>Product Serienr.</b></td><td>320592</td></tr><tr><td><b>Konstrukt. måned</b></td><td>3</td></tr><tr><td><b>Konstrukt. år</b></td><td>2021</td></tr><tr><td><b>Kilometrering</b></td><td>183.399</td></tr><tr><td><b>GPS Nord</b></td><td>54.654465000</td></tr><tr><td><b>GPS Øst</b></td><td> 11.352591000</td></tr><tr><td><b>Type</b></td><td>CO2</td></tr><tr><td><b>Størrelse (kg)</b></td><td>5kg</td></tr><tr><td><b>Vægt 2026 (kg)</b></td><td></td></tr>
</table>
]]>
</description>
  <Point>
    <coordinates> 11.352591000,54.654465000,0</coordinates>
  </Point>
</Placemark>

<Placemark>
  <name>10803627</name>
  <styleUrl>#s</styleUrl>
  <description>
<![CDATA[
<table border="1" style="border-collapse:collapse;width:100%">
<tr><td><b>Bane</b></td><td>40</td></tr><tr><td><b>TIB</b></td><td>4</td></tr><tr><td><b>Navn</b></td><td>Gadstrup</td></tr><tr><td><b>Forkortelse</b></td><td>Gt</td></tr><tr><td><b>Equipment</b></td><td>10803627</td></tr><tr><td><b>Datagennemgang</b></td><td>Match</td></tr><tr><td><b>Betegnelse</b></td><td>Relæhus</td></tr><tr><td><b>Bygningsnummer</b></td><td>Gt 005</td></tr><tr><td><b>Idriftsætt.dato</b></td><td>Thu Aug 11 2022 00:00:00 GMT+0200 (Central European Summer Time)</td></tr><tr><td><b>Producent</b></td><td>Falck</td></tr><tr><td><b>Product Serienr.</b></td><td>485913</td></tr><tr><td><b>Konstrukt. måned</b></td><td>2</td></tr><tr><td><b>Konstrukt. år</b></td><td>2022</td></tr><tr><td><b>Kilometrering</b></td><td>39.776</td></tr><tr><td><b>GPS Nord</b></td><td> 55.569994000</td></tr><tr><td><b>GPS Øst</b></td><td> 12.101275000</td></tr><tr><td><b>Type</b></td><td>CO2</td></tr><tr><td><b>Størrelse (kg)</b></td><td>5kg</td></tr><tr><td><b>Vægt 2026 (kg)</b></td><td></td></tr>
</table>
]]>
</description>
  <Point>
    <coordinates> 12.101275000, 55.569994000,0</coordinates>
  </Point>
</Placemark>

<Placemark>
  <name>10803628</name>
  <styleUrl>#s</styleUrl>
  <description>
<![CDATA[
<table border="1" style="border-collapse:collapse;width:100%">
<tr><td><b>Bane</b></td><td>40</td></tr><tr><td><b>TIB</b></td><td>4</td></tr><tr><td><b>Navn</b></td><td>Gadstrup</td></tr><tr><td><b>Forkortelse</b></td><td>Gt</td></tr><tr><td><b>Equipment</b></td><td>10803628</td></tr><tr><td><b>Datagennemgang</b></td><td>Match</td></tr><tr><td><b>Betegnelse</b></td><td>Relæhytte</td></tr><tr><td><b>Bygningsnummer</b></td><td>Gt 007</td></tr><tr><td><b>Idriftsætt.dato</b></td><td>Fri Aug 12 2022 00:00:00 GMT+0200 (Central European Summer Time)</td></tr><tr><td><b>Producent</b></td><td>Falck</td></tr><tr><td><b>Product Serienr.</b></td><td>487571</td></tr><tr><td><b>Konstrukt. måned</b></td><td>1</td></tr><tr><td><b>Konstrukt. år</b></td><td>2022</td></tr><tr><td><b>Kilometrering</b></td><td>39.111</td></tr><tr><td><b>GPS Nord</b></td><td> 55.575601000</td></tr><tr><td><b>GPS Øst</b></td><td> 12.097899000</td></tr><tr><td><b>Type</b></td><td>CO2</td></tr><tr><td><b>Størrelse (kg)</b></td><td>5kg</td></tr><tr><td><b>Vægt 2026 (kg)</b></td><td></td></tr>
</table>
]]>
</description>
  <Point>
    <coordinates> 12.097899000, 55.575601000,0</coordinates>
  </Point>
</Placemark>

<Placemark>
  <name>10803638</name>
  <styleUrl>#s</styleUrl>
  <description>
<![CDATA[
<table border="1" style="border-collapse:collapse;width:100%">
<tr><td><b>Bane</b></td><td>40</td></tr><tr><td><b>TIB</b></td><td>4</td></tr><tr><td><b>Navn</b></td><td>Haslev</td></tr><tr><td><b>Forkortelse</b></td><td>Hz</td></tr><tr><td><b>Equipment</b></td><td>10803638</td></tr><tr><td><b>Datagennemgang</b></td><td>Match</td></tr><tr><td><b>Betegnelse</b></td><td>Relæhus</td></tr><tr><td><b>Bygningsnummer</b></td><td>Hz 012</td></tr><tr><td><b>Idriftsætt.dato</b></td><td>Tue Aug 16 2022 00:00:00 GMT+0200 (Central European Summer Time)</td></tr><tr><td><b>Producent</b></td><td>Falck</td></tr><tr><td><b>Product Serienr.</b></td><td>478987</td></tr><tr><td><b>Konstrukt. måned</b></td><td>1</td></tr><tr><td><b>Konstrukt. år</b></td><td>2022</td></tr><tr><td><b>Kilometrering</b></td><td>73.997</td></tr><tr><td><b>GPS Nord</b></td><td> 55.331395000</td></tr><tr><td><b>GPS Øst</b></td><td> 11.965801000</td></tr><tr><td><b>Type</b></td><td>CO2</td></tr><tr><td><b>Størrelse (kg)</b></td><td>5kg</td></tr><tr><td><b>Vægt 2026 (kg)</b></td><td></td></tr>
</table>
]]>
</description>
  <Point>
    <coordinates> 11.965801000, 55.331395000,0</coordinates>
  </Point>
</Placemark>

<Placemark>
  <name>10803629</name>
  <styleUrl>#s</styleUrl>
  <description>
<![CDATA[
<table border="1" style="border-collapse:collapse;width:100%">
<tr><td><b>Bane</b></td><td>40</td></tr><tr><td><b>TIB</b></td><td>4</td></tr><tr><td><b>Navn</b></td><td>Havdrup</td></tr><tr><td><b>Forkortelse</b></td><td>Hd</td></tr><tr><td><b>Equipment</b></td><td>10803629</td></tr><tr><td><b>Datagennemgang</b></td><td>Match</td></tr><tr><td><b>Betegnelse</b></td><td>Relæhus</td></tr><tr><td><b>Bygningsnummer</b></td><td>Hd 009</td></tr><tr><td><b>Idriftsætt.dato</b></td><td>Thu Aug 11 2022 00:00:00 GMT+0200 (Central European Summer Time)</td></tr><tr><td><b>Producent</b></td><td>Falck</td></tr><tr><td><b>Product Serienr.</b></td><td>487112</td></tr><tr><td><b>Konstrukt. måned</b></td><td>1</td></tr><tr><td><b>Konstrukt. år</b></td><td>2022</td></tr><tr><td><b>Kilometrering</b></td><td>43.174</td></tr><tr><td><b>GPS Nord</b></td><td>55.541178000</td></tr><tr><td><b>GPS Øst</b></td><td>12.118726000</td></tr><tr><td><b>Type</b></td><td>CO2</td></tr><tr><td><b>Størrelse (kg)</b></td><td>5kg</td></tr><tr><td><b>Vægt 2026 (kg)</b></td><td></td></tr>
</table>
]]>
</description>
  <Point>
    <coordinates>12.118726000,55.541178000,0</coordinates>
  </Point>
</Placemark>

<Placemark>
  <name>10803634</name>
  <styleUrl>#s</styleUrl>
  <description>
<![CDATA[
<table border="1" style="border-collapse:collapse;width:100%">
<tr><td><b>Bane</b></td><td>40</td></tr><tr><td><b>TIB</b></td><td>4</td></tr><tr><td><b>Navn</b></td><td>Herfølge </td></tr><tr><td><b>Forkortelse</b></td><td>Hf</td></tr><tr><td><b>Equipment</b></td><td>10803634</td></tr><tr><td><b>Datagennemgang</b></td><td>Match</td></tr><tr><td><b>Betegnelse</b></td><td>Relæhus</td></tr><tr><td><b>Bygningsnummer</b></td><td>Hf 008</td></tr><tr><td><b>Idriftsætt.dato</b></td><td>Tue Aug 09 2022 00:00:00 GMT+0200 (Central European Summer Time)</td></tr><tr><td><b>Producent</b></td><td>Falck</td></tr><tr><td><b>Product Serienr.</b></td><td>487115</td></tr><tr><td><b>Konstrukt. måned</b></td><td>1</td></tr><tr><td><b>Konstrukt. år</b></td><td>2021</td></tr><tr><td><b>Kilometrering</b></td><td>59.497</td></tr><tr><td><b>GPS Nord</b></td><td> 55.415836000</td></tr><tr><td><b>GPS Øst</b></td><td> 12.134794000</td></tr><tr><td><b>Type</b></td><td>CO2</td></tr><tr><td><b>Størrelse (kg)</b></td><td>5kg</td></tr><tr><td><b>Vægt 2026 (kg)</b></td><td></td></tr>
</table>
]]>
</description>
  <Point>
    <coordinates> 12.134794000, 55.415836000,0</coordinates>
  </Point>
</Placemark>

<Placemark>
  <name>10803640</name>
  <styleUrl>#s</styleUrl>
  <description>
<![CDATA[
<table border="1" style="border-collapse:collapse;width:100%">
<tr><td><b>Bane</b></td><td>40</td></tr><tr><td><b>TIB</b></td><td>4</td></tr><tr><td><b>Navn</b></td><td>Holme-Olstrup</td></tr><tr><td><b>Forkortelse</b></td><td>Ol</td></tr><tr><td><b>Equipment</b></td><td>10803640</td></tr><tr><td><b>Datagennemgang</b></td><td>Match</td></tr><tr><td><b>Betegnelse</b></td><td>Relæhytte</td></tr><tr><td><b>Bygningsnummer</b></td><td>Ol 003</td></tr><tr><td><b>Idriftsætt.dato</b></td><td>Tue Aug 16 2022 00:00:00 GMT+0200 (Central European Summer Time)</td></tr><tr><td><b>Producent</b></td><td>Falck</td></tr><tr><td><b>Product Serienr.</b></td><td>479062</td></tr><tr><td><b>Konstrukt. måned</b></td><td>1</td></tr><tr><td><b>Konstrukt. år</b></td><td>2022</td></tr><tr><td><b>Kilometrering</b></td><td>85.344</td></tr><tr><td><b>GPS Nord</b></td><td> 55.260382000</td></tr><tr><td><b>GPS Øst</b></td><td> 11.847028000</td></tr><tr><td><b>Type</b></td><td>CO2</td></tr><tr><td><b>Størrelse (kg)</b></td><td>5kg</td></tr><tr><td><b>Vægt 2026 (kg)</b></td><td></td></tr>
</table>
]]>
</description>
  <Point>
    <coordinates> 11.847028000, 55.260382000,0</coordinates>
  </Point>
</Placemark>

<Placemark>
  <name>10803641</name>
  <styleUrl>#s</styleUrl>
  <description>
<![CDATA[
<table border="1" style="border-collapse:collapse;width:100%">
<tr><td><b>Bane</b></td><td>40</td></tr><tr><td><b>TIB</b></td><td>4</td></tr><tr><td><b>Navn</b></td><td>Holme-Olstrup</td></tr><tr><td><b>Forkortelse</b></td><td>Ol</td></tr><tr><td><b>Equipment</b></td><td>10803641</td></tr><tr><td><b>Datagennemgang</b></td><td>Match</td></tr><tr><td><b>Betegnelse</b></td><td>Relæhus</td></tr><tr><td><b>Bygningsnummer</b></td><td>Ol 004</td></tr><tr><td><b>Idriftsætt.dato</b></td><td>Tue Aug 16 2022 00:00:00 GMT+0200 (Central European Summer Time)</td></tr><tr><td><b>Producent</b></td><td>Falck</td></tr><tr><td><b>Product Serienr.</b></td><td>479102</td></tr><tr><td><b>Konstrukt. måned</b></td><td>1</td></tr><tr><td><b>Konstrukt. år</b></td><td>2022</td></tr><tr><td><b>Kilometrering</b></td><td>84.817</td></tr><tr><td><b>GPS Nord</b></td><td>55.262831000</td></tr><tr><td><b>GPS Øst</b></td><td> 11.855113000</td></tr><tr><td><b>Type</b></td><td>CO2</td></tr><tr><td><b>Størrelse (kg)</b></td><td>5kg</td></tr><tr><td><b>Vægt 2026 (kg)</b></td><td></td></tr>
</table>
]]>
</description>
  <Point>
    <coordinates> 11.855113000,55.262831000,0</coordinates>
  </Point>
</Placemark>

<Placemark>
  <name>10803633</name>
  <styleUrl>#s</styleUrl>
  <description>
<![CDATA[
<table border="1" style="border-collapse:collapse;width:100%">
<tr><td><b>Bane</b></td><td>40</td></tr><tr><td><b>TIB</b></td><td>4</td></tr><tr><td><b>Navn</b></td><td>Køge</td></tr><tr><td><b>Forkortelse</b></td><td>Kj</td></tr><tr><td><b>Equipment</b></td><td>10803633</td></tr><tr><td><b>Datagennemgang</b></td><td>Match</td></tr><tr><td><b>Betegnelse</b></td><td>Relæhus</td></tr><tr><td><b>Bygningsnummer</b></td><td>Kj 014</td></tr><tr><td><b>Idriftsætt.dato</b></td><td>Tue Aug 09 2022 00:00:00 GMT+0200 (Central European Summer Time)</td></tr><tr><td><b>Producent</b></td><td>Falck</td></tr><tr><td><b>Product Serienr.</b></td><td>479203</td></tr><tr><td><b>Konstrukt. måned</b></td><td>1</td></tr><tr><td><b>Konstrukt. år</b></td><td>2021</td></tr><tr><td><b>Kilometrering</b></td><td>53.381</td></tr><tr><td><b>GPS Nord</b></td><td> 55.459857000</td></tr><tr><td><b>GPS Øst</b></td><td> 12.187664000</td></tr><tr><td><b>Type</b></td><td>CO2</td></tr><tr><td><b>Størrelse (kg)</b></td><td>5kg</td></tr><tr><td><b>Vægt 2026 (kg)</b></td><td></td></tr>
</table>
]]>
</description>
  <Point>
    <coordinates> 12.187664000, 55.459857000,0</coordinates>
  </Point>
</Placemark>

<Placemark>
  <name>10825466</name>
  <styleUrl>#s</styleUrl>
  <description>
<![CDATA[
<table border="1" style="border-collapse:collapse;width:100%">
<tr><td><b>Bane</b></td><td>40</td></tr><tr><td><b>TIB</b></td><td>4</td></tr><tr><td><b>Navn</b></td><td>Køge</td></tr><tr><td><b>Forkortelse</b></td><td>Kj</td></tr><tr><td><b>Equipment</b></td><td>10825466</td></tr><tr><td><b>Datagennemgang</b></td><td>Match</td></tr><tr><td><b>Betegnelse</b></td><td>Velfærds Rum</td></tr><tr><td><b>Bygningsnummer</b></td><td>Kj 013</td></tr><tr><td><b>Idriftsætt.dato</b></td><td>Fri Aug 12 2022 00:00:00 GMT+0200 (Central European Summer Time)</td></tr><tr><td><b>Producent</b></td><td>Falck</td></tr><tr><td><b>Product Serienr.</b></td><td>487132</td></tr><tr><td><b>Konstrukt. måned</b></td><td>2</td></tr><tr><td><b>Konstrukt. år</b></td><td>2022</td></tr><tr><td><b>Kilometrering</b></td><td>53.361</td></tr><tr><td><b>GPS Nord</b></td><td>55.460175000</td></tr><tr><td><b>GPS Øst</b></td><td> 12.187756000</td></tr><tr><td><b>Type</b></td><td>CO2</td></tr><tr><td><b>Størrelse (kg)</b></td><td>5kg</td></tr><tr><td><b>Vægt 2026 (kg)</b></td><td></td></tr>
</table>
]]>
</description>
  <Point>
    <coordinates> 12.187756000,55.460175000,0</coordinates>
  </Point>
</Placemark>

<Placemark>
  <name>10825467</name>
  <styleUrl>#s</styleUrl>
  <description>
<![CDATA[
<table border="1" style="border-collapse:collapse;width:100%">
<tr><td><b>Bane</b></td><td>40</td></tr><tr><td><b>TIB</b></td><td>4</td></tr><tr><td><b>Navn</b></td><td>Køge</td></tr><tr><td><b>Forkortelse</b></td><td>Kj</td></tr><tr><td><b>Equipment</b></td><td>10825467</td></tr><tr><td><b>Datagennemgang</b></td><td>Match</td></tr><tr><td><b>Betegnelse</b></td><td>IT Rum</td></tr><tr><td><b>Bygningsnummer</b></td><td>Kj 013</td></tr><tr><td><b>Idriftsætt.dato</b></td><td>Fri Aug 12 2022 00:00:00 GMT+0200 (Central European Summer Time)</td></tr><tr><td><b>Producent</b></td><td>Falck</td></tr><tr><td><b>Product Serienr.</b></td><td>485890</td></tr><tr><td><b>Konstrukt. måned</b></td><td>2</td></tr><tr><td><b>Konstrukt. år</b></td><td>2022</td></tr><tr><td><b>Kilometrering</b></td><td>53.349</td></tr><tr><td><b>GPS Nord</b></td><td> 55.460301000</td></tr><tr><td><b>GPS Øst</b></td><td> 12.187752000</td></tr><tr><td><b>Type</b></td><td>CO2</td></tr><tr><td><b>Størrelse (kg)</b></td><td>5kg</td></tr><tr><td><b>Vægt 2026 (kg)</b></td><td></td></tr>
</table>
]]>
</description>
  <Point>
    <coordinates> 12.187752000, 55.460301000,0</coordinates>
  </Point>
</Placemark>

<Placemark>
  <name>10825485</name>
  <styleUrl>#s</styleUrl>
  <description>
<![CDATA[
<table border="1" style="border-collapse:collapse;width:100%">
<tr><td><b>Bane</b></td><td>40</td></tr><tr><td><b>TIB</b></td><td>4</td></tr><tr><td><b>Navn</b></td><td>Køge</td></tr><tr><td><b>Forkortelse</b></td><td>Kj</td></tr><tr><td><b>Equipment</b></td><td>10825485</td></tr><tr><td><b>Datagennemgang</b></td><td>Match</td></tr><tr><td><b>Betegnelse</b></td><td>UPS rum</td></tr><tr><td><b>Bygningsnummer</b></td><td>Kj 013</td></tr><tr><td><b>Idriftsætt.dato</b></td><td>Fri Aug 26 2022 00:00:00 GMT+0200 (Central European Summer Time)</td></tr><tr><td><b>Producent</b></td><td>Falck</td></tr><tr><td><b>Product Serienr.</b></td><td>321126</td></tr><tr><td><b>Konstrukt. måned</b></td><td>1</td></tr><tr><td><b>Konstrukt. år</b></td><td>2021</td></tr><tr><td><b>Kilometrering</b></td><td>53.39</td></tr><tr><td><b>GPS Nord</b></td><td> 55.459878000</td></tr><tr><td><b>GPS Øst</b></td><td> 12.187714000</td></tr><tr><td><b>Type</b></td><td>CO2</td></tr><tr><td><b>Størrelse (kg)</b></td><td>5kg</td></tr><tr><td><b>Vægt 2026 (kg)</b></td><td></td></tr>
</table>
]]>
</description>
  <Point>
    <coordinates> 12.187714000, 55.459878000,0</coordinates>
  </Point>
</Placemark>

<Placemark>
  <name>10803631</name>
  <styleUrl>#s</styleUrl>
  <description>
<![CDATA[
<table border="1" style="border-collapse:collapse;width:100%">
<tr><td><b>Bane</b></td><td>40</td></tr><tr><td><b>TIB</b></td><td>4</td></tr><tr><td><b>Navn</b></td><td>Lille Skensved</td></tr><tr><td><b>Forkortelse</b></td><td>Lw</td></tr><tr><td><b>Equipment</b></td><td>10803631</td></tr><tr><td><b>Datagennemgang</b></td><td>Match</td></tr><tr><td><b>Betegnelse</b></td><td>Relæhus</td></tr><tr><td><b>Bygningsnummer</b></td><td>Lw 006</td></tr><tr><td><b>Idriftsætt.dato</b></td><td>Tue Aug 09 2022 00:00:00 GMT+0200 (Central European Summer Time)</td></tr><tr><td><b>Producent</b></td><td>Falck</td></tr><tr><td><b>Product Serienr.</b></td><td>486975</td></tr><tr><td><b>Konstrukt. måned</b></td><td>1</td></tr><tr><td><b>Konstrukt. år</b></td><td>2022</td></tr><tr><td><b>Kilometrering</b></td><td>47.19</td></tr><tr><td><b>GPS Nord</b></td><td> 55.508595000</td></tr><tr><td><b>GPS Øst</b></td><td> 12.144740000</td></tr><tr><td><b>Type</b></td><td>CO2</td></tr><tr><td><b>Størrelse (kg)</b></td><td>5kg</td></tr><tr><td><b>Vægt 2026 (kg)</b></td><td></td></tr>
</table>
]]>
</description>
  <Point>
    <coordinates> 12.144740000, 55.508595000,0</coordinates>
  </Point>
</Placemark>

<Placemark>
  <name>10803636</name>
  <styleUrl>#s</styleUrl>
  <description>
<![CDATA[
<table border="1" style="border-collapse:collapse;width:100%">
<tr><td><b>Bane</b></td><td>40</td></tr><tr><td><b>TIB</b></td><td>4</td></tr><tr><td><b>Navn</b></td><td>Tureby</td></tr><tr><td><b>Forkortelse</b></td><td>Th</td></tr><tr><td><b>Equipment</b></td><td>10803636</td></tr><tr><td><b>Datagennemgang</b></td><td>Match</td></tr><tr><td><b>Betegnelse</b></td><td>Relæhytte</td></tr><tr><td><b>Bygningsnummer</b></td><td>Th 006</td></tr><tr><td><b>Idriftsætt.dato</b></td><td>Mon Aug 15 2022 00:00:00 GMT+0200 (Central European Summer Time)</td></tr><tr><td><b>Producent</b></td><td>Falck</td></tr><tr><td><b>Product Serienr.</b></td><td>479060</td></tr><tr><td><b>Konstrukt. måned</b></td><td>1</td></tr><tr><td><b>Konstrukt. år</b></td><td>2022</td></tr><tr><td><b>Kilometrering</b></td><td>65.876</td></tr><tr><td><b>GPS Nord</b></td><td> 55.371414000</td></tr><tr><td><b>GPS Øst</b></td><td> 12.072475000</td></tr><tr><td><b>Type</b></td><td>CO2</td></tr><tr><td><b>Størrelse (kg)</b></td><td>5kg</td></tr><tr><td><b>Vægt 2026 (kg)</b></td><td></td></tr>
</table>
]]>
</description>
  <Point>
    <coordinates> 12.072475000, 55.371414000,0</coordinates>
  </Point>
</Placemark>

<Placemark>
  <name>10803651</name>
  <styleUrl>#s</styleUrl>
  <description>
<![CDATA[
<table border="1" style="border-collapse:collapse;width:100%">
<tr><td><b>Bane</b></td><td>51</td></tr><tr><td><b>TIB</b></td><td>5</td></tr><tr><td><b>Navn</b></td><td>Jyderup</td></tr><tr><td><b>Forkortelse</b></td><td>Jy</td></tr><tr><td><b>Equipment</b></td><td>10803651</td></tr><tr><td><b>Datagennemgang</b></td><td>Match</td></tr><tr><td><b>Betegnelse</b></td><td>Relæhus</td></tr><tr><td><b>Bygningsnummer</b></td><td>Jy 003</td></tr><tr><td><b>Idriftsætt.dato</b></td><td>Fri Aug 12 2022 00:00:00 GMT+0200 (Central European Summer Time)</td></tr><tr><td><b>Producent</b></td><td>Falck</td></tr><tr><td><b>Product Serienr.</b></td><td>485872</td></tr><tr><td><b>Konstrukt. måned</b></td><td>2</td></tr><tr><td><b>Konstrukt. år</b></td><td>2022</td></tr><tr><td><b>Kilometrering</b></td><td>89.568</td></tr><tr><td><b>GPS Nord</b></td><td> 55.660353000</td></tr><tr><td><b>GPS Øst</b></td><td> 11.397229000</td></tr><tr><td><b>Type</b></td><td>CO2</td></tr><tr><td><b>Størrelse (kg)</b></td><td>5kg</td></tr><tr><td><b>Vægt 2026 (kg)</b></td><td></td></tr>
</table>
]]>
</description>
  <Point>
    <coordinates> 11.397229000, 55.660353000,0</coordinates>
  </Point>
</Placemark>

<Placemark>
  <name>10803652</name>
  <styleUrl>#s</styleUrl>
  <description>
<![CDATA[
<table border="1" style="border-collapse:collapse;width:100%">
<tr><td><b>Bane</b></td><td>51</td></tr><tr><td><b>TIB</b></td><td>5</td></tr><tr><td><b>Navn</b></td><td>Jyderup</td></tr><tr><td><b>Forkortelse</b></td><td>Jy</td></tr><tr><td><b>Equipment</b></td><td>10803652</td></tr><tr><td><b>Datagennemgang</b></td><td>Match</td></tr><tr><td><b>Betegnelse</b></td><td>Relæhytte</td></tr><tr><td><b>Bygningsnummer</b></td><td>Jy 002</td></tr><tr><td><b>Idriftsætt.dato</b></td><td>Fri Aug 12 2022 00:00:00 GMT+0200 (Central European Summer Time)</td></tr><tr><td><b>Producent</b></td><td>Falck</td></tr><tr><td><b>Product Serienr.</b></td><td>485961</td></tr><tr><td><b>Konstrukt. måned</b></td><td>2</td></tr><tr><td><b>Konstrukt. år</b></td><td>2022</td></tr><tr><td><b>Kilometrering</b></td><td>89.556</td></tr><tr><td><b>GPS Nord</b></td><td> 55.660471000</td></tr><tr><td><b>GPS Øst</b></td><td> 11.397447000</td></tr><tr><td><b>Type</b></td><td>CO2</td></tr><tr><td><b>Størrelse (kg)</b></td><td>5kg</td></tr><tr><td><b>Vægt 2026 (kg)</b></td><td></td></tr>
</table>
]]>
</description>
  <Point>
    <coordinates> 11.397447000, 55.660471000,0</coordinates>
  </Point>
</Placemark>

<Placemark>
  <name>10803654</name>
  <styleUrl>#s</styleUrl>
  <description>
<![CDATA[
<table border="1" style="border-collapse:collapse;width:100%">
<tr><td><b>Bane</b></td><td>51</td></tr><tr><td><b>TIB</b></td><td>5</td></tr><tr><td><b>Navn</b></td><td>Kalundborg</td></tr><tr><td><b>Forkortelse</b></td><td>Kb</td></tr><tr><td><b>Equipment</b></td><td>10803654</td></tr><tr><td><b>Datagennemgang</b></td><td>Match</td></tr><tr><td><b>Betegnelse</b></td><td>Relæhus</td></tr><tr><td><b>Bygningsnummer</b></td><td>Kb 002</td></tr><tr><td><b>Idriftsætt.dato</b></td><td>Thu Aug 11 2022 00:00:00 GMT+0200 (Central European Summer Time)</td></tr><tr><td><b>Producent</b></td><td>Falck</td></tr><tr><td><b>Product Serienr.</b></td><td>485896</td></tr><tr><td><b>Konstrukt. måned</b></td><td>2</td></tr><tr><td><b>Konstrukt. år</b></td><td>2022</td></tr><tr><td><b>Kilometrering</b></td><td>102.922</td></tr><tr><td><b>GPS Nord</b></td><td> 55.669925000</td></tr><tr><td><b>GPS Øst</b></td><td> 11.207339000</td></tr><tr><td><b>Type</b></td><td>CO2</td></tr><tr><td><b>Størrelse (kg)</b></td><td>5kg</td></tr><tr><td><b>Vægt 2026 (kg)</b></td><td></td></tr>
</table>
]]>
</description>
  <Point>
    <coordinates> 11.207339000, 55.669925000,0</coordinates>
  </Point>
</Placemark>

<Placemark>
  <name>10803649</name>
  <styleUrl>#s</styleUrl>
  <description>
<![CDATA[
<table border="1" style="border-collapse:collapse;width:100%">
<tr><td><b>Bane</b></td><td>51</td></tr><tr><td><b>TIB</b></td><td>5</td></tr><tr><td><b>Navn</b></td><td>Knabstrup</td></tr><tr><td><b>Forkortelse</b></td><td>Ks</td></tr><tr><td><b>Equipment</b></td><td>10803649</td></tr><tr><td><b>Datagennemgang</b></td><td>Match</td></tr><tr><td><b>Betegnelse</b></td><td>IT hytte, Knabstrup</td></tr><tr><td><b>Bygningsnummer</b></td><td>Rt-Mø 079595</td></tr><tr><td><b>Idriftsætt.dato</b></td><td>Mon Aug 15 2022 00:00:00 GMT+0200 (Central European Summer Time)</td></tr><tr><td><b>Producent</b></td><td>Falck</td></tr><tr><td><b>Product Serienr.</b></td><td>485123</td></tr><tr><td><b>Konstrukt. måned</b></td><td>2</td></tr><tr><td><b>Konstrukt. år</b></td><td>2022</td></tr><tr><td><b>Kilometrering</b></td><td>79.669</td></tr><tr><td><b>GPS Nord</b></td><td> 55.664748000</td></tr><tr><td><b>GPS Øst</b></td><td> 11.550119000</td></tr><tr><td><b>Type</b></td><td>CO2</td></tr><tr><td><b>Størrelse (kg)</b></td><td>5kg</td></tr><tr><td><b>Vægt 2026 (kg)</b></td><td></td></tr>
</table>
]]>
</description>
  <Point>
    <coordinates> 11.550119000, 55.664748000,0</coordinates>
  </Point>
</Placemark>

<Placemark>
  <name>10803650</name>
  <styleUrl>#s</styleUrl>
  <description>
<![CDATA[
<table border="1" style="border-collapse:collapse;width:100%">
<tr><td><b>Bane</b></td><td>51</td></tr><tr><td><b>TIB</b></td><td>5</td></tr><tr><td><b>Navn</b></td><td>Mørkøv</td></tr><tr><td><b>Forkortelse</b></td><td>Mø</td></tr><tr><td><b>Equipment</b></td><td>10803650</td></tr><tr><td><b>Datagennemgang</b></td><td>Match</td></tr><tr><td><b>Betegnelse</b></td><td>Relæhus</td></tr><tr><td><b>Bygningsnummer</b></td><td>Mø 004</td></tr><tr><td><b>Idriftsætt.dato</b></td><td>Fri Aug 12 2022 00:00:00 GMT+0200 (Central European Summer Time)</td></tr><tr><td><b>Producent</b></td><td>Falck</td></tr><tr><td><b>Product Serienr.</b></td><td>479083</td></tr><tr><td><b>Konstrukt. måned</b></td><td>1</td></tr><tr><td><b>Konstrukt. år</b></td><td>2022</td></tr><tr><td><b>Kilometrering</b></td><td>82.869</td></tr><tr><td><b>GPS Nord</b></td><td> 55.654531000</td></tr><tr><td><b>GPS Øst</b></td><td> 11.502705000</td></tr><tr><td><b>Type</b></td><td>CO2</td></tr><tr><td><b>Størrelse (kg)</b></td><td>5kg</td></tr><tr><td><b>Vægt 2026 (kg)</b></td><td></td></tr>
</table>
]]>
</description>
  <Point>
    <coordinates> 11.502705000, 55.654531000,0</coordinates>
  </Point>
</Placemark>

<Placemark>
  <name>10803648</name>
  <styleUrl>#s</styleUrl>
  <description>
<![CDATA[
<table border="1" style="border-collapse:collapse;width:100%">
<tr><td><b>Bane</b></td><td>51</td></tr><tr><td><b>TIB</b></td><td>5</td></tr><tr><td><b>Navn</b></td><td>Regstrup</td></tr><tr><td><b>Forkortelse</b></td><td>Rt</td></tr><tr><td><b>Equipment</b></td><td>10803648</td></tr><tr><td><b>Datagennemgang</b></td><td>Match</td></tr><tr><td><b>Betegnelse</b></td><td>Relæhus</td></tr><tr><td><b>Bygningsnummer</b></td><td>Rt 007</td></tr><tr><td><b>Idriftsætt.dato</b></td><td>Fri Aug 12 2022 00:00:00 GMT+0200 (Central European Summer Time)</td></tr><tr><td><b>Producent</b></td><td>Falck</td></tr><tr><td><b>Product Serienr.</b></td><td>485875</td></tr><tr><td><b>Konstrukt. måned</b></td><td>2</td></tr><tr><td><b>Konstrukt. år</b></td><td>2022</td></tr><tr><td><b>Kilometrering</b></td><td>75.154</td></tr><tr><td><b>GPS Nord</b></td><td> 55.677727000</td></tr><tr><td><b>GPS Øst</b></td><td> 11.612940000</td></tr><tr><td><b>Type</b></td><td>CO2</td></tr><tr><td><b>Størrelse (kg)</b></td><td>5kg</td></tr><tr><td><b>Vægt 2026 (kg)</b></td><td></td></tr>
</table>
]]>
</description>
  <Point>
    <coordinates> 11.612940000, 55.677727000,0</coordinates>
  </Point>
</Placemark>

<Placemark>
  <name>10803653</name>
  <styleUrl>#s</styleUrl>
  <description>
<![CDATA[
<table border="1" style="border-collapse:collapse;width:100%">
<tr><td><b>Bane</b></td><td>51</td></tr><tr><td><b>TIB</b></td><td>5</td></tr><tr><td><b>Navn</b></td><td>Svebølle</td></tr><tr><td><b>Forkortelse</b></td><td>Se</td></tr><tr><td><b>Equipment</b></td><td>10803653</td></tr><tr><td><b>Datagennemgang</b></td><td>Match</td></tr><tr><td><b>Betegnelse</b></td><td>Relæhus</td></tr><tr><td><b>Bygningsnummer</b></td><td>Se 006</td></tr><tr><td><b>Idriftsætt.dato</b></td><td>Thu Aug 11 2022 00:00:00 GMT+0200 (Central European Summer Time)</td></tr><tr><td><b>Producent</b></td><td>Falck</td></tr><tr><td><b>Product Serienr.</b></td><td>479243</td></tr><tr><td><b>Konstrukt. måned</b></td><td>1</td></tr><tr><td><b>Konstrukt. år</b></td><td>2022</td></tr><tr><td><b>Kilometrering</b></td><td>97.172</td></tr><tr><td><b>GPS Nord</b></td><td> 55.652101000</td></tr><tr><td><b>GPS Øst</b></td><td> 11.292448000</td></tr><tr><td><b>Type</b></td><td>CO2</td></tr><tr><td><b>Størrelse (kg)</b></td><td>5kg</td></tr><tr><td><b>Vægt 2026 (kg)</b></td><td></td></tr>
</table>
]]>
</description>
  <Point>
    <coordinates> 11.292448000, 55.652101000,0</coordinates>
  </Point>
</Placemark>

<Placemark>
  <name>10803655</name>
  <styleUrl>#s</styleUrl>
  <description>
<![CDATA[
<table border="1" style="border-collapse:collapse;width:100%">
<tr><td><b>Bane</b></td><td>51</td></tr><tr><td><b>TIB</b></td><td>5</td></tr><tr><td><b>Navn</b></td><td>Væreslev - Kalundborg</td></tr><tr><td><b>Forkortelse</b></td><td>Væ - Kb</td></tr><tr><td><b>Equipment</b></td><td>10803655</td></tr><tr><td><b>Datagennemgang</b></td><td>Match</td></tr><tr><td><b>Betegnelse</b></td><td>Transmissionshytte</td></tr><tr><td><b>Bygningsnummer</b></td><td>Væ-Kb 107731</td></tr><tr><td><b>Idriftsætt.dato</b></td><td>Thu Aug 11 2022 00:00:00 GMT+0200 (Central European Summer Time)</td></tr><tr><td><b>Producent</b></td><td>Falck</td></tr><tr><td><b>Product Serienr.</b></td><td>485906</td></tr><tr><td><b>Konstrukt. måned</b></td><td>2</td></tr><tr><td><b>Konstrukt. år</b></td><td>2022</td></tr><tr><td><b>Kilometrering</b></td><td>107.73</td></tr><tr><td><b>GPS Nord</b></td><td> 55.674607000</td></tr><tr><td><b>GPS Øst</b></td><td> 11.134143000</td></tr><tr><td><b>Type</b></td><td>CO2</td></tr><tr><td><b>Størrelse (kg)</b></td><td>5kg</td></tr><tr><td><b>Vægt 2026 (kg)</b></td><td></td></tr>
</table>
]]>
</description>
  <Point>
    <coordinates> 11.134143000, 55.674607000,0</coordinates>
  </Point>
</Placemark>

<Placemark>
  <name>10803646</name>
  <styleUrl>#s</styleUrl>
  <description>
<![CDATA[
<table border="1" style="border-collapse:collapse;width:100%">
<tr><td><b>Bane</b></td><td>79</td></tr><tr><td><b>TIB</b></td><td>5</td></tr><tr><td><b>Navn</b></td><td>Holbæk</td></tr><tr><td><b>Forkortelse</b></td><td>Hk</td></tr><tr><td><b>Equipment</b></td><td>10803646</td></tr><tr><td><b>Datagennemgang</b></td><td>Match</td></tr><tr><td><b>Betegnelse</b></td><td>Relæhus</td></tr><tr><td><b>Bygningsnummer</b></td><td>Hk 033</td></tr><tr><td><b>Idriftsætt.dato</b></td><td>Tue Aug 16 2022 00:00:00 GMT+0200 (Central European Summer Time)</td></tr><tr><td><b>Producent</b></td><td>Falck</td></tr><tr><td><b>Product Serienr.</b></td><td>479157</td></tr><tr><td><b>Konstrukt. måned</b></td><td>2</td></tr><tr><td><b>Konstrukt. år</b></td><td>2022</td></tr><tr><td><b>Kilometrering</b></td><td>70.037</td></tr><tr><td><b>GPS Nord</b></td><td> 55.715585000</td></tr><tr><td><b>GPS Øst</b></td><td> 11.707441000</td></tr><tr><td><b>Type</b></td><td>CO2</td></tr><tr><td><b>Størrelse (kg)</b></td><td>5kg</td></tr><tr><td><b>Vægt 2026 (kg)</b></td><td></td></tr>
</table>
]]>
</description>
  <Point>
    <coordinates> 11.707441000, 55.715585000,0</coordinates>
  </Point>
</Placemark>

<Placemark>
  <name>10803647</name>
  <styleUrl>#s</styleUrl>
  <description>
<![CDATA[
<table border="1" style="border-collapse:collapse;width:100%">
<tr><td><b>Bane</b></td><td>79</td></tr><tr><td><b>TIB</b></td><td>5</td></tr><tr><td><b>Navn</b></td><td>Holbæk</td></tr><tr><td><b>Forkortelse</b></td><td>Hk</td></tr><tr><td><b>Equipment</b></td><td>10803647</td></tr><tr><td><b>Datagennemgang</b></td><td>Match</td></tr><tr><td><b>Betegnelse</b></td><td>Relæhus</td></tr><tr><td><b>Bygningsnummer</b></td><td>Hk 033</td></tr><tr><td><b>Idriftsætt.dato</b></td><td>Fri Aug 12 2022 00:00:00 GMT+0200 (Central European Summer Time)</td></tr><tr><td><b>Producent</b></td><td>Falck</td></tr><tr><td><b>Product Serienr.</b></td><td>485893</td></tr><tr><td><b>Konstrukt. måned</b></td><td>2</td></tr><tr><td><b>Konstrukt. år</b></td><td>2022</td></tr><tr><td><b>Kilometrering</b></td><td>70.037</td></tr><tr><td><b>GPS Nord</b></td><td> 55.715585000</td></tr><tr><td><b>GPS Øst</b></td><td> 11.707441000</td></tr><tr><td><b>Type</b></td><td>CO2</td></tr><tr><td><b>Størrelse (kg)</b></td><td>5kg</td></tr><tr><td><b>Vægt 2026 (kg)</b></td><td></td></tr>
</table>
]]>
</description>
  <Point>
    <coordinates> 11.707441000, 55.715585000,0</coordinates>
  </Point>
</Placemark>

<Placemark>
  <name>10803643</name>
  <styleUrl>#s</styleUrl>
  <description>
<![CDATA[
<table border="1" style="border-collapse:collapse;width:100%">
<tr><td><b>Bane</b></td><td>79</td></tr><tr><td><b>TIB</b></td><td>5</td></tr><tr><td><b>Navn</b></td><td>Hvalsø</td></tr><tr><td><b>Forkortelse</b></td><td>Hv</td></tr><tr><td><b>Equipment</b></td><td>10803643</td></tr><tr><td><b>Datagennemgang</b></td><td>Match</td></tr><tr><td><b>Betegnelse</b></td><td>Radiohytte</td></tr><tr><td><b>Bygningsnummer</b></td><td>Hv 015</td></tr><tr><td><b>Idriftsætt.dato</b></td><td>Mon Aug 15 2022 00:00:00 GMT+0200 (Central European Summer Time)</td></tr><tr><td><b>Producent</b></td><td>Falck</td></tr><tr><td><b>Product Serienr.</b></td><td>486953</td></tr><tr><td><b>Konstrukt. måned</b></td><td>1</td></tr><tr><td><b>Konstrukt. år</b></td><td>2022</td></tr><tr><td><b>Kilometrering</b></td><td>48.264</td></tr><tr><td><b>GPS Nord</b></td><td> 55.595309000</td></tr><tr><td><b>GPS Øst</b></td><td> 11.860632000</td></tr><tr><td><b>Type</b></td><td>CO2</td></tr><tr><td><b>Størrelse (kg)</b></td><td>5kg</td></tr><tr><td><b>Vægt 2026 (kg)</b></td><td></td></tr>
</table>
]]>
</description>
  <Point>
    <coordinates> 11.860632000, 55.595309000,0</coordinates>
  </Point>
</Placemark>

<Placemark>
  <name>10803642</name>
  <styleUrl>#s</styleUrl>
  <description>
<![CDATA[
<table border="1" style="border-collapse:collapse;width:100%">
<tr><td><b>Bane</b></td><td>79</td></tr><tr><td><b>TIB</b></td><td>5</td></tr><tr><td><b>Navn</b></td><td>Lejre</td></tr><tr><td><b>Forkortelse</b></td><td>Lj</td></tr><tr><td><b>Equipment</b></td><td>10803642</td></tr><tr><td><b>Datagennemgang</b></td><td>Match</td></tr><tr><td><b>Betegnelse</b></td><td>Relæhytte</td></tr><tr><td><b>Bygningsnummer</b></td><td>Lj 007</td></tr><tr><td><b>Idriftsætt.dato</b></td><td>Mon Aug 15 2022 00:00:00 GMT+0200 (Central European Summer Time)</td></tr><tr><td><b>Producent</b></td><td>Falck</td></tr><tr><td><b>Product Serienr.</b></td><td>485730</td></tr><tr><td><b>Konstrukt. måned</b></td><td>2</td></tr><tr><td><b>Konstrukt. år</b></td><td>2022</td></tr><tr><td><b>Kilometrering</b></td><td>40.803</td></tr><tr><td><b>GPS Nord</b></td><td> 55.604503000</td></tr><tr><td><b>GPS Øst</b></td><td> 11.970782000</td></tr><tr><td><b>Type</b></td><td>CO2</td></tr><tr><td><b>Størrelse (kg)</b></td><td>5kg</td></tr><tr><td><b>Vægt 2026 (kg)</b></td><td></td></tr>
</table>
]]>
</description>
  <Point>
    <coordinates> 11.970782000, 55.604503000,0</coordinates>
  </Point>
</Placemark>

<Placemark>
  <name>10803644</name>
  <styleUrl>#s</styleUrl>
  <description>
<![CDATA[
<table border="1" style="border-collapse:collapse;width:100%">
<tr><td><b>Bane</b></td><td>79</td></tr><tr><td><b>TIB</b></td><td>5</td></tr><tr><td><b>Navn</b></td><td>Tølløse</td></tr><tr><td><b>Forkortelse</b></td><td>Tø</td></tr><tr><td><b>Equipment</b></td><td>10803644</td></tr><tr><td><b>Datagennemgang</b></td><td>Match</td></tr><tr><td><b>Betegnelse</b></td><td>Relæhus</td></tr><tr><td><b>Bygningsnummer</b></td><td>Tø 002</td></tr><tr><td><b>Idriftsætt.dato</b></td><td>Thu Aug 11 2022 00:00:00 GMT+0200 (Central European Summer Time)</td></tr><tr><td><b>Producent</b></td><td>Falck</td></tr><tr><td><b>Product Serienr.</b></td><td>479228</td></tr><tr><td><b>Konstrukt. måned</b></td><td>1</td></tr><tr><td><b>Konstrukt. år</b></td><td>2022</td></tr><tr><td><b>Kilometrering</b></td><td>54.666</td></tr><tr><td><b>GPS Nord</b></td><td> 55.612565000</td></tr><tr><td><b>GPS Øst</b></td><td> 11.772498000</td></tr><tr><td><b>Type</b></td><td>CO2</td></tr><tr><td><b>Størrelse (kg)</b></td><td>5kg</td></tr><tr><td><b>Vægt 2026 (kg)</b></td><td></td></tr>
</table>
]]>
</description>
  <Point>
    <coordinates> 11.772498000, 55.612565000,0</coordinates>
  </Point>
</Placemark>

<Placemark>
  <name>10803645</name>
  <styleUrl>#s</styleUrl>
  <description>
<![CDATA[
<table border="1" style="border-collapse:collapse;width:100%">
<tr><td><b>Bane</b></td><td>79</td></tr><tr><td><b>TIB</b></td><td>5</td></tr><tr><td><b>Navn</b></td><td>Vipperød</td></tr><tr><td><b>Forkortelse</b></td><td>Pe</td></tr><tr><td><b>Equipment</b></td><td>10803645</td></tr><tr><td><b>Datagennemgang</b></td><td>Match</td></tr><tr><td><b>Betegnelse</b></td><td>Relæhus</td></tr><tr><td><b>Bygningsnummer</b></td><td>Pe 005</td></tr><tr><td><b>Idriftsætt.dato</b></td><td>Mon Aug 15 2022 00:00:00 GMT+0200 (Central European Summer Time)</td></tr><tr><td><b>Producent</b></td><td>Falck</td></tr><tr><td><b>Product Serienr.</b></td><td>485871</td></tr><tr><td><b>Konstrukt. måned</b></td><td>2</td></tr><tr><td><b>Konstrukt. år</b></td><td>2022</td></tr><tr><td><b>Kilometrering</b></td><td>61.123</td></tr><tr><td><b>GPS Nord</b></td><td> 55.666624000</td></tr><tr><td><b>GPS Øst</b></td><td> 11.738848000</td></tr><tr><td><b>Type</b></td><td>CO2</td></tr><tr><td><b>Størrelse (kg)</b></td><td>5kg</td></tr><tr><td><b>Vægt 2026 (kg)</b></td><td></td></tr>
</table>
]]>
</description>
  <Point>
    <coordinates> 11.738848000, 55.666624000,0</coordinates>
  </Point>
</Placemark>
</Document></kml>