<?xml version="1.0" encoding="UTF-8"?><kml xmlns="http://www.opengis.net/kml/2.2"><Document>
<name>Køleanlæg - KØLEANLÆG</name>

<Style id="s">
  <IconStyle>
    <scale>1.1</scale>
    <Icon>
      <href>https://raw.githubusercontent.com/Deja4100/Ikoner/main/Køleanlæg%20-%20Internet%20i%20tog.png</href>
    </Icon>
  </IconStyle>
</Style>

<Placemark>
  <name>Viby Sjælland</name>
  <styleUrl>#s</styleUrl>
  <description>
<![CDATA[
<table border="1" style="border-collapse:collapse;width:100%">
<tr><td><b>Bane</b></td><td>12</td></tr><tr><td><b>TIB</b></td><td>1</td></tr><tr><td><b>Navn</b></td><td>Viby Sjælland</td></tr><tr><td><b>Forkortelse</b></td><td>Vy</td></tr><tr><td><b>Uddybende placering</b></td><td>Relæhus 008</td></tr><tr><td><b>Bygningsnummer</b></td><td>Vy 008</td></tr><tr><td><b>Equipment</b></td><td>10144874</td></tr><tr><td><b>Datagennemgang</b></td><td>Match</td></tr><tr><td><b>GPS Nord</b></td><td>55.549966000</td></tr><tr><td><b>GPS Øst</b></td><td>12.024991000</td></tr><tr><td><b>Kilometrering</b></td><td>42.4</td></tr><tr><td><b>Jernbanesikkerhed</b></td><td>2</td></tr><tr><td><b>Forsyningstavle</b></td><td>014.043.A1</td></tr><tr><td><b>Idriftsættelses dato</b></td><td>10-08-2011</td></tr><tr><td><b>Ventilationstype</b></td><td>Splitanlæg</td></tr><tr><td><b>Køleeffekt (kW)</b></td><td>3.5</td></tr><tr><td><b>Kølemiddel</b></td><td>R410A</td></tr><tr><td><b>Kølemiddelmængde (kg)</b></td><td>0.87</td></tr><tr><td><b>Producent</b></td><td>Hitachi</td></tr><tr><td><b>Model</b></td><td>RAC-35YH6</td></tr><tr><td><b>Serienummer</b></td><td>046260</td></tr>
</table>
]]>
</description>
  <Point>
    <coordinates>12.024991000,55.549966000,0</coordinates>
  </Point>
</Placemark>

<Placemark>
  <name>Borup</name>
  <styleUrl>#s</styleUrl>
  <description>
<![CDATA[
<table border="1" style="border-collapse:collapse;width:100%">
<tr><td><b>Bane</b></td><td>12</td></tr><tr><td><b>TIB</b></td><td>1</td></tr><tr><td><b>Navn</b></td><td>Borup</td></tr><tr><td><b>Forkortelse</b></td><td>Bo</td></tr><tr><td><b>Uddybende placering</b></td><td>Relæhus 003</td></tr><tr><td><b>Bygningsnummer</b></td><td>Bo 003</td></tr><tr><td><b>Equipment</b></td><td>10844467</td></tr><tr><td><b>Datagennemgang</b></td><td>Match</td></tr><tr><td><b>GPS Nord</b></td><td>55.495165000</td></tr><tr><td><b>GPS Øst</b></td><td>11.972491000</td></tr><tr><td><b>Kilometrering</b></td><td>49.6</td></tr><tr><td><b>Jernbanesikkerhed</b></td><td>1</td></tr><tr><td><b>Forsyningstavle</b></td><td>014.049.A</td></tr><tr><td><b>Idriftsættelses dato</b></td><td>Fri Apr 28 2023 00:00:00 GMT+0200 (Central European Summer Time)</td></tr><tr><td><b>Ventilationstype</b></td><td>Splitanlæg</td></tr><tr><td><b>Køleeffekt (kW)</b></td><td>3.4</td></tr><tr><td><b>Kølemiddel</b></td><td>R32</td></tr><tr><td><b>Kølemiddelmængde (kg)</b></td><td>0.76</td></tr><tr><td><b>Producent</b></td><td>Daikin</td></tr><tr><td><b>Model</b></td><td></td></tr><tr><td><b>Serienummer</b></td><td></td></tr>
</table>
]]>
</description>
  <Point>
    <coordinates>11.972491000,55.495165000,0</coordinates>
  </Point>
</Placemark>

<Placemark>
  <name>Kværkeby</name>
  <styleUrl>#s</styleUrl>
  <description>
<![CDATA[
<table border="1" style="border-collapse:collapse;width:100%">
<tr><td><b>Bane</b></td><td>12</td></tr><tr><td><b>TIB</b></td><td>1</td></tr><tr><td><b>Navn</b></td><td>Kværkeby</td></tr><tr><td><b>Forkortelse</b></td><td>Ky</td></tr><tr><td><b>Uddybende placering</b></td><td>Relæhus 002</td></tr><tr><td><b>Bygningsnummer</b></td><td>Ky 002</td></tr><tr><td><b>Equipment</b></td><td>10711537</td></tr><tr><td><b>Datagennemgang</b></td><td>Match</td></tr><tr><td><b>GPS Nord</b></td><td>55.450764000</td></tr><tr><td><b>GPS Øst</b></td><td>11.898185000</td></tr><tr><td><b>Kilometrering</b></td><td>58.7</td></tr><tr><td><b>Jernbanesikkerhed</b></td><td>2</td></tr><tr><td><b>Forsyningstavle</b></td><td>014.057.A1</td></tr><tr><td><b>Idriftsættelses dato</b></td><td>28-09-2020</td></tr><tr><td><b>Ventilationstype</b></td><td>Splitanlæg</td></tr><tr><td><b>Køleeffekt (kW)</b></td><td>2.6</td></tr><tr><td><b>Kølemiddel</b></td><td>R410A</td></tr><tr><td><b>Kølemiddelmængde (kg)</b></td><td>0.93</td></tr><tr><td><b>Producent</b></td><td>Panasonic</td></tr><tr><td><b>Model</b></td><td>CU-NE9JKE-1</td></tr><tr><td><b>Serienummer</b></td><td>7584006367</td></tr>
</table>
]]>
</description>
  <Point>
    <coordinates>11.898185000,55.450764000,0</coordinates>
  </Point>
</Placemark>

<Placemark>
  <name>Ringsted</name>
  <styleUrl>#s</styleUrl>
  <description>
<![CDATA[
<table border="1" style="border-collapse:collapse;width:100%">
<tr><td><b>Bane</b></td><td>12</td></tr><tr><td><b>TIB</b></td><td>1</td></tr><tr><td><b>Navn</b></td><td>Ringsted</td></tr><tr><td><b>Forkortelse</b></td><td>Rg</td></tr><tr><td><b>Uddybende placering</b></td><td>Transmissionshytte</td></tr><tr><td><b>Bygningsnummer</b></td><td>Rg 603</td></tr><tr><td><b>Equipment</b></td><td>10685517</td></tr><tr><td><b>Datagennemgang</b></td><td>Match</td></tr><tr><td><b>GPS Nord</b></td><td>55.437599000</td></tr><tr><td><b>GPS Øst</b></td><td>11.789231000</td></tr><tr><td><b>Kilometrering</b></td><td>63.8</td></tr><tr><td><b>Jernbanesikkerhed</b></td><td>2</td></tr><tr><td><b>Forsyningstavle</b></td><td>015.000.N1</td></tr><tr><td><b>Idriftsættelses dato</b></td><td>Thu Aug 22 2019 00:00:00 GMT+0200 (Central European Summer Time)</td></tr><tr><td><b>Ventilationstype</b></td><td>Splitanlæg</td></tr><tr><td><b>Køleeffekt (kW)</b></td><td>4</td></tr><tr><td><b>Kølemiddel</b></td><td>R32</td></tr><tr><td><b>Kølemiddelmængde (kg)</b></td><td>2.6</td></tr><tr><td><b>Producent</b></td><td>Daikin</td></tr><tr><td><b>Model</b></td><td>RZASG100M7Y1B</td></tr><tr><td><b>Serienummer</b></td><td>1905267</td></tr>
</table>
]]>
</description>
  <Point>
    <coordinates>11.789231000,55.437599000,0</coordinates>
  </Point>
</Placemark>

<Placemark>
  <name>Ringsted</name>
  <styleUrl>#s</styleUrl>
  <description>
<![CDATA[
<table border="1" style="border-collapse:collapse;width:100%">
<tr><td><b>Bane</b></td><td>12</td></tr><tr><td><b>TIB</b></td><td>1</td></tr><tr><td><b>Navn</b></td><td>Ringsted</td></tr><tr><td><b>Forkortelse</b></td><td>Rg</td></tr><tr><td><b>Uddybende placering</b></td><td>Transmissionshytte</td></tr><tr><td><b>Bygningsnummer</b></td><td>Rg 603</td></tr><tr><td><b>Equipment</b></td><td>10685518</td></tr><tr><td><b>Datagennemgang</b></td><td>Match</td></tr><tr><td><b>GPS Nord</b></td><td>55.437632000</td></tr><tr><td><b>GPS Øst</b></td><td>11.789185000</td></tr><tr><td><b>Kilometrering</b></td><td>63.8</td></tr><tr><td><b>Jernbanesikkerhed</b></td><td>2</td></tr><tr><td><b>Forsyningstavle</b></td><td>015.000.N1</td></tr><tr><td><b>Idriftsættelses dato</b></td><td>Sun Sep 22 2019 00:00:00 GMT+0200 (Central European Summer Time)</td></tr><tr><td><b>Ventilationstype</b></td><td>Splitanlæg</td></tr><tr><td><b>Køleeffekt (kW)</b></td><td>4</td></tr><tr><td><b>Kølemiddel</b></td><td>R32</td></tr><tr><td><b>Kølemiddelmængde (kg)</b></td><td>2.6</td></tr><tr><td><b>Producent</b></td><td>Daikin</td></tr><tr><td><b>Model</b></td><td>RZASG100M7Y1B</td></tr><tr><td><b>Serienummer</b></td><td>1905290</td></tr>
</table>
]]>
</description>
  <Point>
    <coordinates>11.789185000,55.437632000,0</coordinates>
  </Point>
</Placemark>

<Placemark>
  <name>Ringsted</name>
  <styleUrl>#s</styleUrl>
  <description>
<![CDATA[
<table border="1" style="border-collapse:collapse;width:100%">
<tr><td><b>Bane</b></td><td>12</td></tr><tr><td><b>TIB</b></td><td>1</td></tr><tr><td><b>Navn</b></td><td>Ringsted</td></tr><tr><td><b>Forkortelse</b></td><td>Rg</td></tr><tr><td><b>Uddybende placering</b></td><td>Relærum 2</td></tr><tr><td><b>Bygningsnummer</b></td><td>Rg 020</td></tr><tr><td><b>Equipment</b></td><td>10833164</td></tr><tr><td><b>Datagennemgang</b></td><td>Match</td></tr><tr><td><b>GPS Nord</b></td><td>55.438341000</td></tr><tr><td><b>GPS Øst</b></td><td>11.786020000</td></tr><tr><td><b>Kilometrering</b></td><td>63.9</td></tr><tr><td><b>Jernbanesikkerhed</b></td><td>2</td></tr><tr><td><b>Forsyningstavle</b></td><td>015.000.A1</td></tr><tr><td><b>Idriftsættelses dato</b></td><td>Wed Feb 22 2023 00:00:00 GMT+0100 (Central European Standard Time)</td></tr><tr><td><b>Ventilationstype</b></td><td>Splitanlæg</td></tr><tr><td><b>Køleeffekt (kW)</b></td><td>4.17</td></tr><tr><td><b>Kølemiddel</b></td><td>R32</td></tr><tr><td><b>Kølemiddelmængde (kg)</b></td><td>1.15</td></tr><tr><td><b>Producent</b></td><td>Daikin</td></tr><tr><td><b>Model</b></td><td>RXM50R5V1B</td></tr><tr><td><b>Serienummer</b></td><td>T019324</td></tr>
</table>
]]>
</description>
  <Point>
    <coordinates>11.786020000,55.438341000,0</coordinates>
  </Point>
</Placemark>

<Placemark>
  <name>Ringsted</name>
  <styleUrl>#s</styleUrl>
  <description>
<![CDATA[
<table border="1" style="border-collapse:collapse;width:100%">
<tr><td><b>Bane</b></td><td>12</td></tr><tr><td><b>TIB</b></td><td>1</td></tr><tr><td><b>Navn</b></td><td>Ringsted</td></tr><tr><td><b>Forkortelse</b></td><td>Rg</td></tr><tr><td><b>Uddybende placering</b></td><td>Relærum 1</td></tr><tr><td><b>Bygningsnummer</b></td><td>Rg 020</td></tr><tr><td><b>Equipment</b></td><td>10833165</td></tr><tr><td><b>Datagennemgang</b></td><td>Match</td></tr><tr><td><b>GPS Nord</b></td><td>55.438341000</td></tr><tr><td><b>GPS Øst</b></td><td>11.786020000</td></tr><tr><td><b>Kilometrering</b></td><td>63.9</td></tr><tr><td><b>Jernbanesikkerhed</b></td><td>2</td></tr><tr><td><b>Forsyningstavle</b></td><td>015.000.A1</td></tr><tr><td><b>Idriftsættelses dato</b></td><td>Wed Feb 22 2023 00:00:00 GMT+0100 (Central European Standard Time)</td></tr><tr><td><b>Ventilationstype</b></td><td>Splitanlæg</td></tr><tr><td><b>Køleeffekt (kW)</b></td><td>4.17</td></tr><tr><td><b>Kølemiddel</b></td><td>R32</td></tr><tr><td><b>Kølemiddelmængde (kg)</b></td><td>1.15</td></tr><tr><td><b>Producent</b></td><td>Daikin</td></tr><tr><td><b>Model</b></td><td>RXM50R5V1B</td></tr><tr><td><b>Serienummer</b></td><td>T022372</td></tr>
</table>
]]>
</description>
  <Point>
    <coordinates>11.786020000,55.438341000,0</coordinates>
  </Point>
</Placemark>

<Placemark>
  <name>Ringsted</name>
  <styleUrl>#s</styleUrl>
  <description>
<![CDATA[
<table border="1" style="border-collapse:collapse;width:100%">
<tr><td><b>Bane</b></td><td>12</td></tr><tr><td><b>TIB</b></td><td>1</td></tr><tr><td><b>Navn</b></td><td>Ringsted</td></tr><tr><td><b>Forkortelse</b></td><td>Rg</td></tr><tr><td><b>Uddybende placering</b></td><td>Relærum 3</td></tr><tr><td><b>Bygningsnummer</b></td><td>Rg 020</td></tr><tr><td><b>Equipment</b></td><td>10833166</td></tr><tr><td><b>Datagennemgang</b></td><td>Match</td></tr><tr><td><b>GPS Nord</b></td><td>55.438341000</td></tr><tr><td><b>GPS Øst</b></td><td>11.786020000</td></tr><tr><td><b>Kilometrering</b></td><td>63.9</td></tr><tr><td><b>Jernbanesikkerhed</b></td><td>2</td></tr><tr><td><b>Forsyningstavle</b></td><td>015.000.A1</td></tr><tr><td><b>Idriftsættelses dato</b></td><td>Wed Feb 22 2023 00:00:00 GMT+0100 (Central European Standard Time)</td></tr><tr><td><b>Ventilationstype</b></td><td>Splitanlæg</td></tr><tr><td><b>Køleeffekt (kW)</b></td><td>4.17</td></tr><tr><td><b>Kølemiddel</b></td><td>R32</td></tr><tr><td><b>Kølemiddelmængde (kg)</b></td><td>0.76</td></tr><tr><td><b>Producent</b></td><td>Daikin</td></tr><tr><td><b>Model</b></td><td>RXM35R5V1B</td></tr><tr><td><b>Serienummer</b></td><td>T11595</td></tr>
</table>
]]>
</description>
  <Point>
    <coordinates>11.786020000,55.438341000,0</coordinates>
  </Point>
</Placemark>

<Placemark>
  <name>Ringsted</name>
  <styleUrl>#s</styleUrl>
  <description>
<![CDATA[
<table border="1" style="border-collapse:collapse;width:100%">
<tr><td><b>Bane</b></td><td>12</td></tr><tr><td><b>TIB</b></td><td>1</td></tr><tr><td><b>Navn</b></td><td>Ringsted</td></tr><tr><td><b>Forkortelse</b></td><td>Rg</td></tr><tr><td><b>Uddybende placering</b></td><td>Relærum 4, FST Rum 1 sal</td></tr><tr><td><b>Bygningsnummer</b></td><td>Rg 020</td></tr><tr><td><b>Equipment</b></td><td>10833167</td></tr><tr><td><b>Datagennemgang</b></td><td>Match</td></tr><tr><td><b>GPS Nord</b></td><td>55.438341000</td></tr><tr><td><b>GPS Øst</b></td><td>11.786020000</td></tr><tr><td><b>Kilometrering</b></td><td>63.9</td></tr><tr><td><b>Jernbanesikkerhed</b></td><td>2</td></tr><tr><td><b>Forsyningstavle</b></td><td>015.000.A1</td></tr><tr><td><b>Idriftsættelses dato</b></td><td>Wed Feb 22 2023 00:00:00 GMT+0100 (Central European Standard Time)</td></tr><tr><td><b>Ventilationstype</b></td><td>Splitanlæg</td></tr><tr><td><b>Køleeffekt (kW)</b></td><td>4.17</td></tr><tr><td><b>Kølemiddel</b></td><td>R32</td></tr><tr><td><b>Kølemiddelmængde (kg)</b></td><td>0.76</td></tr><tr><td><b>Producent</b></td><td>Daikin</td></tr><tr><td><b>Model</b></td><td>RXM35R5V1B</td></tr><tr><td><b>Serienummer</b></td><td>T115953</td></tr>
</table>
]]>
</description>
  <Point>
    <coordinates>11.786020000,55.438341000,0</coordinates>
  </Point>
</Placemark>

<Placemark>
  <name>Ringsted</name>
  <styleUrl>#s</styleUrl>
  <description>
<![CDATA[
<table border="1" style="border-collapse:collapse;width:100%">
<tr><td><b>Bane</b></td><td>12</td></tr><tr><td><b>TIB</b></td><td>1</td></tr><tr><td><b>Navn</b></td><td>Ringsted</td></tr><tr><td><b>Forkortelse</b></td><td>Rg</td></tr><tr><td><b>Uddybende placering</b></td><td>Relærum 5, Nødstrømsrum</td></tr><tr><td><b>Bygningsnummer</b></td><td>Rg 020</td></tr><tr><td><b>Equipment</b></td><td>10833168</td></tr><tr><td><b>Datagennemgang</b></td><td>Match</td></tr><tr><td><b>GPS Nord</b></td><td>55.438341000</td></tr><tr><td><b>GPS Øst</b></td><td>11.786020000</td></tr><tr><td><b>Kilometrering</b></td><td>63.9</td></tr><tr><td><b>Jernbanesikkerhed</b></td><td>2</td></tr><tr><td><b>Forsyningstavle</b></td><td>015.000.A1</td></tr><tr><td><b>Idriftsættelses dato</b></td><td>Wed Feb 22 2023 00:00:00 GMT+0100 (Central European Standard Time)</td></tr><tr><td><b>Ventilationstype</b></td><td>Splitanlæg</td></tr><tr><td><b>Køleeffekt (kW)</b></td><td>3.5</td></tr><tr><td><b>Kølemiddel</b></td><td>R32</td></tr><tr><td><b>Kølemiddelmængde (kg)</b></td><td>0.76</td></tr><tr><td><b>Producent</b></td><td>Daikin</td></tr><tr><td><b>Model</b></td><td>RXM35R5V1B</td></tr><tr><td><b>Serienummer</b></td><td>T168153</td></tr>
</table>
]]>
</description>
  <Point>
    <coordinates>11.786020000,55.438341000,0</coordinates>
  </Point>
</Placemark>

<Placemark>
  <name>Ringsted</name>
  <styleUrl>#s</styleUrl>
  <description>
<![CDATA[
<table border="1" style="border-collapse:collapse;width:100%">
<tr><td><b>Bane</b></td><td>12</td></tr><tr><td><b>TIB</b></td><td>1</td></tr><tr><td><b>Navn</b></td><td>Ringsted</td></tr><tr><td><b>Forkortelse</b></td><td>Rg</td></tr><tr><td><b>Uddybende placering</b></td><td>Telehus, batterirum</td></tr><tr><td><b>Bygningsnummer</b></td><td>Rg 038</td></tr><tr><td><b>Equipment</b></td><td>10901423</td></tr><tr><td><b>Datagennemgang</b></td><td>Match</td></tr><tr><td><b>GPS Nord</b></td><td>55.436653000</td></tr><tr><td><b>GPS Øst</b></td><td>11.784789000</td></tr><tr><td><b>Kilometrering</b></td><td>64</td></tr><tr><td><b>Jernbanesikkerhed</b></td><td>1</td></tr><tr><td><b>Forsyningstavle</b></td><td>015.000.P</td></tr><tr><td><b>Idriftsættelses dato</b></td><td>Mon Aug 04 2025 00:00:00 GMT+0200 (Central European Summer Time)</td></tr><tr><td><b>Ventilationstype</b></td><td>Splitanlæg</td></tr><tr><td><b>Køleeffekt (kW)</b></td><td>4.15</td></tr><tr><td><b>Kølemiddel</b></td><td>R32</td></tr><tr><td><b>Kølemiddelmængde (kg)</b></td><td>1.3</td></tr><tr><td><b>Producent</b></td><td>Mitsubishi</td></tr><tr><td><b>Model</b></td><td>SRC50ZSX-W3</td></tr><tr><td><b>Serienummer</b></td><td>484501085CE</td></tr>
</table>
]]>
</description>
  <Point>
    <coordinates>11.784789000,55.436653000,0</coordinates>
  </Point>
</Placemark>

<Placemark>
  <name>Ringsted</name>
  <styleUrl>#s</styleUrl>
  <description>
<![CDATA[
<table border="1" style="border-collapse:collapse;width:100%">
<tr><td><b>Bane</b></td><td>12</td></tr><tr><td><b>TIB</b></td><td>1</td></tr><tr><td><b>Navn</b></td><td>Ringsted</td></tr><tr><td><b>Forkortelse</b></td><td>Rg</td></tr><tr><td><b>Uddybende placering</b></td><td>Telehus, UPS rum</td></tr><tr><td><b>Bygningsnummer</b></td><td>Rg 038</td></tr><tr><td><b>Equipment</b></td><td>10711530</td></tr><tr><td><b>Datagennemgang</b></td><td>Match</td></tr><tr><td><b>GPS Nord</b></td><td>55.436648000</td></tr><tr><td><b>GPS Øst</b></td><td>11.784792000</td></tr><tr><td><b>Kilometrering</b></td><td>64</td></tr><tr><td><b>Jernbanesikkerhed</b></td><td>1</td></tr><tr><td><b>Forsyningstavle</b></td><td>015.000.P</td></tr><tr><td><b>Idriftsættelses dato</b></td><td>Tue Jan 02 2018 00:00:00 GMT+0100 (Central European Standard Time)</td></tr><tr><td><b>Ventilationstype</b></td><td>Splitanlæg</td></tr><tr><td><b>Køleeffekt (kW)</b></td><td>3.5</td></tr><tr><td><b>Kølemiddel</b></td><td>R32</td></tr><tr><td><b>Kølemiddelmængde (kg)</b></td><td>0.87</td></tr><tr><td><b>Producent</b></td><td>Hitachi</td></tr><tr><td><b>Model</b></td><td>RAC-35WSPA</td></tr><tr><td><b>Serienummer</b></td><td>001413</td></tr>
</table>
]]>
</description>
  <Point>
    <coordinates>11.784792000,55.436648000,0</coordinates>
  </Point>
</Placemark>

<Placemark>
  <name>Ringsted</name>
  <styleUrl>#s</styleUrl>
  <description>
<![CDATA[
<table border="1" style="border-collapse:collapse;width:100%">
<tr><td><b>Bane</b></td><td>12</td></tr><tr><td><b>TIB</b></td><td>1</td></tr><tr><td><b>Navn</b></td><td>Ringsted</td></tr><tr><td><b>Forkortelse</b></td><td>Rg</td></tr><tr><td><b>Uddybende placering</b></td><td>Telehus</td></tr><tr><td><b>Bygningsnummer</b></td><td>Rg 038</td></tr><tr><td><b>Equipment</b></td><td>10711535</td></tr><tr><td><b>Datagennemgang</b></td><td>Match</td></tr><tr><td><b>GPS Nord</b></td><td>55.436641000</td></tr><tr><td><b>GPS Øst</b></td><td>11.784763000</td></tr><tr><td><b>Kilometrering</b></td><td>64</td></tr><tr><td><b>Jernbanesikkerhed</b></td><td>1</td></tr><tr><td><b>Forsyningstavle</b></td><td>015.000.P</td></tr><tr><td><b>Idriftsættelses dato</b></td><td>Tue Sep 22 2020 00:00:00 GMT+0200 (Central European Summer Time)</td></tr><tr><td><b>Ventilationstype</b></td><td>Splitanlæg</td></tr><tr><td><b>Køleeffekt (kW)</b></td><td>3.5</td></tr><tr><td><b>Kølemiddel</b></td><td>R410A</td></tr><tr><td><b>Kølemiddelmængde (kg)</b></td><td>1.05</td></tr><tr><td><b>Producent</b></td><td>Hitachi</td></tr><tr><td><b>Model</b></td><td>RAC-35WPB</td></tr><tr><td><b>Serienummer</b></td><td>004756</td></tr>
</table>
]]>
</description>
  <Point>
    <coordinates>11.784763000,55.436641000,0</coordinates>
  </Point>
</Placemark>

<Placemark>
  <name>Ringsted</name>
  <styleUrl>#s</styleUrl>
  <description>
<![CDATA[
<table border="1" style="border-collapse:collapse;width:100%">
<tr><td><b>Bane</b></td><td>12</td></tr><tr><td><b>TIB</b></td><td>1</td></tr><tr><td><b>Navn</b></td><td>Ringsted</td></tr><tr><td><b>Forkortelse</b></td><td>Rg</td></tr><tr><td><b>Uddybende placering</b></td><td>Telehus</td></tr><tr><td><b>Bygningsnummer</b></td><td>Rg 038</td></tr><tr><td><b>Equipment</b></td><td>10711536</td></tr><tr><td><b>Datagennemgang</b></td><td>Match</td></tr><tr><td><b>GPS Nord</b></td><td>55.436641000</td></tr><tr><td><b>GPS Øst</b></td><td>11.784763000</td></tr><tr><td><b>Kilometrering</b></td><td>64</td></tr><tr><td><b>Jernbanesikkerhed</b></td><td>1</td></tr><tr><td><b>Forsyningstavle</b></td><td>015.000.P</td></tr><tr><td><b>Idriftsættelses dato</b></td><td>Tue Sep 22 2020 00:00:00 GMT+0200 (Central European Summer Time)</td></tr><tr><td><b>Ventilationstype</b></td><td>Splitanlæg</td></tr><tr><td><b>Køleeffekt (kW)</b></td><td>4.1</td></tr><tr><td><b>Kølemiddel</b></td><td>R410A</td></tr><tr><td><b>Kølemiddelmængde (kg)</b></td><td>3.2</td></tr><tr><td><b>Producent</b></td><td>Hitachi</td></tr><tr><td><b>Model</b></td><td>RAS-4HNC1E</td></tr><tr><td><b>Serienummer</b></td><td>4ME47267</td></tr>
</table>
]]>
</description>
  <Point>
    <coordinates>11.784763000,55.436641000,0</coordinates>
  </Point>
</Placemark>

<Placemark>
  <name>Ringsted</name>
  <styleUrl>#s</styleUrl>
  <description>
<![CDATA[
<table border="1" style="border-collapse:collapse;width:100%">
<tr><td><b>Bane</b></td><td>12</td></tr><tr><td><b>TIB</b></td><td>1</td></tr><tr><td><b>Navn</b></td><td>Ringsted</td></tr><tr><td><b>Forkortelse</b></td><td>Rg</td></tr><tr><td><b>Uddybende placering</b></td><td>I/U Hytte</td></tr><tr><td><b>Bygningsnummer</b></td><td>Rg 605</td></tr><tr><td><b>Equipment</b></td><td>10859569</td></tr><tr><td><b>Datagennemgang</b></td><td>Match</td></tr><tr><td><b>GPS Nord</b></td><td>55.439880000</td></tr><tr><td><b>GPS Øst</b></td><td>11.824729000</td></tr><tr><td><b>Kilometrering</b></td><td>61.486</td></tr><tr><td><b>Jernbanesikkerhed</b></td><td>2</td></tr><tr><td><b>Forsyningstavle</b></td><td>015.000.O1</td></tr><tr><td><b>Idriftsættelses dato</b></td><td>Fri Oct 11 2019 00:00:00 GMT+0200 (Central European Summer Time)</td></tr><tr><td><b>Ventilationstype</b></td><td>Splitanlæg</td></tr><tr><td><b>Køleeffekt (kW)</b></td><td>4.17</td></tr><tr><td><b>Kølemiddel</b></td><td>R32</td></tr><tr><td><b>Kølemiddelmængde (kg)</b></td><td>0.76</td></tr><tr><td><b>Producent</b></td><td>Daikin</td></tr><tr><td><b>Model</b></td><td>RXM35N2V1B9</td></tr><tr><td><b>Serienummer</b></td><td>J009649</td></tr>
</table>
]]>
</description>
  <Point>
    <coordinates>11.824729000,55.439880000,0</coordinates>
  </Point>
</Placemark>

<Placemark>
  <name>Ringsted</name>
  <styleUrl>#s</styleUrl>
  <description>
<![CDATA[
<table border="1" style="border-collapse:collapse;width:100%">
<tr><td><b>Bane</b></td><td>12</td></tr><tr><td><b>TIB</b></td><td>1</td></tr><tr><td><b>Navn</b></td><td>Ringsted</td></tr><tr><td><b>Forkortelse</b></td><td>Rg</td></tr><tr><td><b>Uddybende placering</b></td><td>I/U Hytte</td></tr><tr><td><b>Bygningsnummer</b></td><td>Rg 604</td></tr><tr><td><b>Equipment</b></td><td>10831358</td></tr><tr><td><b>Datagennemgang</b></td><td>Match</td></tr><tr><td><b>GPS Nord</b></td><td>55.427097000</td></tr><tr><td><b>GPS Øst</b></td><td>11.759554000</td></tr><tr><td><b>Kilometrering</b></td><td>66.2</td></tr><tr><td><b>Jernbanesikkerhed</b></td><td>2</td></tr><tr><td><b>Forsyningstavle</b></td><td>015.000.H2</td></tr><tr><td><b>Idriftsættelses dato</b></td><td>Wed Feb 08 2023 00:00:00 GMT+0100 (Central European Standard Time)</td></tr><tr><td><b>Ventilationstype</b></td><td>Splitanlæg</td></tr><tr><td><b>Køleeffekt (kW)</b></td><td>3.5</td></tr><tr><td><b>Kølemiddel</b></td><td>R32</td></tr><tr><td><b>Kølemiddelmængde (kg)</b></td><td>1</td></tr><tr><td><b>Producent</b></td><td>Panasonic</td></tr><tr><td><b>Model</b></td><td>CU-NZ35TKE</td></tr><tr><td><b>Serienummer</b></td><td>6567302945</td></tr>
</table>
]]>
</description>
  <Point>
    <coordinates>11.759554000,55.427097000,0</coordinates>
  </Point>
</Placemark>

<Placemark>
  <name>Fjenneslev</name>
  <styleUrl>#s</styleUrl>
  <description>
<![CDATA[
<table border="1" style="border-collapse:collapse;width:100%">
<tr><td><b>Bane</b></td><td>13</td></tr><tr><td><b>TIB</b></td><td>1</td></tr><tr><td><b>Navn</b></td><td>Fjenneslev</td></tr><tr><td><b>Forkortelse</b></td><td>Fj</td></tr><tr><td><b>Uddybende placering</b></td><td>Relæhus</td></tr><tr><td><b>Bygningsnummer</b></td><td>Fj 011</td></tr><tr><td><b>Equipment</b></td><td>10711529</td></tr><tr><td><b>Datagennemgang</b></td><td>Match</td></tr><tr><td><b>GPS Nord</b></td><td>55.441927000</td></tr><tr><td><b>GPS Øst</b></td><td>11.668517000</td></tr><tr><td><b>Kilometrering</b></td><td>71.62</td></tr><tr><td><b>Jernbanesikkerhed</b></td><td>2</td></tr><tr><td><b>Forsyningstavle</b></td><td>016.071.A1</td></tr><tr><td><b>Idriftsættelses dato</b></td><td>Wed Sep 23 2020 00:00:00 GMT+0200 (Central European Summer Time)</td></tr><tr><td><b>Ventilationstype</b></td><td>Splitanlæg</td></tr><tr><td><b>Køleeffekt (kW)</b></td><td>3.5</td></tr><tr><td><b>Kølemiddel</b></td><td>R410A</td></tr><tr><td><b>Kølemiddelmængde (kg)</b></td><td>0.87</td></tr><tr><td><b>Producent</b></td><td>Hitachi</td></tr><tr><td><b>Model</b></td><td>RAC-35YH6</td></tr><tr><td><b>Serienummer</b></td><td>200363</td></tr>
</table>
]]>
</description>
  <Point>
    <coordinates>11.668517000,55.441927000,0</coordinates>
  </Point>
</Placemark>

<Placemark>
  <name>Sorø</name>
  <styleUrl>#s</styleUrl>
  <description>
<![CDATA[
<table border="1" style="border-collapse:collapse;width:100%">
<tr><td><b>Bane</b></td><td>13</td></tr><tr><td><b>TIB</b></td><td>1</td></tr><tr><td><b>Navn</b></td><td>Sorø</td></tr><tr><td><b>Forkortelse</b></td><td>So</td></tr><tr><td><b>Uddybende placering</b></td><td>Relæhus, anlæg 1</td></tr><tr><td><b>Bygningsnummer</b></td><td>So 010</td></tr><tr><td><b>Equipment</b></td><td>10518721</td></tr><tr><td><b>Datagennemgang</b></td><td>Match</td></tr><tr><td><b>GPS Nord</b></td><td>55.419081000</td></tr><tr><td><b>GPS Øst</b></td><td>11.568308000</td></tr><tr><td><b>Kilometrering</b></td><td>78.4</td></tr><tr><td><b>Jernbanesikkerhed</b></td><td>2</td></tr><tr><td><b>Forsyningstavle</b></td><td>016.079.A1</td></tr><tr><td><b>Idriftsættelses dato</b></td><td>Wed Jul 06 2016 00:00:00 GMT+0200 (Central European Summer Time)</td></tr><tr><td><b>Ventilationstype</b></td><td>Splitanlæg</td></tr><tr><td><b>Køleeffekt (kW)</b></td><td>3.5</td></tr><tr><td><b>Kølemiddel</b></td><td>R410A</td></tr><tr><td><b>Kølemiddelmængde (kg)</b></td><td>1.35</td></tr><tr><td><b>Producent</b></td><td>Hitachi</td></tr><tr><td><b>Model</b></td><td>RAC-35WSPA</td></tr><tr><td><b>Serienummer</b></td><td>001636</td></tr>
</table>
]]>
</description>
  <Point>
    <coordinates>11.568308000,55.419081000,0</coordinates>
  </Point>
</Placemark>

<Placemark>
  <name>Sorø</name>
  <styleUrl>#s</styleUrl>
  <description>
<![CDATA[
<table border="1" style="border-collapse:collapse;width:100%">
<tr><td><b>Bane</b></td><td>13</td></tr><tr><td><b>TIB</b></td><td>1</td></tr><tr><td><b>Navn</b></td><td>Sorø</td></tr><tr><td><b>Forkortelse</b></td><td>So</td></tr><tr><td><b>Uddybende placering</b></td><td>Relæhus, anlæg 2</td></tr><tr><td><b>Bygningsnummer</b></td><td>So 010</td></tr><tr><td><b>Equipment</b></td><td>10711534</td></tr><tr><td><b>Datagennemgang</b></td><td>Match</td></tr><tr><td><b>GPS Nord</b></td><td>55.419081000</td></tr><tr><td><b>GPS Øst</b></td><td>11.568308000</td></tr><tr><td><b>Kilometrering</b></td><td>78.4</td></tr><tr><td><b>Jernbanesikkerhed</b></td><td>2</td></tr><tr><td><b>Forsyningstavle</b></td><td>016.079.A1</td></tr><tr><td><b>Idriftsættelses dato</b></td><td>Tue Sep 22 2020 00:00:00 GMT+0200 (Central European Summer Time)</td></tr><tr><td><b>Ventilationstype</b></td><td>Splitanlæg</td></tr><tr><td><b>Køleeffekt (kW)</b></td><td>3.5</td></tr><tr><td><b>Kølemiddel</b></td><td>R410A</td></tr><tr><td><b>Kølemiddelmængde (kg)</b></td><td>1.05</td></tr><tr><td><b>Producent</b></td><td>Hitachi</td></tr><tr><td><b>Model</b></td><td>RAC-35WPB</td></tr><tr><td><b>Serienummer</b></td><td>014050</td></tr>
</table>
]]>
</description>
  <Point>
    <coordinates>11.568308000,55.419081000,0</coordinates>
  </Point>
</Placemark>

<Placemark>
  <name>Sorø - Slagelse</name>
  <styleUrl>#s</styleUrl>
  <description>
<![CDATA[
<table border="1" style="border-collapse:collapse;width:100%">
<tr><td><b>Bane</b></td><td>13</td></tr><tr><td><b>TIB</b></td><td>1</td></tr><tr><td><b>Navn</b></td><td>Sorø - Slagelse</td></tr><tr><td><b>Forkortelse</b></td><td>So - Sg</td></tr><tr><td><b>Uddybende placering</b></td><td>Relæhus</td></tr><tr><td><b>Bygningsnummer</b></td><td>So-Sg 085900</td></tr><tr><td><b>Equipment</b></td><td>10445746</td></tr><tr><td><b>Datagennemgang</b></td><td>Match</td></tr><tr><td><b>GPS Nord</b></td><td>55.407995000</td></tr><tr><td><b>GPS Øst</b></td><td>11.453574000</td></tr><tr><td><b>Kilometrering</b></td><td>86</td></tr><tr><td><b>Jernbanesikkerhed</b></td><td>2</td></tr><tr><td><b>Forsyningstavle</b></td><td>016.080.F1</td></tr><tr><td><b>Idriftsættelses dato</b></td><td>Mon Oct 05 2015 00:00:00 GMT+0200 (Central European Summer Time)</td></tr><tr><td><b>Ventilationstype</b></td><td>Splitanlæg</td></tr><tr><td><b>Køleeffekt (kW)</b></td><td>3.5</td></tr><tr><td><b>Kølemiddel</b></td><td>R410A</td></tr><tr><td><b>Kølemiddelmængde (kg)</b></td><td>1.05</td></tr><tr><td><b>Producent</b></td><td>Hitachi</td></tr><tr><td><b>Model</b></td><td>RAC-35WPB</td></tr><tr><td><b>Serienummer</b></td><td>012086</td></tr>
</table>
]]>
</description>
  <Point>
    <coordinates>11.453574000,55.407995000,0</coordinates>
  </Point>
</Placemark>

<Placemark>
  <name>Sorø - Slagelse</name>
  <styleUrl>#s</styleUrl>
  <description>
<![CDATA[
<table border="1" style="border-collapse:collapse;width:100%">
<tr><td><b>Bane</b></td><td>13</td></tr><tr><td><b>TIB</b></td><td>1</td></tr><tr><td><b>Navn</b></td><td>Sorø - Slagelse</td></tr><tr><td><b>Forkortelse</b></td><td>So - Sg</td></tr><tr><td><b>Uddybende placering</b></td><td>AM hytte 1833</td></tr><tr><td><b>Bygningsnummer</b></td><td>So-Sg 083300</td></tr><tr><td><b>Equipment</b></td><td>10889317</td></tr><tr><td><b>Datagennemgang</b></td><td>Match</td></tr><tr><td><b>GPS Nord</b></td><td>55.407343000</td></tr><tr><td><b>GPS Øst</b></td><td> 11.495287000</td></tr><tr><td><b>Kilometrering</b></td><td>83.344</td></tr><tr><td><b>Jernbanesikkerhed</b></td><td>2</td></tr><tr><td><b>Forsyningstavle</b></td><td>016.080.B2</td></tr><tr><td><b>Idriftsættelses dato</b></td><td>Mon Apr 07 2025 00:00:00 GMT+0200 (Central European Summer Time)</td></tr><tr><td><b>Ventilationstype</b></td><td>Splitanlæg</td></tr><tr><td><b>Køleeffekt (kW)</b></td><td>2.5</td></tr><tr><td><b>Kølemiddel</b></td><td>R32</td></tr><tr><td><b>Kølemiddelmængde (kg)</b></td><td>1.2</td></tr><tr><td><b>Producent</b></td><td>Mitsubishi</td></tr><tr><td><b>Model</b></td><td>SRC25ZSX-WA</td></tr><tr><td><b>Serienummer</b></td><td>483800106CE</td></tr>
</table>
]]>
</description>
  <Point>
    <coordinates> 11.495287000,55.407343000,0</coordinates>
  </Point>
</Placemark>

<Placemark>
  <name>Sorø - Slagelse</name>
  <styleUrl>#s</styleUrl>
  <description>
<![CDATA[
<table border="1" style="border-collapse:collapse;width:100%">
<tr><td><b>Bane</b></td><td>13</td></tr><tr><td><b>TIB</b></td><td>1</td></tr><tr><td><b>Navn</b></td><td>Sorø - Slagelse</td></tr><tr><td><b>Forkortelse</b></td><td>So - Sg</td></tr><tr><td><b>Uddybende placering</b></td><td>AM hytte 1813</td></tr><tr><td><b>Bygningsnummer</b></td><td>So-Sg 081300</td></tr><tr><td><b>Equipment</b></td><td>10889318</td></tr><tr><td><b>Datagennemgang</b></td><td>Match</td></tr><tr><td><b>GPS Nord</b></td><td>55.415353000</td></tr><tr><td><b>GPS Øst</b></td><td>11.523124000</td></tr><tr><td><b>Kilometrering</b></td><td>81.342</td></tr><tr><td><b>Jernbanesikkerhed</b></td><td>2</td></tr><tr><td><b>Forsyningstavle</b></td><td>016.080.A1</td></tr><tr><td><b>Idriftsættelses dato</b></td><td>Tue Apr 08 2025 00:00:00 GMT+0200 (Central European Summer Time)</td></tr><tr><td><b>Ventilationstype</b></td><td>Splitanlæg</td></tr><tr><td><b>Køleeffekt (kW)</b></td><td>2.5</td></tr><tr><td><b>Kølemiddel</b></td><td>R32</td></tr><tr><td><b>Kølemiddelmængde (kg)</b></td><td>1.2</td></tr><tr><td><b>Producent</b></td><td>Mitsubishi</td></tr><tr><td><b>Model</b></td><td>SRC25ZSX-WA</td></tr><tr><td><b>Serienummer</b></td><td>483800110CE</td></tr>
</table>
]]>
</description>
  <Point>
    <coordinates>11.523124000,55.415353000,0</coordinates>
  </Point>
</Placemark>

<Placemark>
  <name>Sorø - Slagelse</name>
  <styleUrl>#s</styleUrl>
  <description>
<![CDATA[
<table border="1" style="border-collapse:collapse;width:100%">
<tr><td><b>Bane</b></td><td>13</td></tr><tr><td><b>TIB</b></td><td>1</td></tr><tr><td><b>Navn</b></td><td>Sorø - Slagelse</td></tr><tr><td><b>Forkortelse</b></td><td>So - Sg</td></tr><tr><td><b>Uddybende placering</b></td><td>I hytte 1795</td></tr><tr><td><b>Bygningsnummer</b></td><td>So-Sg 079500</td></tr><tr><td><b>Equipment</b></td><td>10889319</td></tr><tr><td><b>Datagennemgang</b></td><td>Match</td></tr><tr><td><b>GPS Nord</b></td><td>55.418026000</td></tr><tr><td><b>GPS Øst</b></td><td>11.550452000</td></tr><tr><td><b>Kilometrering</b></td><td>79.539</td></tr><tr><td><b>Jernbanesikkerhed</b></td><td>2</td></tr><tr><td><b>Forsyningstavle</b></td><td>016.079.A1.1.1</td></tr><tr><td><b>Idriftsættelses dato</b></td><td>Wed Apr 09 2025 00:00:00 GMT+0200 (Central European Summer Time)</td></tr><tr><td><b>Ventilationstype</b></td><td>Splitanlæg</td></tr><tr><td><b>Køleeffekt (kW)</b></td><td>2.5</td></tr><tr><td><b>Kølemiddel</b></td><td>R32</td></tr><tr><td><b>Kølemiddelmængde (kg)</b></td><td>1.2</td></tr><tr><td><b>Producent</b></td><td>Mitsubishi</td></tr><tr><td><b>Model</b></td><td>SRK25ZZSX-WF</td></tr><tr><td><b>Serienummer</b></td><td>456401342CF</td></tr>
</table>
]]>
</description>
  <Point>
    <coordinates>11.550452000,55.418026000,0</coordinates>
  </Point>
</Placemark>

<Placemark>
  <name>Sorø - Slagelse</name>
  <styleUrl>#s</styleUrl>
  <description>
<![CDATA[
<table border="1" style="border-collapse:collapse;width:100%">
<tr><td><b>Bane</b></td><td>13</td></tr><tr><td><b>TIB</b></td><td>1</td></tr><tr><td><b>Navn</b></td><td>Sorø - Slagelse</td></tr><tr><td><b>Forkortelse</b></td><td>So - Sg</td></tr><tr><td><b>Uddybende placering</b></td><td>AM hytte 1904</td></tr><tr><td><b>Bygningsnummer</b></td><td>So-Sg 090400</td></tr><tr><td><b>Equipment</b></td><td>10903901</td></tr><tr><td><b>Datagennemgang</b></td><td>Match</td></tr><tr><td><b>GPS Nord</b></td><td> 55.414210000</td></tr><tr><td><b>GPS Øst</b></td><td> 11.384085000</td></tr><tr><td><b>Kilometrering</b></td><td>90.4</td></tr><tr><td><b>Jernbanesikkerhed</b></td><td>1</td></tr><tr><td><b>Forsyningstavle</b></td><td>016.080.E1</td></tr><tr><td><b>Idriftsættelses dato</b></td><td>Wed Nov 26 2025 00:00:00 GMT+0100 (Central European Standard Time)</td></tr><tr><td><b>Ventilationstype</b></td><td>Splitanlæg</td></tr><tr><td><b>Køleeffekt (kW)</b></td><td>2.5</td></tr><tr><td><b>Kølemiddel</b></td><td>R32</td></tr><tr><td><b>Kølemiddelmængde (kg)</b></td><td>1.2</td></tr><tr><td><b>Producent</b></td><td>Mitsubishi</td></tr><tr><td><b>Model</b></td><td>SRC25ZSX-WA</td></tr><tr><td><b>Serienummer</b></td><td>545700023CE</td></tr>
</table>
]]>
</description>
  <Point>
    <coordinates> 11.384085000, 55.414210000,0</coordinates>
  </Point>
</Placemark>

<Placemark>
  <name>Sorø - Slagelse</name>
  <styleUrl>#s</styleUrl>
  <description>
<![CDATA[
<table border="1" style="border-collapse:collapse;width:100%">
<tr><td><b>Bane</b></td><td>13</td></tr><tr><td><b>TIB</b></td><td>1</td></tr><tr><td><b>Navn</b></td><td>Sorø - Slagelse</td></tr><tr><td><b>Forkortelse</b></td><td>So - Sg</td></tr><tr><td><b>Uddybende placering</b></td><td>AM hytte 1853</td></tr><tr><td><b>Bygningsnummer</b></td><td>So-Sg 085300</td></tr><tr><td><b>Equipment</b></td><td>10905204</td></tr><tr><td><b>Datagennemgang</b></td><td>Match</td></tr><tr><td><b>GPS Nord</b></td><td>55.407383000</td></tr><tr><td><b>GPS Øst</b></td><td>11.464339000</td></tr><tr><td><b>Kilometrering</b></td><td>85.311</td></tr><tr><td><b>Jernbanesikkerhed</b></td><td>1</td></tr><tr><td><b>Forsyningstavle</b></td><td>016.080.C1</td></tr><tr><td><b>Idriftsættelses dato</b></td><td>Mon Dec 22 2025 00:00:00 GMT+0100 (Central European Standard Time)</td></tr><tr><td><b>Ventilationstype</b></td><td>Splitanlæg</td></tr><tr><td><b>Køleeffekt (kW)</b></td><td>2.5</td></tr><tr><td><b>Kølemiddel</b></td><td>R32</td></tr><tr><td><b>Kølemiddelmængde (kg)</b></td><td>1.2</td></tr><tr><td><b>Producent</b></td><td>Mitsubishi</td></tr><tr><td><b>Model</b></td><td>SRC25ZSX-WA</td></tr><tr><td><b>Serienummer</b></td><td>545700010CE</td></tr>
</table>
]]>
</description>
  <Point>
    <coordinates>11.464339000,55.407383000,0</coordinates>
  </Point>
</Placemark>

<Placemark>
  <name>Sorø - Slagelse</name>
  <styleUrl>#s</styleUrl>
  <description>
<![CDATA[
<table border="1" style="border-collapse:collapse;width:100%">
<tr><td><b>Bane</b></td><td>13</td></tr><tr><td><b>TIB</b></td><td>1</td></tr><tr><td><b>Navn</b></td><td>Sorø - Slagelse</td></tr><tr><td><b>Forkortelse</b></td><td>So - Sg</td></tr><tr><td><b>Uddybende placering</b></td><td>AM hytte 1869</td></tr><tr><td><b>Bygningsnummer</b></td><td>So-Sg 086900</td></tr><tr><td><b>Equipment</b></td><td>10905206</td></tr><tr><td><b>Datagennemgang</b></td><td>Match</td></tr><tr><td><b>GPS Nord</b></td><td>55.408937000</td></tr><tr><td><b>GPS Øst</b></td><td>11.438590000</td></tr><tr><td><b>Kilometrering</b></td><td>86.741</td></tr><tr><td><b>Jernbanesikkerhed</b></td><td>1</td></tr><tr><td><b>Forsyningstavle</b></td><td>016.080.F3</td></tr><tr><td><b>Idriftsættelses dato</b></td><td>Tue Dec 23 2025 00:00:00 GMT+0100 (Central European Standard Time)</td></tr><tr><td><b>Ventilationstype</b></td><td>Splitanlæg</td></tr><tr><td><b>Køleeffekt (kW)</b></td><td>2.5</td></tr><tr><td><b>Kølemiddel</b></td><td>R32</td></tr><tr><td><b>Kølemiddelmængde (kg)</b></td><td>1.2</td></tr><tr><td><b>Producent</b></td><td>Mitsubishi</td></tr><tr><td><b>Model</b></td><td>SRC25ZSX-WA</td></tr><tr><td><b>Serienummer</b></td><td>545700007CE</td></tr>
</table>
]]>
</description>
  <Point>
    <coordinates>11.438590000,55.408937000,0</coordinates>
  </Point>
</Placemark>

<Placemark>
  <name>Sorø - Slagelse</name>
  <styleUrl>#s</styleUrl>
  <description>
<![CDATA[
<table border="1" style="border-collapse:collapse;width:100%">
<tr><td><b>Bane</b></td><td>13</td></tr><tr><td><b>TIB</b></td><td>1</td></tr><tr><td><b>Navn</b></td><td>Sorø - Slagelse</td></tr><tr><td><b>Forkortelse</b></td><td>So - Sg</td></tr><tr><td><b>Uddybende placering</b></td><td>AM hytte 1886</td></tr><tr><td><b>Bygningsnummer</b></td><td>So-Sg 088600</td></tr><tr><td><b>Equipment</b></td><td>10905209</td></tr><tr><td><b>Datagennemgang</b></td><td>Match</td></tr><tr><td><b>GPS Nord</b></td><td>55.411137000</td></tr><tr><td><b>GPS Øst</b></td><td>11.412057000</td></tr><tr><td><b>Kilometrering</b></td><td>88.6</td></tr><tr><td><b>Jernbanesikkerhed</b></td><td>1</td></tr><tr><td><b>Forsyningstavle</b></td><td>016.080.D1</td></tr><tr><td><b>Idriftsættelses dato</b></td><td>Mon Nov 24 2025 00:00:00 GMT+0100 (Central European Standard Time)</td></tr><tr><td><b>Ventilationstype</b></td><td>Splitanlæg</td></tr><tr><td><b>Køleeffekt (kW)</b></td><td>2.5</td></tr><tr><td><b>Kølemiddel</b></td><td>R32</td></tr><tr><td><b>Kølemiddelmængde (kg)</b></td><td>1.2</td></tr><tr><td><b>Producent</b></td><td>Mitsubishi</td></tr><tr><td><b>Model</b></td><td>SRK25ZSX-WA</td></tr><tr><td><b>Serienummer</b></td><td>545700018CE</td></tr>
</table>
]]>
</description>
  <Point>
    <coordinates>11.412057000,55.411137000,0</coordinates>
  </Point>
</Placemark>

<Placemark>
  <name>Slagelse</name>
  <styleUrl>#s</styleUrl>
  <description>
<![CDATA[
<table border="1" style="border-collapse:collapse;width:100%">
<tr><td><b>Bane</b></td><td>13</td></tr><tr><td><b>TIB</b></td><td>1</td></tr><tr><td><b>Navn</b></td><td>Slagelse</td></tr><tr><td><b>Forkortelse</b></td><td>Sg</td></tr><tr><td><b>Uddybende placering</b></td><td>Kolonnehus</td></tr><tr><td><b>Bygningsnummer</b></td><td>Sg 008</td></tr><tr><td><b>Equipment</b></td><td>10632749</td></tr><tr><td><b>Datagennemgang</b></td><td>Match</td></tr><tr><td><b>GPS Nord</b></td><td>55.408202000</td></tr><tr><td><b>GPS Øst</b></td><td>11.350318000</td></tr><tr><td><b>Kilometrering</b></td><td>92.8</td></tr><tr><td><b>Jernbanesikkerhed</b></td><td>2</td></tr><tr><td><b>Forsyningstavle</b></td><td>016.093.A2.2 </td></tr><tr><td><b>Idriftsættelses dato</b></td><td>Fri Sep 28 2018 00:00:00 GMT+0200 (Central European Summer Time)</td></tr><tr><td><b>Ventilationstype</b></td><td>Splitanlæg</td></tr><tr><td><b>Køleeffekt (kW)</b></td><td>6.4</td></tr><tr><td><b>Kølemiddel</b></td><td>R410A</td></tr><tr><td><b>Kølemiddelmængde (kg)</b></td><td>2.3</td></tr><tr><td><b>Producent</b></td><td>Hitachi</td></tr><tr><td><b>Model</b></td><td>RAS-3HVNP1E</td></tr><tr><td><b>Serienummer</b></td><td>4NE22281</td></tr>
</table>
]]>
</description>
  <Point>
    <coordinates>11.350318000,55.408202000,0</coordinates>
  </Point>
</Placemark>

<Placemark>
  <name>Slagelse</name>
  <styleUrl>#s</styleUrl>
  <description>
<![CDATA[
<table border="1" style="border-collapse:collapse;width:100%">
<tr><td><b>Bane</b></td><td>13</td></tr><tr><td><b>TIB</b></td><td>1</td></tr><tr><td><b>Navn</b></td><td>Slagelse</td></tr><tr><td><b>Forkortelse</b></td><td>Sg</td></tr><tr><td><b>Uddybende placering</b></td><td>Kolonnehus</td></tr><tr><td><b>Bygningsnummer</b></td><td>Sg 008</td></tr><tr><td><b>Equipment</b></td><td>10903314</td></tr><tr><td><b>Datagennemgang</b></td><td>Match</td></tr><tr><td><b>GPS Nord</b></td><td>55.408212000</td></tr><tr><td><b>GPS Øst</b></td><td>11.350318000</td></tr><tr><td><b>Kilometrering</b></td><td>92.8</td></tr><tr><td><b>Jernbanesikkerhed</b></td><td>2</td></tr><tr><td><b>Forsyningstavle</b></td><td>016.093.A2.2 </td></tr><tr><td><b>Idriftsættelses dato</b></td><td>Fri Sep 28 2018 00:00:00 GMT+0200 (Central European Summer Time)</td></tr><tr><td><b>Ventilationstype</b></td><td>Splitanlæg</td></tr><tr><td><b>Køleeffekt (kW)</b></td><td>5</td></tr><tr><td><b>Kølemiddel</b></td><td>R32</td></tr><tr><td><b>Kølemiddelmængde (kg)</b></td><td>1.3</td></tr><tr><td><b>Producent</b></td><td>Mitsubishi</td></tr><tr><td><b>Model</b></td><td>SRC50ZSX-W3</td></tr><tr><td><b>Serienummer</b></td><td>546804772CEQ</td></tr>
</table>
]]>
</description>
  <Point>
    <coordinates>11.350318000,55.408212000,0</coordinates>
  </Point>
</Placemark>

<Placemark>
  <name>Slagelse</name>
  <styleUrl>#s</styleUrl>
  <description>
<![CDATA[
<table border="1" style="border-collapse:collapse;width:100%">
<tr><td><b>Bane</b></td><td>13</td></tr><tr><td><b>TIB</b></td><td>1</td></tr><tr><td><b>Navn</b></td><td>Slagelse</td></tr><tr><td><b>Forkortelse</b></td><td>Sg</td></tr><tr><td><b>Uddybende placering</b></td><td>Kolonnehus, UPS rum</td></tr><tr><td><b>Bygningsnummer</b></td><td>Sg 008</td></tr><tr><td><b>Equipment</b></td><td>10930106</td></tr><tr><td><b>Datagennemgang</b></td><td>Not Found</td></tr><tr><td><b>GPS Nord</b></td><td>55.408162000</td></tr><tr><td><b>GPS Øst</b></td><td>11.350078000</td></tr><tr><td><b>Kilometrering</b></td><td>92.8</td></tr><tr><td><b>Jernbanesikkerhed</b></td><td>2</td></tr><tr><td><b>Forsyningstavle</b></td><td>016.093.A2.2 </td></tr><tr><td><b>Idriftsættelses dato</b></td><td>Wed Jun 24 2026 00:00:00 GMT+0200 (Central European Summer Time)</td></tr><tr><td><b>Ventilationstype</b></td><td>Splitanlæg</td></tr><tr><td><b>Køleeffekt (kW)</b></td><td>3.5</td></tr><tr><td><b>Kølemiddel</b></td><td>R32</td></tr><tr><td><b>Kølemiddelmængde (kg)</b></td><td>1.2</td></tr><tr><td><b>Producent</b></td><td>Mitsubishi</td></tr><tr><td><b>Model</b></td><td>SRC35ZSX-WA</td></tr><tr><td><b>Serienummer</b></td><td>483900308CE</td></tr>
</table>
]]>
</description>
  <Point>
    <coordinates>11.350078000,55.408162000,0</coordinates>
  </Point>
</Placemark>

<Placemark>
  <name>Slagelse</name>
  <styleUrl>#s</styleUrl>
  <description>
<![CDATA[
<table border="1" style="border-collapse:collapse;width:100%">
<tr><td><b>Bane</b></td><td>13</td></tr><tr><td><b>TIB</b></td><td>1</td></tr><tr><td><b>Navn</b></td><td>Slagelse</td></tr><tr><td><b>Forkortelse</b></td><td>Sg</td></tr><tr><td><b>Uddybende placering</b></td><td>U hytte 1919</td></tr><tr><td><b>Bygningsnummer</b></td><td>Sg 091940</td></tr><tr><td><b>Equipment</b></td><td>10903903</td></tr><tr><td><b>Datagennemgang</b></td><td>Match</td></tr><tr><td><b>GPS Nord</b></td><td> 55.411500000</td></tr><tr><td><b>GPS Øst</b></td><td> 11.362210000</td></tr><tr><td><b>Kilometrering</b></td><td>91.92</td></tr><tr><td><b>Jernbanesikkerhed</b></td><td>2</td></tr><tr><td><b>Forsyningstavle</b></td><td>016.093.A1.2.1</td></tr><tr><td><b>Idriftsættelses dato</b></td><td>Wed Nov 26 2025 00:00:00 GMT+0100 (Central European Standard Time)</td></tr><tr><td><b>Ventilationstype</b></td><td>Splitanlæg</td></tr><tr><td><b>Køleeffekt (kW)</b></td><td>2.5</td></tr><tr><td><b>Kølemiddel</b></td><td>R32</td></tr><tr><td><b>Kølemiddelmængde (kg)</b></td><td>1.2</td></tr><tr><td><b>Producent</b></td><td>Mitsubishi</td></tr><tr><td><b>Model</b></td><td>SRC25ZSX-WA</td></tr><tr><td><b>Serienummer</b></td><td>545700021CE</td></tr>
</table>
]]>
</description>
  <Point>
    <coordinates> 11.362210000, 55.411500000,0</coordinates>
  </Point>
</Placemark>

<Placemark>
  <name>Forlev</name>
  <styleUrl>#s</styleUrl>
  <description>
<![CDATA[
<table border="1" style="border-collapse:collapse;width:100%">
<tr><td><b>Bane</b></td><td>13</td></tr><tr><td><b>TIB</b></td><td>1</td></tr><tr><td><b>Navn</b></td><td>Forlev</td></tr><tr><td><b>Forkortelse</b></td><td>Fo</td></tr><tr><td><b>Uddybende placering</b></td><td>Relæhus</td></tr><tr><td><b>Bygningsnummer</b></td><td>Fo 099933</td></tr><tr><td><b>Equipment</b></td><td>10145884</td></tr><tr><td><b>Datagennemgang</b></td><td>Match</td></tr><tr><td><b>GPS Nord</b></td><td>55.375163000</td></tr><tr><td><b>GPS Øst</b></td><td>11.258594000</td></tr><tr><td><b>Kilometrering</b></td><td>99.9</td></tr><tr><td><b>Jernbanesikkerhed</b></td><td>2</td></tr><tr><td><b>Forsyningstavle</b></td><td>016.101.A1</td></tr><tr><td><b>Idriftsættelses dato</b></td><td>Tue Sep 29 2015 00:00:00 GMT+0200 (Central European Summer Time)</td></tr><tr><td><b>Ventilationstype</b></td><td>Splitanlæg</td></tr><tr><td><b>Køleeffekt (kW)</b></td><td>3.5</td></tr><tr><td><b>Kølemiddel</b></td><td>R410A</td></tr><tr><td><b>Kølemiddelmængde (kg)</b></td><td>1.05</td></tr><tr><td><b>Producent</b></td><td>Hitachi</td></tr><tr><td><b>Model</b></td><td>RAC-35WPB</td></tr><tr><td><b>Serienummer</b></td><td>011281</td></tr>
</table>
]]>
</description>
  <Point>
    <coordinates>11.258594000,55.375163000,0</coordinates>
  </Point>
</Placemark>

<Placemark>
  <name>Forlev - Korsør</name>
  <styleUrl>#s</styleUrl>
  <description>
<![CDATA[
<table border="1" style="border-collapse:collapse;width:100%">
<tr><td><b>Bane</b></td><td>13</td></tr><tr><td><b>TIB</b></td><td>1</td></tr><tr><td><b>Navn</b></td><td>Forlev - Korsør</td></tr><tr><td><b>Forkortelse</b></td><td>Fo - Kø</td></tr><tr><td><b>Uddybende placering</b></td><td>AM hytte 1104</td></tr><tr><td><b>Bygningsnummer</b></td><td>Fo-Kø 103836</td></tr><tr><td><b>Equipment</b></td><td>10894791</td></tr><tr><td><b>Datagennemgang</b></td><td>Match</td></tr><tr><td><b>GPS Nord</b></td><td>55.362658000</td></tr><tr><td><b>GPS Øst</b></td><td>11.203483000</td></tr><tr><td><b>Kilometrering</b></td><td>103.839</td></tr><tr><td><b>Jernbanesikkerhed</b></td><td>2</td></tr><tr><td><b>Forsyningstavle</b></td><td>016.102.A1</td></tr><tr><td><b>Idriftsættelses dato</b></td><td>Fri May 09 2025 00:00:00 GMT+0200 (Central European Summer Time)</td></tr><tr><td><b>Ventilationstype</b></td><td>Splitanlæg</td></tr><tr><td><b>Køleeffekt (kW)</b></td><td>2.5</td></tr><tr><td><b>Kølemiddel</b></td><td>R32</td></tr><tr><td><b>Kølemiddelmængde (kg)</b></td><td>1.2</td></tr><tr><td><b>Producent</b></td><td>Mitsubishi</td></tr><tr><td><b>Model</b></td><td>SRK25ZZSX-WF</td></tr><tr><td><b>Serienummer</b></td><td>456401284CFI</td></tr>
</table>
]]>
</description>
  <Point>
    <coordinates>11.203483000,55.362658000,0</coordinates>
  </Point>
</Placemark>

<Placemark>
  <name>Fjenneslev</name>
  <styleUrl>#s</styleUrl>
  <description>
<![CDATA[
<table border="1" style="border-collapse:collapse;width:100%">
<tr><td><b>Bane</b></td><td>13</td></tr><tr><td><b>TIB</b></td><td>1</td></tr><tr><td><b>Navn</b></td><td>Fjenneslev</td></tr><tr><td><b>Forkortelse</b></td><td>Fj</td></tr><tr><td><b>Uddybende placering</b></td><td>U hytte 1707</td></tr><tr><td><b>Bygningsnummer</b></td><td>Fj 070700</td></tr><tr><td><b>Equipment</b></td><td>10904010</td></tr><tr><td><b>Datagennemgang</b></td><td>Match</td></tr><tr><td><b>GPS Nord</b></td><td>55.443882000</td></tr><tr><td><b>GPS Øst</b></td><td>11.679867000</td></tr><tr><td><b>Kilometrering</b></td><td>70.7</td></tr><tr><td><b>Jernbanesikkerhed</b></td><td>2</td></tr><tr><td><b>Forsyningstavle</b></td><td>016.071.A1.2</td></tr><tr><td><b>Idriftsættelses dato</b></td><td>Thu Aug 21 2025 00:00:00 GMT+0200 (Central European Summer Time)</td></tr><tr><td><b>Ventilationstype</b></td><td>Splitanlæg</td></tr><tr><td><b>Køleeffekt (kW)</b></td><td>2.5</td></tr><tr><td><b>Kølemiddel</b></td><td>R32</td></tr><tr><td><b>Kølemiddelmængde (kg)</b></td><td>1.2</td></tr><tr><td><b>Producent</b></td><td>Mitsubishi</td></tr><tr><td><b>Model</b></td><td>SRC25ZSX-WA</td></tr><tr><td><b>Serienummer</b></td><td>483800122CE</td></tr>
</table>
]]>
</description>
  <Point>
    <coordinates>11.679867000,55.443882000,0</coordinates>
  </Point>
</Placemark>

<Placemark>
  <name>Ringsted - Næstved</name>
  <styleUrl>#s</styleUrl>
  <description>
<![CDATA[
<table border="1" style="border-collapse:collapse;width:100%">
<tr><td><b>Bane</b></td><td>21</td></tr><tr><td><b>TIB</b></td><td>2</td></tr><tr><td><b>Navn</b></td><td>Ringsted - Næstved</td></tr><tr><td><b>Forkortelse</b></td><td>Rg - Næ</td></tr><tr><td><b>Uddybende placering</b></td><td>Teknisk hytte, Skullerupvej</td></tr><tr><td><b>Bygningsnummer</b></td><td>Rg-Næ 077879</td></tr><tr><td><b>Equipment</b></td><td>10831360</td></tr><tr><td><b>Datagennemgang</b></td><td>Match</td></tr><tr><td><b>GPS Nord</b></td><td>55.338200000</td></tr><tr><td><b>GPS Øst</b></td><td>11.715703000</td></tr><tr><td><b>Kilometrering</b></td><td>77.6</td></tr><tr><td><b>Jernbanesikkerhed</b></td><td>2</td></tr><tr><td><b>Forsyningstavle</b></td><td>022.011.C1</td></tr><tr><td><b>Idriftsættelses dato</b></td><td>Wed Feb 08 2023 00:00:00 GMT+0100 (Central European Standard Time)</td></tr><tr><td><b>Ventilationstype</b></td><td>Splitanlæg</td></tr><tr><td><b>Køleeffekt (kW)</b></td><td>3.5</td></tr><tr><td><b>Kølemiddel</b></td><td>R32</td></tr><tr><td><b>Kølemiddelmængde (kg)</b></td><td>1</td></tr><tr><td><b>Producent</b></td><td>Panasonic</td></tr><tr><td><b>Model</b></td><td>CU-NZ35TKE</td></tr><tr><td><b>Serienummer</b></td><td>6567300472</td></tr>
</table>
]]>
</description>
  <Point>
    <coordinates>11.715703000,55.338200000,0</coordinates>
  </Point>
</Placemark>

<Placemark>
  <name>Ringsted - Næstved</name>
  <styleUrl>#s</styleUrl>
  <description>
<![CDATA[
<table border="1" style="border-collapse:collapse;width:100%">
<tr><td><b>Bane</b></td><td>21</td></tr><tr><td><b>TIB</b></td><td>2</td></tr><tr><td><b>Navn</b></td><td>Ringsted - Næstved</td></tr><tr><td><b>Forkortelse</b></td><td>Rg - Næ</td></tr><tr><td><b>Uddybende placering</b></td><td>Radiohytte</td></tr><tr><td><b>Bygningsnummer</b></td><td>Gz 004</td></tr><tr><td><b>Equipment</b></td><td>10145495</td></tr><tr><td><b>Datagennemgang</b></td><td>Match</td></tr><tr><td><b>GPS Nord</b></td><td>55.353216000</td></tr><tr><td><b>GPS Øst</b></td><td>11.695676000</td></tr><tr><td><b>Kilometrering</b></td><td>75.681</td></tr><tr><td><b>Jernbanesikkerhed</b></td><td>1</td></tr><tr><td><b>Forsyningstavle</b></td><td>022.011.A6</td></tr><tr><td><b>Idriftsættelses dato</b></td><td>Mon Apr 08 2024 00:00:00 GMT+0200 (Central European Summer Time)</td></tr><tr><td><b>Ventilationstype</b></td><td>Splitanlæg</td></tr><tr><td><b>Køleeffekt (kW)</b></td><td>3.5</td></tr><tr><td><b>Kølemiddel</b></td><td>R410A</td></tr><tr><td><b>Kølemiddelmængde (kg)</b></td><td>0.87</td></tr><tr><td><b>Producent</b></td><td>Hitachi</td></tr><tr><td><b>Model</b></td><td>RAC-35YH6</td></tr><tr><td><b>Serienummer</b></td><td>200882</td></tr>
</table>
]]>
</description>
  <Point>
    <coordinates>11.695676000,55.353216000,0</coordinates>
  </Point>
</Placemark>

<Placemark>
  <name>Ringsted - Næstved</name>
  <styleUrl>#s</styleUrl>
  <description>
<![CDATA[
<table border="1" style="border-collapse:collapse;width:100%">
<tr><td><b>Bane</b></td><td>21</td></tr><tr><td><b>TIB</b></td><td>2</td></tr><tr><td><b>Navn</b></td><td>Ringsted - Næstved</td></tr><tr><td><b>Forkortelse</b></td><td>Rg - Næ</td></tr><tr><td><b>Uddybende placering</b></td><td>Teknisk hytte, Tyvelsevej</td></tr><tr><td><b>Bygningsnummer</b></td><td>Rg-Næ 070425</td></tr><tr><td><b>Equipment</b></td><td>10831359</td></tr><tr><td><b>Datagennemgang</b></td><td>Match</td></tr><tr><td><b>GPS Nord</b></td><td>55.392299000</td></tr><tr><td><b>GPS Øst</b></td><td>11.737132000</td></tr><tr><td><b>Kilometrering</b></td><td>79.4</td></tr><tr><td><b>Jernbanesikkerhed</b></td><td>2</td></tr><tr><td><b>Forsyningstavle</b></td><td>022.002.D1</td></tr><tr><td><b>Idriftsættelses dato</b></td><td>Wed Feb 08 2023 00:00:00 GMT+0100 (Central European Standard Time)</td></tr><tr><td><b>Ventilationstype</b></td><td>Splitanlæg</td></tr><tr><td><b>Køleeffekt (kW)</b></td><td>3.5</td></tr><tr><td><b>Kølemiddel</b></td><td>R32</td></tr><tr><td><b>Kølemiddelmængde (kg)</b></td><td>1.6</td></tr><tr><td><b>Producent</b></td><td>Mitsubishi</td></tr><tr><td><b>Model</b></td><td>SRC35ZSX-WA</td></tr><tr><td><b>Serienummer</b></td><td>373800333CE</td></tr>
</table>
]]>
</description>
  <Point>
    <coordinates>11.737132000,55.392299000,0</coordinates>
  </Point>
</Placemark>

<Placemark>
  <name>Ringsted - Næstved</name>
  <styleUrl>#s</styleUrl>
  <description>
<![CDATA[
<table border="1" style="border-collapse:collapse;width:100%">
<tr><td><b>Bane</b></td><td>21</td></tr><tr><td><b>TIB</b></td><td>2</td></tr><tr><td><b>Navn</b></td><td>Ringsted - Næstved</td></tr><tr><td><b>Forkortelse</b></td><td>Rg - Næ</td></tr><tr><td><b>Uddybende placering</b></td><td>Teknisk hytte, Køberupvej</td></tr><tr><td><b>Bygningsnummer</b></td><td>Rg-Næ 084500</td></tr><tr><td><b>Equipment</b></td><td>10831361</td></tr><tr><td><b>Datagennemgang</b></td><td>Match</td></tr><tr><td><b>GPS Nord</b></td><td>55.285261000</td></tr><tr><td><b>GPS Øst</b></td><td>11.742972000</td></tr><tr><td><b>Kilometrering</b></td><td>84.4</td></tr><tr><td><b>Jernbanesikkerhed</b></td><td>2</td></tr><tr><td><b>Forsyningstavle</b></td><td>022.014.B3</td></tr><tr><td><b>Idriftsættelses dato</b></td><td>Wed Feb 08 2023 00:00:00 GMT+0100 (Central European Standard Time)</td></tr><tr><td><b>Ventilationstype</b></td><td>Splitanlæg</td></tr><tr><td><b>Køleeffekt (kW)</b></td><td>3.5</td></tr><tr><td><b>Kølemiddel</b></td><td>R32</td></tr><tr><td><b>Kølemiddelmængde (kg)</b></td><td>1</td></tr><tr><td><b>Producent</b></td><td>Panasonic</td></tr><tr><td><b>Model</b></td><td>CU-Z35TKEA</td></tr><tr><td><b>Serienummer</b></td><td>6569901265</td></tr>
</table>
]]>
</description>
  <Point>
    <coordinates>11.742972000,55.285261000,0</coordinates>
  </Point>
</Placemark>

<Placemark>
  <name>Ringsted - Næstved</name>
  <styleUrl>#s</styleUrl>
  <description>
<![CDATA[
<table border="1" style="border-collapse:collapse;width:100%">
<tr><td><b>Bane</b></td><td>21</td></tr><tr><td><b>TIB</b></td><td>2</td></tr><tr><td><b>Navn</b></td><td>Ringsted - Næstved</td></tr><tr><td><b>Forkortelse</b></td><td>Rg - Næ</td></tr><tr><td><b>Uddybende placering</b></td><td>Teknisk hytte, Kalbyrisvej</td></tr><tr><td><b>Bygningsnummer</b></td><td>Rg-Næ 089461</td></tr><tr><td><b>Equipment</b></td><td>10831362</td></tr><tr><td><b>Datagennemgang</b></td><td>Match</td></tr><tr><td><b>GPS Nord</b></td><td>55.242145000</td></tr><tr><td><b>GPS Øst</b></td><td>11.760822000</td></tr><tr><td><b>Kilometrering</b></td><td>89.4</td></tr><tr><td><b>Jernbanesikkerhed</b></td><td>2</td></tr><tr><td><b>Forsyningstavle</b></td><td>022.014.I1</td></tr><tr><td><b>Idriftsættelses dato</b></td><td>Tue Sep 01 2020 00:00:00 GMT+0200 (Central European Summer Time)</td></tr><tr><td><b>Ventilationstype</b></td><td>Splitanlæg</td></tr><tr><td><b>Køleeffekt (kW)</b></td><td>3.5</td></tr><tr><td><b>Kølemiddel</b></td><td>R32</td></tr><tr><td><b>Kølemiddelmængde (kg)</b></td><td>1</td></tr><tr><td><b>Producent</b></td><td>Panasonic</td></tr><tr><td><b>Model</b></td><td>CU-NZ35TKE</td></tr><tr><td><b>Serienummer</b></td><td>6567300515</td></tr>
</table>
]]>
</description>
  <Point>
    <coordinates>11.760822000,55.242145000,0</coordinates>
  </Point>
</Placemark>

<Placemark>
  <name>Næstved</name>
  <styleUrl>#s</styleUrl>
  <description>
<![CDATA[
<table border="1" style="border-collapse:collapse;width:100%">
<tr><td><b>Bane</b></td><td>21</td></tr><tr><td><b>TIB</b></td><td>2</td></tr><tr><td><b>Navn</b></td><td>Næstved</td></tr><tr><td><b>Forkortelse</b></td><td>Næ</td></tr><tr><td><b>Uddybende placering</b></td><td>Relæhus</td></tr><tr><td><b>Bygningsnummer</b></td><td>Næ 037</td></tr><tr><td><b>Equipment</b></td><td>10144945</td></tr><tr><td><b>Datagennemgang</b></td><td>Match</td></tr><tr><td><b>GPS Nord</b></td><td>55.234377000</td></tr><tr><td><b>GPS Øst</b></td><td>11.765310000</td></tr><tr><td><b>Kilometrering</b></td><td>90.3</td></tr><tr><td><b>Jernbanesikkerhed</b></td><td>2</td></tr><tr><td><b>Forsyningstavle</b></td><td>023.000.C4</td></tr><tr><td><b>Idriftsættelses dato</b></td><td>Thu May 20 2021 00:00:00 GMT+0200 (Central European Summer Time)</td></tr><tr><td><b>Ventilationstype</b></td><td>Splitanlæg</td></tr><tr><td><b>Køleeffekt (kW)</b></td><td>5.15</td></tr><tr><td><b>Kølemiddel</b></td><td>R410A</td></tr><tr><td><b>Kølemiddelmængde (kg)</b></td><td>1.3</td></tr><tr><td><b>Producent</b></td><td>Sanyo</td></tr><tr><td><b>Model</b></td><td>SAP-CRV186EH</td></tr><tr><td><b>Serienummer</b></td><td>00260395</td></tr>
</table>
]]>
</description>
  <Point>
    <coordinates>11.765310000,55.234377000,0</coordinates>
  </Point>
</Placemark>

<Placemark>
  <name>Næstved</name>
  <styleUrl>#s</styleUrl>
  <description>
<![CDATA[
<table border="1" style="border-collapse:collapse;width:100%">
<tr><td><b>Bane</b></td><td>21</td></tr><tr><td><b>TIB</b></td><td>2</td></tr><tr><td><b>Navn</b></td><td>Næstved</td></tr><tr><td><b>Forkortelse</b></td><td>Næ</td></tr><tr><td><b>Uddybende placering</b></td><td>Relæhus</td></tr><tr><td><b>Bygningsnummer</b></td><td>Næ 037</td></tr><tr><td><b>Equipment</b></td><td>10144948</td></tr><tr><td><b>Datagennemgang</b></td><td>Match</td></tr><tr><td><b>GPS Nord</b></td><td>55.234404000</td></tr><tr><td><b>GPS Øst</b></td><td>11.765274000</td></tr><tr><td><b>Kilometrering</b></td><td>90.3</td></tr><tr><td><b>Jernbanesikkerhed</b></td><td>2</td></tr><tr><td><b>Forsyningstavle</b></td><td>023.000.C4</td></tr><tr><td><b>Idriftsættelses dato</b></td><td>Thu May 20 2021 00:00:00 GMT+0200 (Central European Summer Time)</td></tr><tr><td><b>Ventilationstype</b></td><td>Splitanlæg</td></tr><tr><td><b>Køleeffekt (kW)</b></td><td>3.5</td></tr><tr><td><b>Kølemiddel</b></td><td>R410A</td></tr><tr><td><b>Kølemiddelmængde (kg)</b></td><td>1</td></tr><tr><td><b>Producent</b></td><td>Hitachi</td></tr><tr><td><b>Model</b></td><td>RAC-35WPA</td></tr><tr><td><b>Serienummer</b></td><td>002067</td></tr>
</table>
]]>
</description>
  <Point>
    <coordinates>11.765274000,55.234404000,0</coordinates>
  </Point>
</Placemark>

<Placemark>
  <name>Næstved</name>
  <styleUrl>#s</styleUrl>
  <description>
<![CDATA[
<table border="1" style="border-collapse:collapse;width:100%">
<tr><td><b>Bane</b></td><td>21</td></tr><tr><td><b>TIB</b></td><td>2</td></tr><tr><td><b>Navn</b></td><td>Næstved</td></tr><tr><td><b>Forkortelse</b></td><td>Næ</td></tr><tr><td><b>Uddybende placering</b></td><td>Relæhus</td></tr><tr><td><b>Bygningsnummer</b></td><td>Næ 036</td></tr><tr><td><b>Equipment</b></td><td>10144951</td></tr><tr><td><b>Datagennemgang</b></td><td>Match</td></tr><tr><td><b>GPS Nord</b></td><td>55.234179000</td></tr><tr><td><b>GPS Øst</b></td><td>11.765611000</td></tr><tr><td><b>Kilometrering</b></td><td>90.3</td></tr><tr><td><b>Jernbanesikkerhed</b></td><td>2</td></tr><tr><td><b>Forsyningstavle</b></td><td>023.000.C4</td></tr><tr><td><b>Idriftsættelses dato</b></td><td>Thu May 20 2021 00:00:00 GMT+0200 (Central European Summer Time)</td></tr><tr><td><b>Ventilationstype</b></td><td>Splitanlæg</td></tr><tr><td><b>Køleeffekt (kW)</b></td><td>3.5</td></tr><tr><td><b>Kølemiddel</b></td><td>R410A</td></tr><tr><td><b>Kølemiddelmængde (kg)</b></td><td>1.35</td></tr><tr><td><b>Producent</b></td><td>Mitsubishi</td></tr><tr><td><b>Model</b></td><td>SRC52ZSX-W2</td></tr><tr><td><b>Serienummer</b></td><td>373006612CE</td></tr>
</table>
]]>
</description>
  <Point>
    <coordinates>11.765611000,55.234179000,0</coordinates>
  </Point>
</Placemark>

<Placemark>
  <name>Næstved</name>
  <styleUrl>#s</styleUrl>
  <description>
<![CDATA[
<table border="1" style="border-collapse:collapse;width:100%">
<tr><td><b>Bane</b></td><td>21</td></tr><tr><td><b>TIB</b></td><td>2</td></tr><tr><td><b>Navn</b></td><td>Næstved</td></tr><tr><td><b>Forkortelse</b></td><td>Næ</td></tr><tr><td><b>Uddybende placering</b></td><td>Relæhus</td></tr><tr><td><b>Bygningsnummer</b></td><td>Næ 037</td></tr><tr><td><b>Equipment</b></td><td>10521658</td></tr><tr><td><b>Datagennemgang</b></td><td>Match</td></tr><tr><td><b>GPS Nord</b></td><td>55.234459000</td></tr><tr><td><b>GPS Øst</b></td><td>11.765184000</td></tr><tr><td><b>Kilometrering</b></td><td>90.3</td></tr><tr><td><b>Jernbanesikkerhed</b></td><td>2</td></tr><tr><td><b>Forsyningstavle</b></td><td>023.000.C4</td></tr><tr><td><b>Idriftsættelses dato</b></td><td>Thu May 20 2021 00:00:00 GMT+0200 (Central European Summer Time)</td></tr><tr><td><b>Ventilationstype</b></td><td>Splitanlæg</td></tr><tr><td><b>Køleeffekt (kW)</b></td><td>7.1</td></tr><tr><td><b>Kølemiddel</b></td><td>R32</td></tr><tr><td><b>Kølemiddelmængde (kg)</b></td><td>1.32</td></tr><tr><td><b>Producent</b></td><td>Panasonic</td></tr><tr><td><b>Model</b></td><td>CU-Z71TKEA</td></tr><tr><td><b>Serienummer</b></td><td>6570201647</td></tr>
</table>
]]>
</description>
  <Point>
    <coordinates>11.765184000,55.234459000,0</coordinates>
  </Point>
</Placemark>

<Placemark>
  <name>Næstved</name>
  <styleUrl>#s</styleUrl>
  <description>
<![CDATA[
<table border="1" style="border-collapse:collapse;width:100%">
<tr><td><b>Bane</b></td><td>21</td></tr><tr><td><b>TIB</b></td><td>2</td></tr><tr><td><b>Navn</b></td><td>Næstved</td></tr><tr><td><b>Forkortelse</b></td><td>Næ</td></tr><tr><td><b>Uddybende placering</b></td><td>Relæhus</td></tr><tr><td><b>Bygningsnummer</b></td><td>Næ 009</td></tr><tr><td><b>Equipment</b></td><td>10710419</td></tr><tr><td><b>Datagennemgang</b></td><td>Match</td></tr><tr><td><b>GPS Nord</b></td><td>55.234502000</td></tr><tr><td><b>GPS Øst</b></td><td>11.765281000</td></tr><tr><td><b>Kilometrering</b></td><td>90.3</td></tr><tr><td><b>Jernbanesikkerhed</b></td><td>2</td></tr><tr><td><b>Forsyningstavle</b></td><td>023.000.C</td></tr><tr><td><b>Idriftsættelses dato</b></td><td>Mon Aug 10 2020 00:00:00 GMT+0200 (Central European Summer Time)</td></tr><tr><td><b>Ventilationstype</b></td><td>Splitanlæg</td></tr><tr><td><b>Køleeffekt (kW)</b></td><td>4</td></tr><tr><td><b>Kølemiddel</b></td><td>R32</td></tr><tr><td><b>Kølemiddelmængde (kg)</b></td><td>2.45</td></tr><tr><td><b>Producent</b></td><td>Daikin</td></tr><tr><td><b>Model</b></td><td>RZASG71M2V1B</td></tr><tr><td><b>Serienummer</b></td><td>J020722</td></tr>
</table>
]]>
</description>
  <Point>
    <coordinates>11.765281000,55.234502000,0</coordinates>
  </Point>
</Placemark>

<Placemark>
  <name>Næstved</name>
  <styleUrl>#s</styleUrl>
  <description>
<![CDATA[
<table border="1" style="border-collapse:collapse;width:100%">
<tr><td><b>Bane</b></td><td>21</td></tr><tr><td><b>TIB</b></td><td>2</td></tr><tr><td><b>Navn</b></td><td>Næstved</td></tr><tr><td><b>Forkortelse</b></td><td>Næ</td></tr><tr><td><b>Uddybende placering</b></td><td>Relæhus</td></tr><tr><td><b>Bygningsnummer</b></td><td>Næ 009</td></tr><tr><td><b>Equipment</b></td><td>10710424</td></tr><tr><td><b>Datagennemgang</b></td><td>Match</td></tr><tr><td><b>GPS Nord</b></td><td>55.234497000</td></tr><tr><td><b>GPS Øst</b></td><td>11.765287000</td></tr><tr><td><b>Kilometrering</b></td><td>90.3</td></tr><tr><td><b>Jernbanesikkerhed</b></td><td>2</td></tr><tr><td><b>Forsyningstavle</b></td><td>023.000.C</td></tr><tr><td><b>Idriftsættelses dato</b></td><td>Mon Aug 10 2020 00:00:00 GMT+0200 (Central European Summer Time)</td></tr><tr><td><b>Ventilationstype</b></td><td>Splitanlæg</td></tr><tr><td><b>Køleeffekt (kW)</b></td><td>4</td></tr><tr><td><b>Kølemiddel</b></td><td>R32</td></tr><tr><td><b>Kølemiddelmængde (kg)</b></td><td>2.45</td></tr><tr><td><b>Producent</b></td><td>Daikin</td></tr><tr><td><b>Model</b></td><td>RZASG71M2V1B</td></tr><tr><td><b>Serienummer</b></td><td>J020723</td></tr>
</table>
]]>
</description>
  <Point>
    <coordinates>11.765287000,55.234497000,0</coordinates>
  </Point>
</Placemark>

<Placemark>
  <name>Næstved</name>
  <styleUrl>#s</styleUrl>
  <description>
<![CDATA[
<table border="1" style="border-collapse:collapse;width:100%">
<tr><td><b>Bane</b></td><td>21</td></tr><tr><td><b>TIB</b></td><td>2</td></tr><tr><td><b>Navn</b></td><td>Næstved</td></tr><tr><td><b>Forkortelse</b></td><td>Næ</td></tr><tr><td><b>Uddybende placering</b></td><td>KMP</td></tr><tr><td><b>Bygningsnummer</b></td><td>Næ 004</td></tr><tr><td><b>Equipment</b></td><td>10779679</td></tr><tr><td><b>Datagennemgang</b></td><td>Match</td></tr><tr><td><b>GPS Nord</b></td><td>55.231759000</td></tr><tr><td><b>GPS Øst</b></td><td>11.766570000</td></tr><tr><td><b>Kilometrering</b></td><td>90.6</td></tr><tr><td><b>Jernbanesikkerhed</b></td><td>1</td></tr><tr><td><b>Forsyningstavle</b></td><td>023.000.A3</td></tr><tr><td><b>Idriftsættelses dato</b></td><td>Tue Feb 22 2022 00:00:00 GMT+0100 (Central European Standard Time)</td></tr><tr><td><b>Ventilationstype</b></td><td>Splitanlæg</td></tr><tr><td><b>Køleeffekt (kW)</b></td><td>6.8</td></tr><tr><td><b>Kølemiddel</b></td><td>R410A</td></tr><tr><td><b>Kølemiddelmængde (kg)</b></td><td>1.55</td></tr><tr><td><b>Producent</b></td><td>Mitsubishi</td></tr><tr><td><b>Model</b></td><td>MUZ-GF60VE</td></tr><tr><td><b>Serienummer</b></td><td>8 003844 T</td></tr>
</table>
]]>
</description>
  <Point>
    <coordinates>11.766570000,55.231759000,0</coordinates>
  </Point>
</Placemark>

<Placemark>
  <name>Lundby</name>
  <styleUrl>#s</styleUrl>
  <description>
<![CDATA[
<table border="1" style="border-collapse:collapse;width:100%">
<tr><td><b>Bane</b></td><td>21</td></tr><tr><td><b>TIB</b></td><td>2</td></tr><tr><td><b>Navn</b></td><td>Lundby</td></tr><tr><td><b>Forkortelse</b></td><td>Lu</td></tr><tr><td><b>Uddybende placering</b></td><td>Relæhus</td></tr><tr><td><b>Bygningsnummer</b></td><td>Lu 009</td></tr><tr><td><b>Equipment</b></td><td>10144954</td></tr><tr><td><b>Datagennemgang</b></td><td>Match</td></tr><tr><td><b>GPS Nord</b></td><td>55.110813000</td></tr><tr><td><b>GPS Øst</b></td><td>11.869376000</td></tr><tr><td><b>Kilometrering</b></td><td>106.5</td></tr><tr><td><b>Jernbanesikkerhed</b></td><td>2</td></tr><tr><td><b>Forsyningstavle</b></td><td>024.109.B1.1</td></tr><tr><td><b>Idriftsættelses dato</b></td><td></td></tr><tr><td><b>Ventilationstype</b></td><td>Splitanlæg</td></tr><tr><td><b>Køleeffekt (kW)</b></td><td>3.5</td></tr><tr><td><b>Kølemiddel</b></td><td>R410A</td></tr><tr><td><b>Kølemiddelmængde (kg)</b></td><td>1.35</td></tr><tr><td><b>Producent</b></td><td>Hitachi</td></tr><tr><td><b>Model</b></td><td>RAC35-WSPA</td></tr><tr><td><b>Serienummer</b></td><td>001404</td></tr>
</table>
]]>
</description>
  <Point>
    <coordinates>11.869376000,55.110813000,0</coordinates>
  </Point>
</Placemark>

<Placemark>
  <name>Lundby</name>
  <styleUrl>#s</styleUrl>
  <description>
<![CDATA[
<table border="1" style="border-collapse:collapse;width:100%">
<tr><td><b>Bane</b></td><td>21</td></tr><tr><td><b>TIB</b></td><td>2</td></tr><tr><td><b>Navn</b></td><td>Lundby</td></tr><tr><td><b>Forkortelse</b></td><td>Lu</td></tr><tr><td><b>Uddybende placering</b></td><td>Relæhus</td></tr><tr><td><b>Bygningsnummer</b></td><td>Lu 011</td></tr><tr><td><b>Equipment</b></td><td>10144958</td></tr><tr><td><b>Datagennemgang</b></td><td>Match</td></tr><tr><td><b>GPS Nord</b></td><td>55.110802000</td></tr><tr><td><b>GPS Øst</b></td><td>11.869382000</td></tr><tr><td><b>Kilometrering</b></td><td>106.5</td></tr><tr><td><b>Jernbanesikkerhed</b></td><td>2</td></tr><tr><td><b>Forsyningstavle</b></td><td>024.109.B1</td></tr><tr><td><b>Idriftsættelses dato</b></td><td></td></tr><tr><td><b>Ventilationstype</b></td><td>Splitanlæg</td></tr><tr><td><b>Køleeffekt (kW)</b></td><td>4.17</td></tr><tr><td><b>Kølemiddel</b></td><td>R410A</td></tr><tr><td><b>Kølemiddelmængde (kg)</b></td><td>1.2</td></tr><tr><td><b>Producent</b></td><td>Daikin</td></tr><tr><td><b>Model</b></td><td>Ukendt</td></tr><tr><td><b>Serienummer</b></td><td>Ukendt</td></tr>
</table>
]]>
</description>
  <Point>
    <coordinates>11.869382000,55.110802000,0</coordinates>
  </Point>
</Placemark>

<Placemark>
  <name>Vordingborg</name>
  <styleUrl>#s</styleUrl>
  <description>
<![CDATA[
<table border="1" style="border-collapse:collapse;width:100%">
<tr><td><b>Bane</b></td><td>21</td></tr><tr><td><b>TIB</b></td><td>2</td></tr><tr><td><b>Navn</b></td><td>Vordingborg</td></tr><tr><td><b>Forkortelse</b></td><td>Vo</td></tr><tr><td><b>Uddybende placering</b></td><td>Relæhus</td></tr><tr><td><b>Bygningsnummer</b></td><td>Vo 009</td></tr><tr><td><b>Equipment</b></td><td>10707050</td></tr><tr><td><b>Datagennemgang</b></td><td>Match</td></tr><tr><td><b>GPS Nord</b></td><td>55.012200000</td></tr><tr><td><b>GPS Øst</b></td><td>11.899839000</td></tr><tr><td><b>Kilometrering</b></td><td>118.1</td></tr><tr><td><b>Jernbanesikkerhed</b></td><td>2</td></tr><tr><td><b>Forsyningstavle</b></td><td>024.121.F3</td></tr><tr><td><b>Idriftsættelses dato</b></td><td>Fri Jul 24 2020 00:00:00 GMT+0200 (Central European Summer Time)</td></tr><tr><td><b>Ventilationstype</b></td><td>Splitanlæg</td></tr><tr><td><b>Køleeffekt (kW)</b></td><td>4.17</td></tr><tr><td><b>Kølemiddel</b></td><td>R32</td></tr><tr><td><b>Kølemiddelmængde (kg)</b></td><td>1.15</td></tr><tr><td><b>Producent</b></td><td>Daikin</td></tr><tr><td><b>Model</b></td><td>RXM50N2V1B9</td></tr><tr><td><b>Serienummer</b></td><td>J035209</td></tr>
</table>
]]>
</description>
  <Point>
    <coordinates>11.899839000,55.012200000,0</coordinates>
  </Point>
</Placemark>

<Placemark>
  <name>Vordingborg</name>
  <styleUrl>#s</styleUrl>
  <description>
<![CDATA[
<table border="1" style="border-collapse:collapse;width:100%">
<tr><td><b>Bane</b></td><td>21</td></tr><tr><td><b>TIB</b></td><td>2</td></tr><tr><td><b>Navn</b></td><td>Vordingborg</td></tr><tr><td><b>Forkortelse</b></td><td>Vo</td></tr><tr><td><b>Uddybende placering</b></td><td>Relæhus</td></tr><tr><td><b>Bygningsnummer</b></td><td>Vo 009</td></tr><tr><td><b>Equipment</b></td><td>10707051</td></tr><tr><td><b>Datagennemgang</b></td><td>Match</td></tr><tr><td><b>GPS Nord</b></td><td>55.012123000</td></tr><tr><td><b>GPS Øst</b></td><td>11.899808000</td></tr><tr><td><b>Kilometrering</b></td><td>118.1</td></tr><tr><td><b>Jernbanesikkerhed</b></td><td>2</td></tr><tr><td><b>Forsyningstavle</b></td><td>024.121.F3</td></tr><tr><td><b>Idriftsættelses dato</b></td><td>Fri Jul 24 2020 00:00:00 GMT+0200 (Central European Summer Time)</td></tr><tr><td><b>Ventilationstype</b></td><td>Splitanlæg</td></tr><tr><td><b>Køleeffekt (kW)</b></td><td>4.17</td></tr><tr><td><b>Kølemiddel</b></td><td>R32</td></tr><tr><td><b>Kølemiddelmængde (kg)</b></td><td>0.76</td></tr><tr><td><b>Producent</b></td><td>Daikin</td></tr><tr><td><b>Model</b></td><td>RXM35N5V1B9</td></tr><tr><td><b>Serienummer</b></td><td>T073761</td></tr>
</table>
]]>
</description>
  <Point>
    <coordinates>11.899808000,55.012123000,0</coordinates>
  </Point>
</Placemark>

<Placemark>
  <name>Nørre Alslev</name>
  <styleUrl>#s</styleUrl>
  <description>
<![CDATA[
<table border="1" style="border-collapse:collapse;width:100%">
<tr><td><b>Bane</b></td><td>21</td></tr><tr><td><b>TIB</b></td><td>2</td></tr><tr><td><b>Navn</b></td><td>Nørre Alslev</td></tr><tr><td><b>Forkortelse</b></td><td>Nv</td></tr><tr><td><b>Uddybende placering</b></td><td>Relæhus</td></tr><tr><td><b>Bygningsnummer</b></td><td>Nv 012</td></tr><tr><td><b>Equipment</b></td><td>10445750</td></tr><tr><td><b>Datagennemgang</b></td><td>Match</td></tr><tr><td><b>GPS Nord</b></td><td>54.896343000</td></tr><tr><td><b>GPS Øst</b></td><td>11.885625000</td></tr><tr><td><b>Kilometrering</b></td><td>132.3</td></tr><tr><td><b>Jernbanesikkerhed</b></td><td>2</td></tr><tr><td><b>Forsyningstavle</b></td><td></td></tr><tr><td><b>Idriftsættelses dato</b></td><td></td></tr><tr><td><b>Ventilationstype</b></td><td>Splitanlæg</td></tr><tr><td><b>Køleeffekt (kW)</b></td><td>3.5</td></tr><tr><td><b>Kølemiddel</b></td><td>R410A</td></tr><tr><td><b>Kølemiddelmængde (kg)</b></td><td>0.87</td></tr><tr><td><b>Producent</b></td><td>Hitachi</td></tr><tr><td><b>Model</b></td><td>RAC-35WX8</td></tr><tr><td><b>Serienummer</b></td><td>005008</td></tr>
</table>
]]>
</description>
  <Point>
    <coordinates>11.885625000,54.896343000,0</coordinates>
  </Point>
</Placemark>

<Placemark>
  <name>Eskilstrup</name>
  <styleUrl>#s</styleUrl>
  <description>
<![CDATA[
<table border="1" style="border-collapse:collapse;width:100%">
<tr><td><b>Bane</b></td><td>21</td></tr><tr><td><b>TIB</b></td><td>2</td></tr><tr><td><b>Navn</b></td><td>Eskilstrup</td></tr><tr><td><b>Forkortelse</b></td><td>Ek</td></tr><tr><td><b>Uddybende placering</b></td><td>Relæhus</td></tr><tr><td><b>Bygningsnummer</b></td><td>Ek 006</td></tr><tr><td><b>Equipment</b></td><td>10445752</td></tr><tr><td><b>Datagennemgang</b></td><td>Match</td></tr><tr><td><b>GPS Nord</b></td><td>54.856248000</td></tr><tr><td><b>GPS Øst</b></td><td>11.885607000</td></tr><tr><td><b>Kilometrering</b></td><td>136.8</td></tr><tr><td><b>Jernbanesikkerhed</b></td><td>2</td></tr><tr><td><b>Forsyningstavle</b></td><td>026.011.A</td></tr><tr><td><b>Idriftsættelses dato</b></td><td></td></tr><tr><td><b>Ventilationstype</b></td><td>Splitanlæg</td></tr><tr><td><b>Køleeffekt (kW)</b></td><td>3.5</td></tr><tr><td><b>Kølemiddel</b></td><td>R410A</td></tr><tr><td><b>Kølemiddelmængde (kg)</b></td><td>0.87</td></tr><tr><td><b>Producent</b></td><td>Hitachi</td></tr><tr><td><b>Model</b></td><td>RAC-35WX8</td></tr><tr><td><b>Serienummer</b></td><td>006697</td></tr>
</table>
]]>
</description>
  <Point>
    <coordinates>11.885607000,54.856248000,0</coordinates>
  </Point>
</Placemark>

<Placemark>
  <name>Eskilstrup</name>
  <styleUrl>#s</styleUrl>
  <description>
<![CDATA[
<table border="1" style="border-collapse:collapse;width:100%">
<tr><td><b>Bane</b></td><td>21</td></tr><tr><td><b>TIB</b></td><td>2</td></tr><tr><td><b>Navn</b></td><td>Eskilstrup</td></tr><tr><td><b>Forkortelse</b></td><td>Ek</td></tr><tr><td><b>Uddybende placering</b></td><td>Relæhus</td></tr><tr><td><b>Bygningsnummer</b></td><td>Ek 006</td></tr><tr><td><b>Equipment</b></td><td>10445753</td></tr><tr><td><b>Datagennemgang</b></td><td>Match</td></tr><tr><td><b>GPS Nord</b></td><td>54.856212000</td></tr><tr><td><b>GPS Øst</b></td><td>11.885633000</td></tr><tr><td><b>Kilometrering</b></td><td>136.8</td></tr><tr><td><b>Jernbanesikkerhed</b></td><td>2</td></tr><tr><td><b>Forsyningstavle</b></td><td></td></tr><tr><td><b>Idriftsættelses dato</b></td><td></td></tr><tr><td><b>Ventilationstype</b></td><td>Splitanlæg</td></tr><tr><td><b>Køleeffekt (kW)</b></td><td>3.5</td></tr><tr><td><b>Kølemiddel</b></td><td>R410A</td></tr><tr><td><b>Kølemiddelmængde (kg)</b></td><td>0.87</td></tr><tr><td><b>Producent</b></td><td>Hitachi</td></tr><tr><td><b>Model</b></td><td>RAC-35YH6</td></tr><tr><td><b>Serienummer</b></td><td>044572</td></tr>
</table>
]]>
</description>
  <Point>
    <coordinates>11.885633000,54.856212000,0</coordinates>
  </Point>
</Placemark>

<Placemark>
  <name>Nykøbing Falster</name>
  <styleUrl>#s</styleUrl>
  <description>
<![CDATA[
<table border="1" style="border-collapse:collapse;width:100%">
<tr><td><b>Bane</b></td><td>21</td></tr><tr><td><b>TIB</b></td><td>2</td></tr><tr><td><b>Navn</b></td><td>Nykøbing Falster</td></tr><tr><td><b>Forkortelse</b></td><td>Nf</td></tr><tr><td><b>Uddybende placering</b></td><td>KMP Relærum</td></tr><tr><td><b>Bygningsnummer</b></td><td>Nf 017</td></tr><tr><td><b>Equipment</b></td><td>10144641</td></tr><tr><td><b>Datagennemgang</b></td><td>Match</td></tr><tr><td><b>GPS Nord</b></td><td>54.768762000</td></tr><tr><td><b>GPS Øst</b></td><td>11.880333000</td></tr><tr><td><b>Kilometrering</b></td><td>146.6</td></tr><tr><td><b>Jernbanesikkerhed</b></td><td>2</td></tr><tr><td><b>Forsyningstavle</b></td><td>027.000.E3.1</td></tr><tr><td><b>Idriftsættelses dato</b></td><td></td></tr><tr><td><b>Ventilationstype</b></td><td>Splitanlæg</td></tr><tr><td><b>Køleeffekt (kW)</b></td><td>10</td></tr><tr><td><b>Kølemiddel</b></td><td>R410A</td></tr><tr><td><b>Kølemiddelmængde (kg)</b></td><td>4.3</td></tr><tr><td><b>Producent</b></td><td>Daikin</td></tr><tr><td><b>Model</b></td><td>RZQ100B9W1B</td></tr><tr><td><b>Serienummer</b></td><td>2106548</td></tr>
</table>
]]>
</description>
  <Point>
    <coordinates>11.880333000,54.768762000,0</coordinates>
  </Point>
</Placemark>

<Placemark>
  <name>Nykøbing Falster</name>
  <styleUrl>#s</styleUrl>
  <description>
<![CDATA[
<table border="1" style="border-collapse:collapse;width:100%">
<tr><td><b>Bane</b></td><td>21</td></tr><tr><td><b>TIB</b></td><td>2</td></tr><tr><td><b>Navn</b></td><td>Nykøbing Falster</td></tr><tr><td><b>Forkortelse</b></td><td>Nf</td></tr><tr><td><b>Uddybende placering</b></td><td>Telecentral 1. sal</td></tr><tr><td><b>Bygningsnummer</b></td><td>Nf 017</td></tr><tr><td><b>Equipment</b></td><td>10447392</td></tr><tr><td><b>Datagennemgang</b></td><td>Match</td></tr><tr><td><b>GPS Nord</b></td><td>54.768866000</td></tr><tr><td><b>GPS Øst</b></td><td>11.880485000</td></tr><tr><td><b>Kilometrering</b></td><td>146.6</td></tr><tr><td><b>Jernbanesikkerhed</b></td><td>2</td></tr><tr><td><b>Forsyningstavle</b></td><td>027.000.E3.1</td></tr><tr><td><b>Idriftsættelses dato</b></td><td>Tue Dec 10 2013 00:00:00 GMT+0100 (Central European Standard Time)</td></tr><tr><td><b>Ventilationstype</b></td><td>Splitanlæg</td></tr><tr><td><b>Køleeffekt (kW)</b></td><td>3.5</td></tr><tr><td><b>Kølemiddel</b></td><td>R410A</td></tr><tr><td><b>Kølemiddelmængde (kg)</b></td><td>1</td></tr><tr><td><b>Producent</b></td><td>Hitachi</td></tr><tr><td><b>Model</b></td><td>RAC-35WPA</td></tr><tr><td><b>Serienummer</b></td><td>005963</td></tr>
</table>
]]>
</description>
  <Point>
    <coordinates>11.880485000,54.768866000,0</coordinates>
  </Point>
</Placemark>

<Placemark>
  <name>Nykøbing Falster</name>
  <styleUrl>#s</styleUrl>
  <description>
<![CDATA[
<table border="1" style="border-collapse:collapse;width:100%">
<tr><td><b>Bane</b></td><td>21</td></tr><tr><td><b>TIB</b></td><td>2</td></tr><tr><td><b>Navn</b></td><td>Nykøbing Falster</td></tr><tr><td><b>Forkortelse</b></td><td>Nf</td></tr><tr><td><b>Uddybende placering</b></td><td>KMP Fjernstyringscentral, 1 sal</td></tr><tr><td><b>Bygningsnummer</b></td><td>Nf 017</td></tr><tr><td><b>Equipment</b></td><td>10483703</td></tr><tr><td><b>Datagennemgang</b></td><td>Match</td></tr><tr><td><b>GPS Nord</b></td><td>54.768761000</td></tr><tr><td><b>GPS Øst</b></td><td>11.880290000</td></tr><tr><td><b>Kilometrering</b></td><td>146.6</td></tr><tr><td><b>Jernbanesikkerhed</b></td><td>2</td></tr><tr><td><b>Forsyningstavle</b></td><td>027.000.E3.1</td></tr><tr><td><b>Idriftsættelses dato</b></td><td>Tue Dec 10 2013 00:00:00 GMT+0100 (Central European Standard Time)</td></tr><tr><td><b>Ventilationstype</b></td><td>Splitanlæg</td></tr><tr><td><b>Køleeffekt (kW)</b></td><td>3.5</td></tr><tr><td><b>Kølemiddel</b></td><td>R410A</td></tr><tr><td><b>Kølemiddelmængde (kg)</b></td><td>0.87</td></tr><tr><td><b>Producent</b></td><td>Hitachi</td></tr><tr><td><b>Model</b></td><td>RAC-35YH6</td></tr><tr><td><b>Serienummer</b></td><td>050336</td></tr>
</table>
]]>
</description>
  <Point>
    <coordinates>11.880290000,54.768761000,0</coordinates>
  </Point>
</Placemark>

<Placemark>
  <name>Nykøbing Falster</name>
  <styleUrl>#s</styleUrl>
  <description>
<![CDATA[
<table border="1" style="border-collapse:collapse;width:100%">
<tr><td><b>Bane</b></td><td>21</td></tr><tr><td><b>TIB</b></td><td>2</td></tr><tr><td><b>Navn</b></td><td>Nykøbing Falster</td></tr><tr><td><b>Forkortelse</b></td><td>Nf</td></tr><tr><td><b>Uddybende placering</b></td><td>Batteri/UPS-rum           </td></tr><tr><td><b>Bygningsnummer</b></td><td>Nf 017</td></tr><tr><td><b>Equipment</b></td><td>10483704</td></tr><tr><td><b>Datagennemgang</b></td><td>Match</td></tr><tr><td><b>GPS Nord</b></td><td>54.768843000</td></tr><tr><td><b>GPS Øst</b></td><td>11.880298000</td></tr><tr><td><b>Kilometrering</b></td><td>146.6</td></tr><tr><td><b>Jernbanesikkerhed</b></td><td>2</td></tr><tr><td><b>Forsyningstavle</b></td><td>027.000.E3.1</td></tr><tr><td><b>Idriftsættelses dato</b></td><td>Wed Jul 18 2012 00:00:00 GMT+0200 (Central European Summer Time)</td></tr><tr><td><b>Ventilationstype</b></td><td>Splitanlæg</td></tr><tr><td><b>Køleeffekt (kW)</b></td><td>3.5</td></tr><tr><td><b>Kølemiddel</b></td><td>R410A</td></tr><tr><td><b>Kølemiddelmængde (kg)</b></td><td>1</td></tr><tr><td><b>Producent</b></td><td>Hitachi</td></tr><tr><td><b>Model</b></td><td>RAC-35YH6</td></tr><tr><td><b>Serienummer</b></td><td>050344</td></tr>
</table>
]]>
</description>
  <Point>
    <coordinates>11.880298000,54.768843000,0</coordinates>
  </Point>
</Placemark>

<Placemark>
  <name>Nykøbing Falster</name>
  <styleUrl>#s</styleUrl>
  <description>
<![CDATA[
<table border="1" style="border-collapse:collapse;width:100%">
<tr><td><b>Bane</b></td><td>21</td></tr><tr><td><b>TIB</b></td><td>2</td></tr><tr><td><b>Navn</b></td><td>Nykøbing Falster</td></tr><tr><td><b>Forkortelse</b></td><td>Nf</td></tr><tr><td><b>Uddybende placering</b></td><td>Telecentral 1. sal</td></tr><tr><td><b>Bygningsnummer</b></td><td>Nf 017</td></tr><tr><td><b>Equipment</b></td><td>10521656</td></tr><tr><td><b>Datagennemgang</b></td><td>Match</td></tr><tr><td><b>GPS Nord</b></td><td>54.768885000</td></tr><tr><td><b>GPS Øst</b></td><td>11.880424000</td></tr><tr><td><b>Kilometrering</b></td><td>146.6</td></tr><tr><td><b>Jernbanesikkerhed</b></td><td>2</td></tr><tr><td><b>Forsyningstavle</b></td><td>027.000.E3.1</td></tr><tr><td><b>Idriftsættelses dato</b></td><td></td></tr><tr><td><b>Ventilationstype</b></td><td>Splitanlæg</td></tr><tr><td><b>Køleeffekt (kW)</b></td><td>3.5</td></tr><tr><td><b>Kølemiddel</b></td><td>R410A</td></tr><tr><td><b>Kølemiddelmængde (kg)</b></td><td>1</td></tr><tr><td><b>Producent</b></td><td>Daikin</td></tr><tr><td><b>Model</b></td><td>RAC-35WPA</td></tr><tr><td><b>Serienummer</b></td><td>004340</td></tr>
</table>
]]>
</description>
  <Point>
    <coordinates>11.880424000,54.768885000,0</coordinates>
  </Point>
</Placemark>

<Placemark>
  <name>Nykøbing Falster</name>
  <styleUrl>#s</styleUrl>
  <description>
<![CDATA[
<table border="1" style="border-collapse:collapse;width:100%">
<tr><td><b>Bane</b></td><td>21</td></tr><tr><td><b>TIB</b></td><td>2</td></tr><tr><td><b>Navn</b></td><td>Nykøbing Falster</td></tr><tr><td><b>Forkortelse</b></td><td>Nf</td></tr><tr><td><b>Uddybende placering</b></td><td>Transmissionshytte ved KMP</td></tr><tr><td><b>Bygningsnummer</b></td><td>Nf 601</td></tr><tr><td><b>Equipment</b></td><td>10710452</td></tr><tr><td><b>Datagennemgang</b></td><td>Match</td></tr><tr><td><b>GPS Nord</b></td><td>54.768593000</td></tr><tr><td><b>GPS Øst</b></td><td>11.880308000</td></tr><tr><td><b>Kilometrering</b></td><td>146.6</td></tr><tr><td><b>Jernbanesikkerhed</b></td><td>2</td></tr><tr><td><b>Forsyningstavle</b></td><td>027.000.E3.2.1</td></tr><tr><td><b>Idriftsættelses dato</b></td><td>09-09-2020</td></tr><tr><td><b>Ventilationstype</b></td><td>Splitanlæg</td></tr><tr><td><b>Køleeffekt (kW)</b></td><td>4</td></tr><tr><td><b>Kølemiddel</b></td><td>R32</td></tr><tr><td><b>Kølemiddelmængde (kg)</b></td><td>2.45</td></tr><tr><td><b>Producent</b></td><td></td></tr><tr><td><b>Model</b></td><td>RZASG71M2V1B</td></tr><tr><td><b>Serienummer</b></td><td>J020397</td></tr>
</table>
]]>
</description>
  <Point>
    <coordinates>11.880308000,54.768593000,0</coordinates>
  </Point>
</Placemark>

<Placemark>
  <name>Nykøbing Falster</name>
  <styleUrl>#s</styleUrl>
  <description>
<![CDATA[
<table border="1" style="border-collapse:collapse;width:100%">
<tr><td><b>Bane</b></td><td>21</td></tr><tr><td><b>TIB</b></td><td>2</td></tr><tr><td><b>Navn</b></td><td>Nykøbing Falster</td></tr><tr><td><b>Forkortelse</b></td><td>Nf</td></tr><tr><td><b>Uddybende placering</b></td><td>Transmissionshytte ved KMP</td></tr><tr><td><b>Bygningsnummer</b></td><td>Nf 601</td></tr><tr><td><b>Equipment</b></td><td>10710481</td></tr><tr><td><b>Datagennemgang</b></td><td>Match</td></tr><tr><td><b>GPS Nord</b></td><td>54.768593000</td></tr><tr><td><b>GPS Øst</b></td><td>11.880308000</td></tr><tr><td><b>Kilometrering</b></td><td>146.6</td></tr><tr><td><b>Jernbanesikkerhed</b></td><td>2</td></tr><tr><td><b>Forsyningstavle</b></td><td>027.000.E3.2.1</td></tr><tr><td><b>Idriftsættelses dato</b></td><td>09-09-2020</td></tr><tr><td><b>Ventilationstype</b></td><td>Splitanlæg</td></tr><tr><td><b>Køleeffekt (kW)</b></td><td>4</td></tr><tr><td><b>Kølemiddel</b></td><td>R32</td></tr><tr><td><b>Kølemiddelmængde (kg)</b></td><td>2.45</td></tr><tr><td><b>Producent</b></td><td>Daikin</td></tr><tr><td><b>Model</b></td><td>RZASG71M2V1B</td></tr><tr><td><b>Serienummer</b></td><td>J020396</td></tr>
</table>
]]>
</description>
  <Point>
    <coordinates>11.880308000,54.768593000,0</coordinates>
  </Point>
</Placemark>

<Placemark>
  <name>Nykøbing Falster - Nykøbing Falster Vest</name>
  <styleUrl>#s</styleUrl>
  <description>
<![CDATA[
<table border="1" style="border-collapse:collapse;width:100%">
<tr><td><b>Bane</b></td><td>22</td></tr><tr><td><b>TIB</b></td><td>2</td></tr><tr><td><b>Navn</b></td><td>Nykøbing Falster - Nykøbing Falster Vest</td></tr><tr><td><b>Forkortelse</b></td><td>Nf - Nfv</td></tr><tr><td><b>Uddybende placering</b></td><td>Frederik IX`s bro betjeningsrum</td></tr><tr><td><b>Bygningsnummer</b></td><td>Nf 044</td></tr><tr><td><b>Equipment</b></td><td>10144651</td></tr><tr><td><b>Datagennemgang</b></td><td>Match</td></tr><tr><td><b>GPS Nord</b></td><td>54.759090000</td></tr><tr><td><b>GPS Øst</b></td><td>11.866262000</td></tr><tr><td><b>Kilometrering</b></td><td>148</td></tr><tr><td><b>Jernbanesikkerhed</b></td><td>2</td></tr><tr><td><b>Forsyningstavle</b></td><td>028.004.A1</td></tr><tr><td><b>Idriftsættelses dato</b></td><td>Sun Jan 01 2017 00:00:00 GMT+0100 (Central European Standard Time)</td></tr><tr><td><b>Ventilationstype</b></td><td>Splitanlæg</td></tr><tr><td><b>Køleeffekt (kW)</b></td><td>2.5</td></tr><tr><td><b>Kølemiddel</b></td><td>R410A</td></tr><tr><td><b>Kølemiddelmængde (kg)</b></td><td>1</td></tr><tr><td><b>Producent</b></td><td>Panasonic</td></tr><tr><td><b>Model</b></td><td>CU-2Z50TBE</td></tr><tr><td><b>Serienummer</b></td><td></td></tr>
</table>
]]>
</description>
  <Point>
    <coordinates>11.866262000,54.759090000,0</coordinates>
  </Point>
</Placemark>

<Placemark>
  <name>Rødby Færge</name>
  <styleUrl>#s</styleUrl>
  <description>
<![CDATA[
<table border="1" style="border-collapse:collapse;width:100%">
<tr><td><b>Bane</b></td><td>22</td></tr><tr><td><b>TIB</b></td><td>2</td></tr><tr><td><b>Navn</b></td><td>Rødby Færge</td></tr><tr><td><b>Forkortelse</b></td><td>Rf</td></tr><tr><td><b>Uddybende placering</b></td><td>Telerum</td></tr><tr><td><b>Bygningsnummer</b></td><td>Scandlines</td></tr><tr><td><b>Equipment</b></td><td>10710482</td></tr><tr><td><b>Datagennemgang</b></td><td>Match</td></tr><tr><td><b>GPS Nord</b></td><td>54.654407000</td></tr><tr><td><b>GPS Øst</b></td><td>11.352592000</td></tr><tr><td><b>Kilometrering</b></td><td>183.3</td></tr><tr><td><b>Jernbanesikkerhed</b></td><td>2</td></tr><tr><td><b>Forsyningstavle</b></td><td>029.000.A1</td></tr><tr><td><b>Idriftsættelses dato</b></td><td>Tue Sep 08 2020 00:00:00 GMT+0200 (Central European Summer Time)</td></tr><tr><td><b>Ventilationstype</b></td><td>Splitanlæg</td></tr><tr><td><b>Køleeffekt (kW)</b></td><td>4</td></tr><tr><td><b>Kølemiddel</b></td><td>R32</td></tr><tr><td><b>Kølemiddelmængde (kg)</b></td><td>2.45</td></tr><tr><td><b>Producent</b></td><td>Daikin</td></tr><tr><td><b>Model</b></td><td>RZASG71M2V1B</td></tr><tr><td><b>Serienummer</b></td><td>J019380</td></tr>
</table>
]]>
</description>
  <Point>
    <coordinates>11.352592000,54.654407000,0</coordinates>
  </Point>
</Placemark>

<Placemark>
  <name>Rødby Færge</name>
  <styleUrl>#s</styleUrl>
  <description>
<![CDATA[
<table border="1" style="border-collapse:collapse;width:100%">
<tr><td><b>Bane</b></td><td>22</td></tr><tr><td><b>TIB</b></td><td>2</td></tr><tr><td><b>Navn</b></td><td>Rødby Færge</td></tr><tr><td><b>Forkortelse</b></td><td>Rf</td></tr><tr><td><b>Uddybende placering</b></td><td>Telerum</td></tr><tr><td><b>Bygningsnummer</b></td><td>Scandlines</td></tr><tr><td><b>Equipment</b></td><td>10710483</td></tr><tr><td><b>Datagennemgang</b></td><td>Match</td></tr><tr><td><b>GPS Nord</b></td><td>54.654407000</td></tr><tr><td><b>GPS Øst</b></td><td>11.352592000</td></tr><tr><td><b>Kilometrering</b></td><td>183.3</td></tr><tr><td><b>Jernbanesikkerhed</b></td><td>2</td></tr><tr><td><b>Forsyningstavle</b></td><td>029.000.A1</td></tr><tr><td><b>Idriftsættelses dato</b></td><td>Tue Sep 08 2020 00:00:00 GMT+0200 (Central European Summer Time)</td></tr><tr><td><b>Ventilationstype</b></td><td>Splitanlæg</td></tr><tr><td><b>Køleeffekt (kW)</b></td><td>4</td></tr><tr><td><b>Kølemiddel</b></td><td>R32</td></tr><tr><td><b>Kølemiddelmængde (kg)</b></td><td>2.45</td></tr><tr><td><b>Producent</b></td><td>Daikin</td></tr><tr><td><b>Model</b></td><td>RZASG71M2V1B</td></tr><tr><td><b>Serienummer</b></td><td>J019412</td></tr>
</table>
]]>
</description>
  <Point>
    <coordinates>11.352592000,54.654407000,0</coordinates>
  </Point>
</Placemark>

<Placemark>
  <name>Rødby Færge</name>
  <styleUrl>#s</styleUrl>
  <description>
<![CDATA[
<table border="1" style="border-collapse:collapse;width:100%">
<tr><td><b>Bane</b></td><td>22</td></tr><tr><td><b>TIB</b></td><td>2</td></tr><tr><td><b>Navn</b></td><td>Rødby Færge</td></tr><tr><td><b>Forkortelse</b></td><td>Rf</td></tr><tr><td><b>Uddybende placering</b></td><td>UPS rum</td></tr><tr><td><b>Bygningsnummer</b></td><td>Scandlines</td></tr><tr><td><b>Equipment</b></td><td>10772902</td></tr><tr><td><b>Datagennemgang</b></td><td>Match</td></tr><tr><td><b>GPS Nord</b></td><td>54.654407000</td></tr><tr><td><b>GPS Øst</b></td><td>11.352592000</td></tr><tr><td><b>Kilometrering</b></td><td>183.3</td></tr><tr><td><b>Jernbanesikkerhed</b></td><td>2</td></tr><tr><td><b>Forsyningstavle</b></td><td>029.000.A1</td></tr><tr><td><b>Idriftsættelses dato</b></td><td>Fri Dec 03 2021 00:00:00 GMT+0100 (Central European Standard Time)</td></tr><tr><td><b>Ventilationstype</b></td><td>Splitanlæg</td></tr><tr><td><b>Køleeffekt (kW)</b></td><td>6.1</td></tr><tr><td><b>Kølemiddel</b></td><td>R32</td></tr><tr><td><b>Kølemiddelmængde (kg)</b></td><td>1.05</td></tr><tr><td><b>Producent</b></td><td>Mitsubishi</td></tr><tr><td><b>Model</b></td><td>MUZ-AP60VG</td></tr><tr><td><b>Serienummer</b></td><td>9003329</td></tr>
</table>
]]>
</description>
  <Point>
    <coordinates>11.352592000,54.654407000,0</coordinates>
  </Point>
</Placemark>

<Placemark>
  <name>Roskilde - Gadstrup</name>
  <styleUrl>#s</styleUrl>
  <description>
<![CDATA[
<table border="1" style="border-collapse:collapse;width:100%">
<tr><td><b>Bane</b></td><td>40</td></tr><tr><td><b>TIB</b></td><td>4</td></tr><tr><td><b>Navn</b></td><td>Roskilde - Gadstrup</td></tr><tr><td><b>Forkortelse</b></td><td>Ro - Gt</td></tr><tr><td><b>Uddybende placering</b></td><td>Radiohytte, Darup</td></tr><tr><td><b>Bygningsnummer</b></td><td>Ro-Gt 033600</td></tr><tr><td><b>Equipment</b></td><td>10522291</td></tr><tr><td><b>Datagennemgang</b></td><td>Match</td></tr><tr><td><b>GPS Nord</b></td><td>55.622702000</td></tr><tr><td><b>GPS Øst</b></td><td>12.070428000</td></tr><tr><td><b>Kilometrering</b></td><td>33.6</td></tr><tr><td><b>Jernbanesikkerhed</b></td><td>2</td></tr><tr><td><b>Forsyningstavle</b></td><td>042.034.B1</td></tr><tr><td><b>Idriftsættelses dato</b></td><td></td></tr><tr><td><b>Ventilationstype</b></td><td>Splitanlæg</td></tr><tr><td><b>Køleeffekt (kW)</b></td><td>3.5</td></tr><tr><td><b>Kølemiddel</b></td><td>R410A</td></tr><tr><td><b>Kølemiddelmængde (kg)</b></td><td>0.87</td></tr><tr><td><b>Producent</b></td><td>Hitachi</td></tr><tr><td><b>Model</b></td><td>RAC-35WPC</td></tr><tr><td><b>Serienummer</b></td><td>00901</td></tr>
</table>
]]>
</description>
  <Point>
    <coordinates>12.070428000,55.622702000,0</coordinates>
  </Point>
</Placemark>

<Placemark>
  <name>Køge</name>
  <styleUrl>#s</styleUrl>
  <description>
<![CDATA[
<table border="1" style="border-collapse:collapse;width:100%">
<tr><td><b>Bane</b></td><td>40</td></tr><tr><td><b>TIB</b></td><td>4</td></tr><tr><td><b>Navn</b></td><td>Køge</td></tr><tr><td><b>Forkortelse</b></td><td>Kj</td></tr><tr><td><b>Uddybende placering</b></td><td>Nødstrømhus (UPS rum)</td></tr><tr><td><b>Bygningsnummer</b></td><td>Kj 013</td></tr><tr><td><b>Equipment</b></td><td>10632614</td></tr><tr><td><b>Datagennemgang</b></td><td>Match</td></tr><tr><td><b>GPS Nord</b></td><td>55.460171000</td></tr><tr><td><b>GPS Øst</b></td><td>12.187746000</td></tr><tr><td><b>Kilometrering</b></td><td>38.7 - 53.4</td></tr><tr><td><b>Jernbanesikkerhed</b></td><td>2</td></tr><tr><td><b>Forsyningstavle</b></td><td>042.053.A</td></tr><tr><td><b>Idriftsættelses dato</b></td><td>Tue May 17 2022 00:00:00 GMT+0200 (Central European Summer Time)</td></tr><tr><td><b>Ventilationstype</b></td><td>Splitanlæg</td></tr><tr><td><b>Køleeffekt (kW)</b></td><td>3.5</td></tr><tr><td><b>Kølemiddel</b></td><td>R410A</td></tr><tr><td><b>Kølemiddelmængde (kg)</b></td><td>1.05</td></tr><tr><td><b>Producent</b></td><td>Hitachi</td></tr><tr><td><b>Model</b></td><td>RAC-35WPC</td></tr><tr><td><b>Serienummer</b></td><td>15843</td></tr>
</table>
]]>
</description>
  <Point>
    <coordinates>12.187746000,55.460171000,0</coordinates>
  </Point>
</Placemark>

<Placemark>
  <name>Køge</name>
  <styleUrl>#s</styleUrl>
  <description>
<![CDATA[
<table border="1" style="border-collapse:collapse;width:100%">
<tr><td><b>Bane</b></td><td>40</td></tr><tr><td><b>TIB</b></td><td>4</td></tr><tr><td><b>Navn</b></td><td>Køge</td></tr><tr><td><b>Forkortelse</b></td><td>Kj</td></tr><tr><td><b>Uddybende placering</b></td><td>køleanlæg DWDM/STTN (1)</td></tr><tr><td><b>Bygningsnummer</b></td><td>Kj 014</td></tr><tr><td><b>Equipment</b></td><td>10710357</td></tr><tr><td><b>Datagennemgang</b></td><td>Match</td></tr><tr><td><b>GPS Nord</b></td><td>55.459875000</td></tr><tr><td><b>GPS Øst</b></td><td>12.187740000</td></tr><tr><td><b>Kilometrering</b></td><td>38.7 - 53.4</td></tr><tr><td><b>Jernbanesikkerhed</b></td><td>2</td></tr><tr><td><b>Forsyningstavle</b></td><td>042.053.A7.2</td></tr><tr><td><b>Idriftsættelses dato</b></td><td>11-08-2020</td></tr><tr><td><b>Ventilationstype</b></td><td>Splitanlæg</td></tr><tr><td><b>Køleeffekt (kW)</b></td><td>4</td></tr><tr><td><b>Kølemiddel</b></td><td>R32</td></tr><tr><td><b>Kølemiddelmængde (kg)</b></td><td>2.45</td></tr><tr><td><b>Producent</b></td><td>Daikin</td></tr><tr><td><b>Model</b></td><td>RZASG71M2V1B</td></tr><tr><td><b>Serienummer</b></td><td>J020708</td></tr>
</table>
]]>
</description>
  <Point>
    <coordinates>12.187740000,55.459875000,0</coordinates>
  </Point>
</Placemark>

<Placemark>
  <name>Køge</name>
  <styleUrl>#s</styleUrl>
  <description>
<![CDATA[
<table border="1" style="border-collapse:collapse;width:100%">
<tr><td><b>Bane</b></td><td>40</td></tr><tr><td><b>TIB</b></td><td>4</td></tr><tr><td><b>Navn</b></td><td>Køge</td></tr><tr><td><b>Forkortelse</b></td><td>Kj</td></tr><tr><td><b>Uddybende placering</b></td><td>køleanlæg DWDM/STTN (2)</td></tr><tr><td><b>Bygningsnummer</b></td><td>Kj 014</td></tr><tr><td><b>Equipment</b></td><td>10710359</td></tr><tr><td><b>Datagennemgang</b></td><td>Match</td></tr><tr><td><b>GPS Nord</b></td><td>55.459875000</td></tr><tr><td><b>GPS Øst</b></td><td>12.187740000</td></tr><tr><td><b>Kilometrering</b></td><td>38.7 - 53.4</td></tr><tr><td><b>Jernbanesikkerhed</b></td><td>2</td></tr><tr><td><b>Forsyningstavle</b></td><td>042.053.A7.2</td></tr><tr><td><b>Idriftsættelses dato</b></td><td>11-08-2020</td></tr><tr><td><b>Ventilationstype</b></td><td>Splitanlæg</td></tr><tr><td><b>Køleeffekt (kW)</b></td><td>4</td></tr><tr><td><b>Kølemiddel</b></td><td>R32</td></tr><tr><td><b>Kølemiddelmængde (kg)</b></td><td>2.45</td></tr><tr><td><b>Producent</b></td><td>Daikin</td></tr><tr><td><b>Model</b></td><td>RZASG71M2V1B</td></tr><tr><td><b>Serienummer</b></td><td>J020709</td></tr>
</table>
]]>
</description>
  <Point>
    <coordinates>12.187740000,55.459875000,0</coordinates>
  </Point>
</Placemark>

<Placemark>
  <name>Køge</name>
  <styleUrl>#s</styleUrl>
  <description>
<![CDATA[
<table border="1" style="border-collapse:collapse;width:100%">
<tr><td><b>Bane</b></td><td>40</td></tr><tr><td><b>TIB</b></td><td>4</td></tr><tr><td><b>Navn</b></td><td>Køge</td></tr><tr><td><b>Forkortelse</b></td><td>Kj</td></tr><tr><td><b>Uddybende placering</b></td><td>Tunnel elevator 4/7</td></tr><tr><td><b>Bygningsnummer</b></td><td>Kj 055</td></tr><tr><td><b>Equipment</b></td><td>10685656</td></tr><tr><td><b>Datagennemgang</b></td><td>Match</td></tr><tr><td><b>GPS Nord</b></td><td>55.457535000</td></tr><tr><td><b>GPS Øst</b></td><td>12.186949000</td></tr><tr><td><b>Kilometrering</b></td><td>53.7</td></tr><tr><td><b>Jernbanesikkerhed</b></td><td>2</td></tr><tr><td><b>Forsyningstavle</b></td><td></td></tr><tr><td><b>Idriftsættelses dato</b></td><td>Wed Jun 26 2019 00:00:00 GMT+0200 (Central European Summer Time)</td></tr><tr><td><b>Ventilationstype</b></td><td>Splitanlæg</td></tr><tr><td><b>Køleeffekt (kW)</b></td><td>4.17</td></tr><tr><td><b>Kølemiddel</b></td><td>R410A</td></tr><tr><td><b>Kølemiddelmængde (kg)</b></td><td>1.2</td></tr><tr><td><b>Producent</b></td><td>Daikin</td></tr><tr><td><b>Model</b></td><td>RXS35L3V1B</td></tr><tr><td><b>Serienummer</b></td><td>J128580</td></tr>
</table>
]]>
</description>
  <Point>
    <coordinates>12.186949000,55.457535000,0</coordinates>
  </Point>
</Placemark>

<Placemark>
  <name>Køge</name>
  <styleUrl>#s</styleUrl>
  <description>
<![CDATA[
<table border="1" style="border-collapse:collapse;width:100%">
<tr><td><b>Bane</b></td><td>40</td></tr><tr><td><b>TIB</b></td><td>4</td></tr><tr><td><b>Navn</b></td><td>Køge</td></tr><tr><td><b>Forkortelse</b></td><td>Kj</td></tr><tr><td><b>Uddybende placering</b></td><td>Tunnel elevator 1/2</td></tr><tr><td><b>Bygningsnummer</b></td><td>Kj 054</td></tr><tr><td><b>Equipment</b></td><td>10710348</td></tr><tr><td><b>Datagennemgang</b></td><td>Match</td></tr><tr><td><b>GPS Nord</b></td><td>55.457597000</td></tr><tr><td><b>GPS Øst</b></td><td>12.186400000</td></tr><tr><td><b>Kilometrering</b></td><td>53.7</td></tr><tr><td><b>Jernbanesikkerhed</b></td><td>2</td></tr><tr><td><b>Forsyningstavle</b></td><td></td></tr><tr><td><b>Idriftsættelses dato</b></td><td>Fri Jun 26 2020 00:00:00 GMT+0200 (Central European Summer Time)</td></tr><tr><td><b>Ventilationstype</b></td><td>Splitanlæg</td></tr><tr><td><b>Køleeffekt (kW)</b></td><td>4.17</td></tr><tr><td><b>Kølemiddel</b></td><td>R410A</td></tr><tr><td><b>Kølemiddelmængde (kg)</b></td><td>1</td></tr><tr><td><b>Producent</b></td><td>Daikin</td></tr><tr><td><b>Model</b></td><td>RXS25L3V1B</td></tr><tr><td><b>Serienummer</b></td><td>J076999</td></tr>
</table>
]]>
</description>
  <Point>
    <coordinates>12.186400000,55.457597000,0</coordinates>
  </Point>
</Placemark>

<Placemark>
  <name>Køge</name>
  <styleUrl>#s</styleUrl>
  <description>
<![CDATA[
<table border="1" style="border-collapse:collapse;width:100%">
<tr><td><b>Bane</b></td><td>40</td></tr><tr><td><b>TIB</b></td><td>4</td></tr><tr><td><b>Navn</b></td><td>Køge</td></tr><tr><td><b>Forkortelse</b></td><td>Kj</td></tr><tr><td><b>Uddybende placering</b></td><td>Relæhus</td></tr><tr><td><b>Bygningsnummer</b></td><td>Kj 014</td></tr><tr><td><b>Equipment</b></td><td>10870089</td></tr><tr><td><b>Datagennemgang</b></td><td>Match</td></tr><tr><td><b>GPS Nord</b></td><td>55.459854000</td></tr><tr><td><b>GPS Øst</b></td><td>12.187666000</td></tr><tr><td><b>Kilometrering</b></td><td>53.9</td></tr><tr><td><b>Jernbanesikkerhed</b></td><td>1</td></tr><tr><td><b>Forsyningstavle</b></td><td>042.053.A7.2</td></tr><tr><td><b>Idriftsættelses dato</b></td><td>25-06-2024</td></tr><tr><td><b>Ventilationstype</b></td><td>Splitanlæg</td></tr><tr><td><b>Køleeffekt (kW)</b></td><td>10</td></tr><tr><td><b>Kølemiddel</b></td><td>R32</td></tr><tr><td><b>Kølemiddelmængde (kg)</b></td><td>3.3</td></tr><tr><td><b>Producent</b></td><td>Mitsubishi</td></tr><tr><td><b>Model</b></td><td>FDC100VSA-W</td></tr><tr><td><b>Serienummer</b></td><td>AG2600658PF</td></tr>
</table>
]]>
</description>
  <Point>
    <coordinates>12.187666000,55.459854000,0</coordinates>
  </Point>
</Placemark>

<Placemark>
  <name>Køge</name>
  <styleUrl>#s</styleUrl>
  <description>
<![CDATA[
<table border="1" style="border-collapse:collapse;width:100%">
<tr><td><b>Bane</b></td><td>40</td></tr><tr><td><b>TIB</b></td><td>4</td></tr><tr><td><b>Navn</b></td><td>Køge</td></tr><tr><td><b>Forkortelse</b></td><td>Kj</td></tr><tr><td><b>Uddybende placering</b></td><td>Relæhus</td></tr><tr><td><b>Bygningsnummer</b></td><td>Kj 014</td></tr><tr><td><b>Equipment</b></td><td>10870090</td></tr><tr><td><b>Datagennemgang</b></td><td>Match</td></tr><tr><td><b>GPS Nord</b></td><td>55.459869000</td></tr><tr><td><b>GPS Øst</b></td><td>12.187740000</td></tr><tr><td><b>Kilometrering</b></td><td>53.9</td></tr><tr><td><b>Jernbanesikkerhed</b></td><td>1</td></tr><tr><td><b>Forsyningstavle</b></td><td>042.053.A7.2</td></tr><tr><td><b>Idriftsættelses dato</b></td><td>25-06-2024</td></tr><tr><td><b>Ventilationstype</b></td><td>Splitanlæg</td></tr><tr><td><b>Køleeffekt (kW)</b></td><td>10</td></tr><tr><td><b>Kølemiddel</b></td><td>R32</td></tr><tr><td><b>Kølemiddelmængde (kg)</b></td><td>3.3</td></tr><tr><td><b>Producent</b></td><td>Mitsubishi</td></tr><tr><td><b>Model</b></td><td>FDC100VSA-W</td></tr><tr><td><b>Serienummer</b></td><td>AG2600602PF</td></tr>
</table>
]]>
</description>
  <Point>
    <coordinates>12.187740000,55.459869000,0</coordinates>
  </Point>
</Placemark>

<Placemark>
  <name>Køge</name>
  <styleUrl>#s</styleUrl>
  <description>
<![CDATA[
<table border="1" style="border-collapse:collapse;width:100%">
<tr><td><b>Bane</b></td><td>40</td></tr><tr><td><b>TIB</b></td><td>4</td></tr><tr><td><b>Navn</b></td><td>Køge</td></tr><tr><td><b>Forkortelse</b></td><td>Kj</td></tr><tr><td><b>Uddybende placering</b></td><td>Relæhus</td></tr><tr><td><b>Bygningsnummer</b></td><td>Kj 014</td></tr><tr><td><b>Equipment</b></td><td>10870091</td></tr><tr><td><b>Datagennemgang</b></td><td>Match</td></tr><tr><td><b>GPS Nord</b></td><td>55.459881000</td></tr><tr><td><b>GPS Øst</b></td><td>12.187741000</td></tr><tr><td><b>Kilometrering</b></td><td>53.9</td></tr><tr><td><b>Jernbanesikkerhed</b></td><td>1</td></tr><tr><td><b>Forsyningstavle</b></td><td>042.053.A7.2</td></tr><tr><td><b>Idriftsættelses dato</b></td><td>25-06-2024</td></tr><tr><td><b>Ventilationstype</b></td><td>Splitanlæg</td></tr><tr><td><b>Køleeffekt (kW)</b></td><td>10</td></tr><tr><td><b>Kølemiddel</b></td><td>R32</td></tr><tr><td><b>Kølemiddelmængde (kg)</b></td><td>3.3</td></tr><tr><td><b>Producent</b></td><td>Mitsubishi</td></tr><tr><td><b>Model</b></td><td>FDC100VSA-W</td></tr><tr><td><b>Serienummer</b></td><td>AG2600599PF</td></tr>
</table>
]]>
</description>
  <Point>
    <coordinates>12.187741000,55.459881000,0</coordinates>
  </Point>
</Placemark>

<Placemark>
  <name>Gadstrup</name>
  <styleUrl>#s</styleUrl>
  <description>
<![CDATA[
<table border="1" style="border-collapse:collapse;width:100%">
<tr><td><b>Bane</b></td><td>40</td></tr><tr><td><b>TIB</b></td><td>4</td></tr><tr><td><b>Navn</b></td><td>Gadstrup</td></tr><tr><td><b>Forkortelse</b></td><td>Gt</td></tr><tr><td><b>Uddybende placering</b></td><td>Relæhytte</td></tr><tr><td><b>Bygningsnummer</b></td><td>Gt 007</td></tr><tr><td><b>Equipment</b></td><td>10144981</td></tr><tr><td><b>Datagennemgang</b></td><td>Match</td></tr><tr><td><b>GPS Nord</b></td><td>55.575630000</td></tr><tr><td><b>GPS Øst</b></td><td>12.097879000</td></tr><tr><td><b>Kilometrering</b></td><td>39.1</td></tr><tr><td><b>Jernbanesikkerhed</b></td><td>2</td></tr><tr><td><b>Forsyningstavle</b></td><td>042.039.A1.1</td></tr><tr><td><b>Idriftsættelses dato</b></td><td>Sun Jan 01 2017 00:00:00 GMT+0100 (Central European Standard Time)</td></tr><tr><td><b>Ventilationstype</b></td><td>Splitanlæg</td></tr><tr><td><b>Køleeffekt (kW)</b></td><td>3.5</td></tr><tr><td><b>Kølemiddel</b></td><td>R32</td></tr><tr><td><b>Kølemiddelmængde (kg)</b></td><td>1</td></tr><tr><td><b>Producent</b></td><td>Panasonic</td></tr><tr><td><b>Model</b></td><td>CU-Z35TKEA</td></tr><tr><td><b>Serienummer</b></td><td>656990581</td></tr>
</table>
]]>
</description>
  <Point>
    <coordinates>12.097879000,55.575630000,0</coordinates>
  </Point>
</Placemark>

<Placemark>
  <name>Gadstrup</name>
  <styleUrl>#s</styleUrl>
  <description>
<![CDATA[
<table border="1" style="border-collapse:collapse;width:100%">
<tr><td><b>Bane</b></td><td>40</td></tr><tr><td><b>TIB</b></td><td>4</td></tr><tr><td><b>Navn</b></td><td>Gadstrup</td></tr><tr><td><b>Forkortelse</b></td><td>Gt</td></tr><tr><td><b>Uddybende placering</b></td><td>Relæhus</td></tr><tr><td><b>Bygningsnummer</b></td><td>Gt 005</td></tr><tr><td><b>Equipment</b></td><td>10144984</td></tr><tr><td><b>Datagennemgang</b></td><td>Match</td></tr><tr><td><b>GPS Nord</b></td><td>55.569943000</td></tr><tr><td><b>GPS Øst</b></td><td>12.101283000</td></tr><tr><td><b>Kilometrering</b></td><td>39.8</td></tr><tr><td><b>Jernbanesikkerhed</b></td><td>2</td></tr><tr><td><b>Forsyningstavle</b></td><td>042.039.A1</td></tr><tr><td><b>Idriftsættelses dato</b></td><td></td></tr><tr><td><b>Ventilationstype</b></td><td>Splitanlæg</td></tr><tr><td><b>Køleeffekt (kW)</b></td><td>3.4</td></tr><tr><td><b>Kølemiddel</b></td><td>R410A</td></tr><tr><td><b>Kølemiddelmængde (kg)</b></td><td>1.2</td></tr><tr><td><b>Producent</b></td><td>Daikin</td></tr><tr><td><b>Model</b></td><td>RXS35L3V1B</td></tr><tr><td><b>Serienummer</b></td><td>J112669</td></tr>
</table>
]]>
</description>
  <Point>
    <coordinates>12.101283000,55.569943000,0</coordinates>
  </Point>
</Placemark>

<Placemark>
  <name>Havdrup</name>
  <styleUrl>#s</styleUrl>
  <description>
<![CDATA[
<table border="1" style="border-collapse:collapse;width:100%">
<tr><td><b>Bane</b></td><td>40</td></tr><tr><td><b>TIB</b></td><td>4</td></tr><tr><td><b>Navn</b></td><td>Havdrup</td></tr><tr><td><b>Forkortelse</b></td><td>Hd</td></tr><tr><td><b>Uddybende placering</b></td><td>Relæhus</td></tr><tr><td><b>Bygningsnummer</b></td><td>Hd 009</td></tr><tr><td><b>Equipment</b></td><td>10640745</td></tr><tr><td><b>Datagennemgang</b></td><td>Match</td></tr><tr><td><b>GPS Nord</b></td><td>55.541125000</td></tr><tr><td><b>GPS Øst</b></td><td>12.118767000</td></tr><tr><td><b>Kilometrering</b></td><td>43.2</td></tr><tr><td><b>Jernbanesikkerhed</b></td><td>3</td></tr><tr><td><b>Forsyningstavle</b></td><td>042.043.A1</td></tr><tr><td><b>Idriftsættelses dato</b></td><td>Mon Dec 03 2018 00:00:00 GMT+0100 (Central European Standard Time)</td></tr><tr><td><b>Ventilationstype</b></td><td>Splitanlæg</td></tr><tr><td><b>Køleeffekt (kW)</b></td><td>5</td></tr><tr><td><b>Kølemiddel</b></td><td>R32</td></tr><tr><td><b>Kølemiddelmængde (kg)</b></td><td>1.15</td></tr><tr><td><b>Producent</b></td><td>Panasonic</td></tr><tr><td><b>Model</b></td><td>CU-Z35TKEA</td></tr><tr><td><b>Serienummer</b></td><td>6570103093</td></tr>
</table>
]]>
</description>
  <Point>
    <coordinates>12.118767000,55.541125000,0</coordinates>
  </Point>
</Placemark>

<Placemark>
  <name>Lille Skensved</name>
  <styleUrl>#s</styleUrl>
  <description>
<![CDATA[
<table border="1" style="border-collapse:collapse;width:100%">
<tr><td><b>Bane</b></td><td>40</td></tr><tr><td><b>TIB</b></td><td>4</td></tr><tr><td><b>Navn</b></td><td>Lille Skensved</td></tr><tr><td><b>Forkortelse</b></td><td>Lw</td></tr><tr><td><b>Uddybende placering</b></td><td>Relæhus</td></tr><tr><td><b>Bygningsnummer</b></td><td>Lw 006</td></tr><tr><td><b>Equipment</b></td><td>10145887</td></tr><tr><td><b>Datagennemgang</b></td><td>Match</td></tr><tr><td><b>GPS Nord</b></td><td>55.508592000</td></tr><tr><td><b>GPS Øst</b></td><td>12.144786000</td></tr><tr><td><b>Kilometrering</b></td><td>47.2</td></tr><tr><td><b>Jernbanesikkerhed</b></td><td>2</td></tr><tr><td><b>Forsyningstavle</b></td><td>042.047.A1</td></tr><tr><td><b>Idriftsættelses dato</b></td><td>Sun Jan 01 2017 00:00:00 GMT+0100 (Central European Standard Time)</td></tr><tr><td><b>Ventilationstype</b></td><td>Splitanlæg</td></tr><tr><td><b>Køleeffekt (kW)</b></td><td>3.5</td></tr><tr><td><b>Kølemiddel</b></td><td>R32</td></tr><tr><td><b>Kølemiddelmængde (kg)</b></td><td>1.2</td></tr><tr><td><b>Producent</b></td><td>Mitsubishi</td></tr><tr><td><b>Model</b></td><td>SRC35ZSX-WA</td></tr><tr><td><b>Serienummer</b></td><td>373800710CE</td></tr>
</table>
]]>
</description>
  <Point>
    <coordinates>12.144786000,55.508592000,0</coordinates>
  </Point>
</Placemark>

<Placemark>
  <name>Herfølge</name>
  <styleUrl>#s</styleUrl>
  <description>
<![CDATA[
<table border="1" style="border-collapse:collapse;width:100%">
<tr><td><b>Bane</b></td><td>40</td></tr><tr><td><b>TIB</b></td><td>4</td></tr><tr><td><b>Navn</b></td><td>Herfølge</td></tr><tr><td><b>Forkortelse</b></td><td>Hf</td></tr><tr><td><b>Uddybende placering</b></td><td>Relæhus</td></tr><tr><td><b>Bygningsnummer</b></td><td>Hf 008</td></tr><tr><td><b>Equipment</b></td><td>10145001</td></tr><tr><td><b>Datagennemgang</b></td><td>Match</td></tr><tr><td><b>GPS Nord</b></td><td>55.415793000</td></tr><tr><td><b>GPS Øst</b></td><td>12.134726000</td></tr><tr><td><b>Kilometrering</b></td><td>59.5</td></tr><tr><td><b>Jernbanesikkerhed</b></td><td>2</td></tr><tr><td><b>Forsyningstavle</b></td><td>042.059.E1</td></tr><tr><td><b>Idriftsættelses dato</b></td><td>Thu Jul 01 1993 00:00:00 GMT+0200 (Central European Summer Time)</td></tr><tr><td><b>Ventilationstype</b></td><td>Splitanlæg</td></tr><tr><td><b>Køleeffekt (kW)</b></td><td>3.5</td></tr><tr><td><b>Kølemiddel</b></td><td>R410A</td></tr><tr><td><b>Kølemiddelmængde (kg)</b></td><td>0.87</td></tr><tr><td><b>Producent</b></td><td>Panasonic</td></tr><tr><td><b>Model</b></td><td></td></tr><tr><td><b>Serienummer</b></td><td></td></tr>
</table>
]]>
</description>
  <Point>
    <coordinates>12.134726000,55.415793000,0</coordinates>
  </Point>
</Placemark>

<Placemark>
  <name>Tureby</name>
  <styleUrl>#s</styleUrl>
  <description>
<![CDATA[
<table border="1" style="border-collapse:collapse;width:100%">
<tr><td><b>Bane</b></td><td>40</td></tr><tr><td><b>TIB</b></td><td>4</td></tr><tr><td><b>Navn</b></td><td>Tureby</td></tr><tr><td><b>Forkortelse</b></td><td>Th</td></tr><tr><td><b>Uddybende placering</b></td><td>Relæhytte</td></tr><tr><td><b>Bygningsnummer</b></td><td>Th 006</td></tr><tr><td><b>Equipment</b></td><td>10145894</td></tr><tr><td><b>Datagennemgang</b></td><td>Match</td></tr><tr><td><b>GPS Nord</b></td><td>55.371398000</td></tr><tr><td><b>GPS Øst</b></td><td>12.072444000</td></tr><tr><td><b>Kilometrering</b></td><td>65.9</td></tr><tr><td><b>Jernbanesikkerhed</b></td><td>3</td></tr><tr><td><b>Forsyningstavle</b></td><td>042.065.A1</td></tr><tr><td><b>Idriftsættelses dato</b></td><td>Sat Mar 13 2010 00:00:00 GMT+0100 (Central European Standard Time)</td></tr><tr><td><b>Ventilationstype</b></td><td>Splitanlæg</td></tr><tr><td><b>Køleeffekt (kW)</b></td><td>3.5</td></tr><tr><td><b>Kølemiddel</b></td><td>R410A</td></tr><tr><td><b>Kølemiddelmængde (kg)</b></td><td>0.87</td></tr><tr><td><b>Producent</b></td><td>Panasonic</td></tr><tr><td><b>Model</b></td><td></td></tr><tr><td><b>Serienummer</b></td><td></td></tr>
</table>
]]>
</description>
  <Point>
    <coordinates>12.072444000,55.371398000,0</coordinates>
  </Point>
</Placemark>

<Placemark>
  <name>Haslev</name>
  <styleUrl>#s</styleUrl>
  <description>
<![CDATA[
<table border="1" style="border-collapse:collapse;width:100%">
<tr><td><b>Bane</b></td><td>40</td></tr><tr><td><b>TIB</b></td><td>4</td></tr><tr><td><b>Navn</b></td><td>Haslev</td></tr><tr><td><b>Forkortelse</b></td><td>Hz</td></tr><tr><td><b>Uddybende placering</b></td><td>Relæhus</td></tr><tr><td><b>Bygningsnummer</b></td><td>Hz 012</td></tr><tr><td><b>Equipment</b></td><td>10145017</td></tr><tr><td><b>Datagennemgang</b></td><td>Match</td></tr><tr><td><b>GPS Nord</b></td><td>55.331389000</td></tr><tr><td><b>GPS Øst</b></td><td>11.965808000</td></tr><tr><td><b>Kilometrering</b></td><td>74</td></tr><tr><td><b>Jernbanesikkerhed</b></td><td>2</td></tr><tr><td><b>Forsyningstavle</b></td><td>042.075.H2</td></tr><tr><td><b>Idriftsættelses dato</b></td><td>Sun Jan 01 2017 00:00:00 GMT+0100 (Central European Standard Time)</td></tr><tr><td><b>Ventilationstype</b></td><td>Splitanlæg</td></tr><tr><td><b>Køleeffekt (kW)</b></td><td>5</td></tr><tr><td><b>Kølemiddel</b></td><td>R32</td></tr><tr><td><b>Kølemiddelmængde (kg)</b></td><td>1.05</td></tr><tr><td><b>Producent</b></td><td>Panasonic</td></tr><tr><td><b>Model</b></td><td></td></tr><tr><td><b>Serienummer</b></td><td></td></tr>
</table>
]]>
</description>
  <Point>
    <coordinates>11.965808000,55.331389000,0</coordinates>
  </Point>
</Placemark>

<Placemark>
  <name>Holme-Olstrup</name>
  <styleUrl>#s</styleUrl>
  <description>
<![CDATA[
<table border="1" style="border-collapse:collapse;width:100%">
<tr><td><b>Bane</b></td><td>40</td></tr><tr><td><b>TIB</b></td><td>4</td></tr><tr><td><b>Navn</b></td><td>Holme-Olstrup</td></tr><tr><td><b>Forkortelse</b></td><td>Ol</td></tr><tr><td><b>Uddybende placering</b></td><td>Relæhus</td></tr><tr><td><b>Bygningsnummer</b></td><td>Ol 004</td></tr><tr><td><b>Equipment</b></td><td>10145024</td></tr><tr><td><b>Datagennemgang</b></td><td>Match</td></tr><tr><td><b>GPS Nord</b></td><td>55.262812000</td></tr><tr><td><b>GPS Øst</b></td><td>11.855025000</td></tr><tr><td><b>Kilometrering</b></td><td>84.8</td></tr><tr><td><b>Jernbanesikkerhed</b></td><td>3</td></tr><tr><td><b>Forsyningstavle</b></td><td>042.085.A1</td></tr><tr><td><b>Idriftsættelses dato</b></td><td></td></tr><tr><td><b>Ventilationstype</b></td><td>Splitanlæg</td></tr><tr><td><b>Køleeffekt (kW)</b></td><td>3.5</td></tr><tr><td><b>Kølemiddel</b></td><td>R410A</td></tr><tr><td><b>Kølemiddelmængde (kg)</b></td><td>0.87</td></tr><tr><td><b>Producent</b></td><td>Hitachi</td></tr><tr><td><b>Model</b></td><td>RAC-35YH6</td></tr><tr><td><b>Serienummer</b></td><td>038959</td></tr>
</table>
]]>
</description>
  <Point>
    <coordinates>11.855025000,55.262812000,0</coordinates>
  </Point>
</Placemark>

<Placemark>
  <name>Holme-Olstrup</name>
  <styleUrl>#s</styleUrl>
  <description>
<![CDATA[
<table border="1" style="border-collapse:collapse;width:100%">
<tr><td><b>Bane</b></td><td>40</td></tr><tr><td><b>TIB</b></td><td>4</td></tr><tr><td><b>Navn</b></td><td>Holme-Olstrup</td></tr><tr><td><b>Forkortelse</b></td><td>Ol</td></tr><tr><td><b>Uddybende placering</b></td><td>Relæhytte</td></tr><tr><td><b>Bygningsnummer</b></td><td>Ol 003</td></tr><tr><td><b>Equipment</b></td><td>10145897</td></tr><tr><td><b>Datagennemgang</b></td><td>Match</td></tr><tr><td><b>GPS Nord</b></td><td>55.260354000</td></tr><tr><td><b>GPS Øst</b></td><td>11.846978000</td></tr><tr><td><b>Kilometrering</b></td><td>85.4</td></tr><tr><td><b>Jernbanesikkerhed</b></td><td>3</td></tr><tr><td><b>Forsyningstavle</b></td><td>042.085.A7</td></tr><tr><td><b>Idriftsættelses dato</b></td><td></td></tr><tr><td><b>Ventilationstype</b></td><td>Splitanlæg</td></tr><tr><td><b>Køleeffekt (kW)</b></td><td>2.6</td></tr><tr><td><b>Kølemiddel</b></td><td>R410A</td></tr><tr><td><b>Kølemiddelmængde (kg)</b></td><td>0.93</td></tr><tr><td><b>Producent</b></td><td>Panasonic</td></tr><tr><td><b>Model</b></td><td>CS-NE9GKE</td></tr><tr><td><b>Serienummer</b></td><td>7584600855</td></tr>
</table>
]]>
</description>
  <Point>
    <coordinates>11.846978000,55.260354000,0</coordinates>
  </Point>
</Placemark>

<Placemark>
  <name>Regstrup</name>
  <styleUrl>#s</styleUrl>
  <description>
<![CDATA[
<table border="1" style="border-collapse:collapse;width:100%">
<tr><td><b>Bane</b></td><td>51</td></tr><tr><td><b>TIB</b></td><td>5</td></tr><tr><td><b>Navn</b></td><td>Regstrup</td></tr><tr><td><b>Forkortelse</b></td><td>Rt</td></tr><tr><td><b>Uddybende placering</b></td><td>Relæhus</td></tr><tr><td><b>Bygningsnummer</b></td><td>Rt 007</td></tr><tr><td><b>Equipment</b></td><td>10145930</td></tr><tr><td><b>Datagennemgang</b></td><td>Match</td></tr><tr><td><b>GPS Nord</b></td><td>55.677678000</td></tr><tr><td><b>GPS Øst</b></td><td>11.612935000</td></tr><tr><td><b>Kilometrering</b></td><td>75.2</td></tr><tr><td><b>Jernbanesikkerhed</b></td><td>2</td></tr><tr><td><b>Forsyningstavle</b></td><td>052.075.A1</td></tr><tr><td><b>Idriftsættelses dato</b></td><td></td></tr><tr><td><b>Ventilationstype</b></td><td>Splitanlæg</td></tr><tr><td><b>Køleeffekt (kW)</b></td><td>4.15</td></tr><tr><td><b>Kølemiddel</b></td><td>R410A</td></tr><tr><td><b>Kølemiddelmængde (kg)</b></td><td>1.05</td></tr><tr><td><b>Producent</b></td><td>Hitachi</td></tr><tr><td><b>Model</b></td><td>RAC-35WPB</td></tr><tr><td><b>Serienummer</b></td><td>016222</td></tr>
</table>
]]>
</description>
  <Point>
    <coordinates>11.612935000,55.677678000,0</coordinates>
  </Point>
</Placemark>

<Placemark>
  <name>Regstrup</name>
  <styleUrl>#s</styleUrl>
  <description>
<![CDATA[
<table border="1" style="border-collapse:collapse;width:100%">
<tr><td><b>Bane</b></td><td>51</td></tr><tr><td><b>TIB</b></td><td>5</td></tr><tr><td><b>Navn</b></td><td>Regstrup</td></tr><tr><td><b>Forkortelse</b></td><td>Rt</td></tr><tr><td><b>Uddybende placering</b></td><td>Relæhus</td></tr><tr><td><b>Bygningsnummer</b></td><td>Rt 007</td></tr><tr><td><b>Equipment</b></td><td>10447400</td></tr><tr><td><b>Datagennemgang</b></td><td>Match</td></tr><tr><td><b>GPS Nord</b></td><td>55.677749000</td></tr><tr><td><b>GPS Øst</b></td><td>11.612996000</td></tr><tr><td><b>Kilometrering</b></td><td>75.2</td></tr><tr><td><b>Jernbanesikkerhed</b></td><td>2</td></tr><tr><td><b>Forsyningstavle</b></td><td>052.075.A1.3</td></tr><tr><td><b>Idriftsættelses dato</b></td><td></td></tr><tr><td><b>Ventilationstype</b></td><td>Splitanlæg</td></tr><tr><td><b>Køleeffekt (kW)</b></td><td>2.5</td></tr><tr><td><b>Kølemiddel</b></td><td>R410A</td></tr><tr><td><b>Kølemiddelmængde (kg)</b></td><td>1</td></tr><tr><td><b>Producent</b></td><td>LG</td></tr><tr><td><b>Model</b></td><td>S09LHU</td></tr><tr><td><b>Serienummer</b></td><td>407KAZK00829</td></tr>
</table>
]]>
</description>
  <Point>
    <coordinates>11.612996000,55.677749000,0</coordinates>
  </Point>
</Placemark>

<Placemark>
  <name>Regstrup - Mørkøv</name>
  <styleUrl>#s</styleUrl>
  <description>
<![CDATA[
<table border="1" style="border-collapse:collapse;width:100%">
<tr><td><b>Bane</b></td><td>51</td></tr><tr><td><b>TIB</b></td><td>5</td></tr><tr><td><b>Navn</b></td><td>Regstrup - Mørkøv</td></tr><tr><td><b>Forkortelse</b></td><td>Rt - Mø</td></tr><tr><td><b>Uddybende placering</b></td><td>IT-kabine</td></tr><tr><td><b>Bygningsnummer</b></td><td>Rt - Mø 079595</td></tr><tr><td><b>Equipment</b></td><td>10605898</td></tr><tr><td><b>Datagennemgang</b></td><td>Match</td></tr><tr><td><b>GPS Nord</b></td><td>55.664752000</td></tr><tr><td><b>GPS Øst</b></td><td>11.550125000</td></tr><tr><td><b>Kilometrering</b></td><td>79.7</td></tr><tr><td><b>Jernbanesikkerhed</b></td><td>2</td></tr><tr><td><b>Forsyningstavle</b></td><td>052.076.B1</td></tr><tr><td><b>Idriftsættelses dato</b></td><td>Fri Dec 01 2017 00:00:00 GMT+0100 (Central European Standard Time)</td></tr><tr><td><b>Ventilationstype</b></td><td>Splitanlæg</td></tr><tr><td><b>Køleeffekt (kW)</b></td><td>3.5</td></tr><tr><td><b>Kølemiddel</b></td><td>R410A</td></tr><tr><td><b>Kølemiddelmængde (kg)</b></td><td>1.35</td></tr><tr><td><b>Producent</b></td><td>Hitachi</td></tr><tr><td><b>Model</b></td><td>RAC-35WSPA</td></tr><tr><td><b>Serienummer</b></td><td>000925</td></tr>
</table>
]]>
</description>
  <Point>
    <coordinates>11.550125000,55.664752000,0</coordinates>
  </Point>
</Placemark>

<Placemark>
  <name>Mørkøv</name>
  <styleUrl>#s</styleUrl>
  <description>
<![CDATA[
<table border="1" style="border-collapse:collapse;width:100%">
<tr><td><b>Bane</b></td><td>51</td></tr><tr><td><b>TIB</b></td><td>5</td></tr><tr><td><b>Navn</b></td><td>Mørkøv</td></tr><tr><td><b>Forkortelse</b></td><td>Mø</td></tr><tr><td><b>Uddybende placering</b></td><td>Relæhus</td></tr><tr><td><b>Bygningsnummer</b></td><td>Mø 004</td></tr><tr><td><b>Equipment</b></td><td>10145933</td></tr><tr><td><b>Datagennemgang</b></td><td>Match</td></tr><tr><td><b>GPS Nord</b></td><td>55.654512000</td></tr><tr><td><b>GPS Øst</b></td><td>11.502473000</td></tr><tr><td><b>Kilometrering</b></td><td>82.9</td></tr><tr><td><b>Jernbanesikkerhed</b></td><td>2</td></tr><tr><td><b>Forsyningstavle</b></td><td>052.083.A1.3</td></tr><tr><td><b>Idriftsættelses dato</b></td><td></td></tr><tr><td><b>Ventilationstype</b></td><td>Splitanlæg</td></tr><tr><td><b>Køleeffekt (kW)</b></td><td>3.5</td></tr><tr><td><b>Kølemiddel</b></td><td>R410A</td></tr><tr><td><b>Kølemiddelmængde (kg)</b></td><td>1</td></tr><tr><td><b>Producent</b></td><td>Hitachi</td></tr><tr><td><b>Model</b></td><td>RAC-35WPA</td></tr><tr><td><b>Serienummer</b></td><td>010520</td></tr>
</table>
]]>
</description>
  <Point>
    <coordinates>11.502473000,55.654512000,0</coordinates>
  </Point>
</Placemark>

<Placemark>
  <name>Mørkøv</name>
  <styleUrl>#s</styleUrl>
  <description>
<![CDATA[
<table border="1" style="border-collapse:collapse;width:100%">
<tr><td><b>Bane</b></td><td>51</td></tr><tr><td><b>TIB</b></td><td>5</td></tr><tr><td><b>Navn</b></td><td>Mørkøv</td></tr><tr><td><b>Forkortelse</b></td><td>Mø</td></tr><tr><td><b>Uddybende placering</b></td><td>Relæhus</td></tr><tr><td><b>Bygningsnummer</b></td><td>Mø 004</td></tr><tr><td><b>Equipment</b></td><td>10447402</td></tr><tr><td><b>Datagennemgang</b></td><td>Match</td></tr><tr><td><b>GPS Nord</b></td><td>55.654520000</td></tr><tr><td><b>GPS Øst</b></td><td>11.502575000</td></tr><tr><td><b>Kilometrering</b></td><td>82.9</td></tr><tr><td><b>Jernbanesikkerhed</b></td><td>2</td></tr><tr><td><b>Forsyningstavle</b></td><td>052.083.A1</td></tr><tr><td><b>Idriftsættelses dato</b></td><td></td></tr><tr><td><b>Ventilationstype</b></td><td>Splitanlæg</td></tr><tr><td><b>Køleeffekt (kW)</b></td><td>3.66</td></tr><tr><td><b>Kølemiddel</b></td><td>R410A</td></tr><tr><td><b>Kølemiddelmængde (kg)</b></td><td>1.05</td></tr><tr><td><b>Producent</b></td><td>Panasonic</td></tr><tr><td><b>Model</b></td><td>CU-V12DKE</td></tr><tr><td><b>Serienummer</b></td><td>7251310337</td></tr>
</table>
]]>
</description>
  <Point>
    <coordinates>11.502575000,55.654520000,0</coordinates>
  </Point>
</Placemark>

<Placemark>
  <name>Jyderup</name>
  <styleUrl>#s</styleUrl>
  <description>
<![CDATA[
<table border="1" style="border-collapse:collapse;width:100%">
<tr><td><b>Bane</b></td><td>51</td></tr><tr><td><b>TIB</b></td><td>5</td></tr><tr><td><b>Navn</b></td><td>Jyderup</td></tr><tr><td><b>Forkortelse</b></td><td>Jy</td></tr><tr><td><b>Uddybende placering</b></td><td>Relæhus</td></tr><tr><td><b>Bygningsnummer</b></td><td>Jy 003</td></tr><tr><td><b>Equipment</b></td><td>10145936</td></tr><tr><td><b>Datagennemgang</b></td><td>Match</td></tr><tr><td><b>GPS Nord</b></td><td>55.660344000</td></tr><tr><td><b>GPS Øst</b></td><td>11.397204000</td></tr><tr><td><b>Kilometrering</b></td><td>89.6</td></tr><tr><td><b>Jernbanesikkerhed</b></td><td>2</td></tr><tr><td><b>Forsyningstavle</b></td><td>052.089.A1</td></tr><tr><td><b>Idriftsættelses dato</b></td><td></td></tr><tr><td><b>Ventilationstype</b></td><td>Splitanlæg</td></tr><tr><td><b>Køleeffekt (kW)</b></td><td>3.5</td></tr><tr><td><b>Kølemiddel</b></td><td>R410A</td></tr><tr><td><b>Kølemiddelmængde (kg)</b></td><td>1.35</td></tr><tr><td><b>Producent</b></td><td>Hitachi</td></tr><tr><td><b>Model</b></td><td>RAC-35WSPA</td></tr><tr><td><b>Serienummer</b></td><td>001619</td></tr>
</table>
]]>
</description>
  <Point>
    <coordinates>11.397204000,55.660344000,0</coordinates>
  </Point>
</Placemark>

<Placemark>
  <name>Jyderup</name>
  <styleUrl>#s</styleUrl>
  <description>
<![CDATA[
<table border="1" style="border-collapse:collapse;width:100%">
<tr><td><b>Bane</b></td><td>51</td></tr><tr><td><b>TIB</b></td><td>5</td></tr><tr><td><b>Navn</b></td><td>Jyderup</td></tr><tr><td><b>Forkortelse</b></td><td>Jy</td></tr><tr><td><b>Uddybende placering</b></td><td>Relæhytte</td></tr><tr><td><b>Bygningsnummer</b></td><td>Jy 002</td></tr><tr><td><b>Equipment</b></td><td>10447404</td></tr><tr><td><b>Datagennemgang</b></td><td>Match</td></tr><tr><td><b>GPS Nord</b></td><td>55.660460000</td></tr><tr><td><b>GPS Øst</b></td><td>11.397482000</td></tr><tr><td><b>Kilometrering</b></td><td>89.6</td></tr><tr><td><b>Jernbanesikkerhed</b></td><td>3</td></tr><tr><td><b>Forsyningstavle</b></td><td>052.089.A1.3</td></tr><tr><td><b>Idriftsættelses dato</b></td><td>Sun Jan 01 2017 00:00:00 GMT+0100 (Central European Standard Time)</td></tr><tr><td><b>Ventilationstype</b></td><td>Splitanlæg</td></tr><tr><td><b>Køleeffekt (kW)</b></td><td>4.17</td></tr><tr><td><b>Kølemiddel</b></td><td>R32</td></tr><tr><td><b>Kølemiddelmængde (kg)</b></td><td>1.55</td></tr><tr><td><b>Producent</b></td><td>Daikin</td></tr><tr><td><b>Model</b></td><td>RZAG50A2V1B</td></tr><tr><td><b>Serienummer</b></td><td>J007976</td></tr>
</table>
]]>
</description>
  <Point>
    <coordinates>11.397482000,55.660460000,0</coordinates>
  </Point>
</Placemark>

<Placemark>
  <name>Svebølle</name>
  <styleUrl>#s</styleUrl>
  <description>
<![CDATA[
<table border="1" style="border-collapse:collapse;width:100%">
<tr><td><b>Bane</b></td><td>51</td></tr><tr><td><b>TIB</b></td><td>5</td></tr><tr><td><b>Navn</b></td><td>Svebølle</td></tr><tr><td><b>Forkortelse</b></td><td>Se</td></tr><tr><td><b>Uddybende placering</b></td><td>Relæhus</td></tr><tr><td><b>Bygningsnummer</b></td><td>Se 006</td></tr><tr><td><b>Equipment</b></td><td>10145939</td></tr><tr><td><b>Datagennemgang</b></td><td>Match</td></tr><tr><td><b>GPS Nord</b></td><td>55.652099000</td></tr><tr><td><b>GPS Øst</b></td><td>11.292381000</td></tr><tr><td><b>Kilometrering</b></td><td>97.2</td></tr><tr><td><b>Jernbanesikkerhed</b></td><td>2</td></tr><tr><td><b>Forsyningstavle</b></td><td>052.097.A1</td></tr><tr><td><b>Idriftsættelses dato</b></td><td></td></tr><tr><td><b>Ventilationstype</b></td><td>Splitanlæg</td></tr><tr><td><b>Køleeffekt (kW)</b></td><td>3.5</td></tr><tr><td><b>Kølemiddel</b></td><td>R410A</td></tr><tr><td><b>Kølemiddelmængde (kg)</b></td><td>0.87</td></tr><tr><td><b>Producent</b></td><td>Hitachi</td></tr><tr><td><b>Model</b></td><td>RAC-35YH6</td></tr><tr><td><b>Serienummer</b></td><td>201777</td></tr>
</table>
]]>
</description>
  <Point>
    <coordinates>11.292381000,55.652099000,0</coordinates>
  </Point>
</Placemark>

<Placemark>
  <name>Svebølle</name>
  <styleUrl>#s</styleUrl>
  <description>
<![CDATA[
<table border="1" style="border-collapse:collapse;width:100%">
<tr><td><b>Bane</b></td><td>51</td></tr><tr><td><b>TIB</b></td><td>5</td></tr><tr><td><b>Navn</b></td><td>Svebølle</td></tr><tr><td><b>Forkortelse</b></td><td>Se</td></tr><tr><td><b>Uddybende placering</b></td><td>Relæhus</td></tr><tr><td><b>Bygningsnummer</b></td><td>Se 006</td></tr><tr><td><b>Equipment</b></td><td>10447405</td></tr><tr><td><b>Datagennemgang</b></td><td>Match</td></tr><tr><td><b>GPS Nord</b></td><td>55.652099000</td></tr><tr><td><b>GPS Øst</b></td><td>11.292381000</td></tr><tr><td><b>Kilometrering</b></td><td>97.2</td></tr><tr><td><b>Jernbanesikkerhed</b></td><td>2</td></tr><tr><td><b>Forsyningstavle</b></td><td>052.097.A2</td></tr><tr><td><b>Idriftsættelses dato</b></td><td></td></tr><tr><td><b>Ventilationstype</b></td><td>Splitanlæg</td></tr><tr><td><b>Køleeffekt (kW)</b></td><td>3.5</td></tr><tr><td><b>Kølemiddel</b></td><td>R410A</td></tr><tr><td><b>Kølemiddelmængde (kg)</b></td><td>1.35</td></tr><tr><td><b>Producent</b></td><td>Hitachi</td></tr><tr><td><b>Model</b></td><td>RAC-35WSPA</td></tr><tr><td><b>Serienummer</b></td><td>001638</td></tr>
</table>
]]>
</description>
  <Point>
    <coordinates>11.292381000,55.652099000,0</coordinates>
  </Point>
</Placemark>

<Placemark>
  <name>Værslev</name>
  <styleUrl>#s</styleUrl>
  <description>
<![CDATA[
<table border="1" style="border-collapse:collapse;width:100%">
<tr><td><b>Bane</b></td><td>51</td></tr><tr><td><b>TIB</b></td><td>5</td></tr><tr><td><b>Navn</b></td><td>Værslev</td></tr><tr><td><b>Forkortelse</b></td><td>Væ</td></tr><tr><td><b>Uddybende placering</b></td><td>Relæhus</td></tr><tr><td><b>Bygningsnummer</b></td><td>Væ 002</td></tr><tr><td><b>Equipment</b></td><td>10145037</td></tr><tr><td><b>Datagennemgang</b></td><td>Match</td></tr><tr><td><b>GPS Nord</b></td><td>55.669933000</td></tr><tr><td><b>GPS Øst</b></td><td>11.207415000</td></tr><tr><td><b>Kilometrering</b></td><td>102.9</td></tr><tr><td><b>Jernbanesikkerhed</b></td><td>3</td></tr><tr><td><b>Forsyningstavle</b></td><td>052.103.A9</td></tr><tr><td><b>Idriftsættelses dato</b></td><td>01-01-2017</td></tr><tr><td><b>Ventilationstype</b></td><td>Splitanlæg</td></tr><tr><td><b>Køleeffekt (kW)</b></td><td>3.5</td></tr><tr><td><b>Kølemiddel</b></td><td>R32</td></tr><tr><td><b>Kølemiddelmængde (kg)</b></td><td>0.87</td></tr><tr><td><b>Producent</b></td><td>Hitachi</td></tr><tr><td><b>Model</b></td><td>RAC-35WPD</td></tr><tr><td><b>Serienummer</b></td><td>006094</td></tr>
</table>
]]>
</description>
  <Point>
    <coordinates>11.207415000,55.669933000,0</coordinates>
  </Point>
</Placemark>

<Placemark>
  <name>Værslev</name>
  <styleUrl>#s</styleUrl>
  <description>
<![CDATA[
<table border="1" style="border-collapse:collapse;width:100%">
<tr><td><b>Bane</b></td><td>51</td></tr><tr><td><b>TIB</b></td><td>5</td></tr><tr><td><b>Navn</b></td><td>Værslev</td></tr><tr><td><b>Forkortelse</b></td><td>Væ</td></tr><tr><td><b>Uddybende placering</b></td><td>Relæhus</td></tr><tr><td><b>Bygningsnummer</b></td><td>Væ 002</td></tr><tr><td><b>Equipment</b></td><td>10847912</td></tr><tr><td><b>Datagennemgang</b></td><td>Match</td></tr><tr><td><b>GPS Nord</b></td><td>55.669927000</td></tr><tr><td><b>GPS Øst</b></td><td>11.207421000</td></tr><tr><td><b>Kilometrering</b></td><td>102.9</td></tr><tr><td><b>Jernbanesikkerhed</b></td><td>1</td></tr><tr><td><b>Forsyningstavle</b></td><td>052.103.A5</td></tr><tr><td><b>Idriftsættelses dato</b></td><td>Wed Feb 08 2023 00:00:00 GMT+0100 (Central European Standard Time)</td></tr><tr><td><b>Ventilationstype</b></td><td>Splitanlæg</td></tr><tr><td><b>Køleeffekt (kW)</b></td><td>3.5</td></tr><tr><td><b>Kølemiddel</b></td><td>R32</td></tr><tr><td><b>Kølemiddelmængde (kg)</b></td><td>1.2</td></tr><tr><td><b>Producent</b></td><td>Mitsubishi</td></tr><tr><td><b>Model</b></td><td>SRC35ZSX-WA</td></tr><tr><td><b>Serienummer</b></td><td>373800715CE</td></tr>
</table>
]]>
</description>
  <Point>
    <coordinates>11.207421000,55.669927000,0</coordinates>
  </Point>
</Placemark>

<Placemark>
  <name>Kalundborg</name>
  <styleUrl>#s</styleUrl>
  <description>
<![CDATA[
<table border="1" style="border-collapse:collapse;width:100%">
<tr><td><b>Bane</b></td><td>51</td></tr><tr><td><b>TIB</b></td><td>5</td></tr><tr><td><b>Navn</b></td><td>Kalundborg</td></tr><tr><td><b>Forkortelse</b></td><td>Kb</td></tr><tr><td><b>Uddybende placering</b></td><td>Transmissionshytte</td></tr><tr><td><b>Bygningsnummer</b></td><td>Kb 107371</td></tr><tr><td><b>Equipment</b></td><td>10909127</td></tr><tr><td><b>Datagennemgang</b></td><td>Match</td></tr><tr><td><b>GPS Nord</b></td><td>55.674605000</td></tr><tr><td><b>GPS Øst</b></td><td>11.134198000</td></tr><tr><td><b>Kilometrering</b></td><td>107.7</td></tr><tr><td><b>Jernbanesikkerhed</b></td><td>2</td></tr><tr><td><b>Forsyningstavle</b></td><td>052.104.C</td></tr><tr><td><b>Idriftsættelses dato</b></td><td>Wed Oct 08 2025 00:00:00 GMT+0200 (Central European Summer Time)</td></tr><tr><td><b>Ventilationstype</b></td><td>Splitanlæg</td></tr><tr><td><b>Køleeffekt (kW)</b></td><td>2.9</td></tr><tr><td><b>Kølemiddel</b></td><td>R32</td></tr><tr><td><b>Kølemiddelmængde (kg)</b></td><td>1.3</td></tr><tr><td><b>Producent</b></td><td>Mitsubishi</td></tr><tr><td><b>Model</b></td><td>SRC50ZSX-W3</td></tr><tr><td><b>Serienummer</b></td><td>546804769CE</td></tr>
</table>
]]>
</description>
  <Point>
    <coordinates>11.134198000,55.674605000,0</coordinates>
  </Point>
</Placemark>

<Placemark>
  <name>Kalundborg</name>
  <styleUrl>#s</styleUrl>
  <description>
<![CDATA[
<table border="1" style="border-collapse:collapse;width:100%">
<tr><td><b>Bane</b></td><td>51</td></tr><tr><td><b>TIB</b></td><td>5</td></tr><tr><td><b>Navn</b></td><td>Kalundborg</td></tr><tr><td><b>Forkortelse</b></td><td>Kb</td></tr><tr><td><b>Uddybende placering</b></td><td>Transmissionshytte</td></tr><tr><td><b>Bygningsnummer</b></td><td>Kb 107371</td></tr><tr><td><b>Equipment</b></td><td>10909129</td></tr><tr><td><b>Datagennemgang</b></td><td>Match</td></tr><tr><td><b>GPS Nord</b></td><td>55.674607000</td></tr><tr><td><b>GPS Øst</b></td><td>11.134199000</td></tr><tr><td><b>Kilometrering</b></td><td>107.7</td></tr><tr><td><b>Jernbanesikkerhed</b></td><td>2</td></tr><tr><td><b>Forsyningstavle</b></td><td>052.104.C</td></tr><tr><td><b>Idriftsættelses dato</b></td><td>Wed Oct 08 2025 00:00:00 GMT+0200 (Central European Summer Time)</td></tr><tr><td><b>Ventilationstype</b></td><td>Splitanlæg</td></tr><tr><td><b>Køleeffekt (kW)</b></td><td>2.9</td></tr><tr><td><b>Kølemiddel</b></td><td>R32</td></tr><tr><td><b>Kølemiddelmængde (kg)</b></td><td>1.3</td></tr><tr><td><b>Producent</b></td><td>Mitsubishi</td></tr><tr><td><b>Model</b></td><td>SRC50ZSX-W3</td></tr><tr><td><b>Serienummer</b></td><td>546804774CE</td></tr>
</table>
]]>
</description>
  <Point>
    <coordinates>11.134199000,55.674607000,0</coordinates>
  </Point>
</Placemark>

<Placemark>
  <name>Kalundborg</name>
  <styleUrl>#s</styleUrl>
  <description>
<![CDATA[
<table border="1" style="border-collapse:collapse;width:100%">
<tr><td><b>Bane</b></td><td>51</td></tr><tr><td><b>TIB</b></td><td>5</td></tr><tr><td><b>Navn</b></td><td>Kalundborg</td></tr><tr><td><b>Forkortelse</b></td><td>Kb</td></tr><tr><td><b>Uddybende placering</b></td><td>UPS rum</td></tr><tr><td><b>Bygningsnummer</b></td><td>Kb 001</td></tr><tr><td><b>Equipment</b></td><td>10921876</td></tr><tr><td><b>Datagennemgang</b></td><td>Match</td></tr><tr><td><b>GPS Nord</b></td><td>55.677938000</td></tr><tr><td><b>GPS Øst</b></td><td>11.089039000</td></tr><tr><td><b>Kilometrering</b></td><td>110.4</td></tr><tr><td><b>Jernbanesikkerhed</b></td><td>2</td></tr><tr><td><b>Forsyningstavle</b></td><td>053.000.A1.1</td></tr><tr><td><b>Idriftsættelses dato</b></td><td>Mon Dec 08 2025 00:00:00 GMT+0100 (Central European Standard Time)</td></tr><tr><td><b>Ventilationstype</b></td><td>Splitanlæg</td></tr><tr><td><b>Køleeffekt (kW)</b></td><td>3.5</td></tr><tr><td><b>Kølemiddel</b></td><td>R290</td></tr><tr><td><b>Kølemiddelmængde (kg)</b></td><td></td></tr><tr><td><b>Producent</b></td><td>Mitsubishi</td></tr><tr><td><b>Model</b></td><td>Kazan</td></tr><tr><td><b>Serienummer</b></td><td></td></tr>
</table>
]]>
</description>
  <Point>
    <coordinates>11.089039000,55.677938000,0</coordinates>
  </Point>
</Placemark>

<Placemark>
  <name>Kalundborg</name>
  <styleUrl>#s</styleUrl>
  <description>
<![CDATA[
<table border="1" style="border-collapse:collapse;width:100%">
<tr><td><b>Bane</b></td><td>51</td></tr><tr><td><b>TIB</b></td><td>5</td></tr><tr><td><b>Navn</b></td><td>Kalundborg</td></tr><tr><td><b>Forkortelse</b></td><td>Kb</td></tr><tr><td><b>Uddybende placering</b></td><td>Relærum</td></tr><tr><td><b>Bygningsnummer</b></td><td>Kb 001</td></tr><tr><td><b>Equipment</b></td><td>10921877</td></tr><tr><td><b>Datagennemgang</b></td><td>Match</td></tr><tr><td><b>GPS Nord</b></td><td>55.677938000</td></tr><tr><td><b>GPS Øst</b></td><td>11.089039000</td></tr><tr><td><b>Kilometrering</b></td><td>110.4</td></tr><tr><td><b>Jernbanesikkerhed</b></td><td>2</td></tr><tr><td><b>Forsyningstavle</b></td><td>053.000.A1.1</td></tr><tr><td><b>Idriftsættelses dato</b></td><td>Mon Dec 08 2025 00:00:00 GMT+0100 (Central European Standard Time)</td></tr><tr><td><b>Ventilationstype</b></td><td>Splitanlæg</td></tr><tr><td><b>Køleeffekt (kW)</b></td><td>3.5</td></tr><tr><td><b>Kølemiddel</b></td><td>R290</td></tr><tr><td><b>Kølemiddelmængde (kg)</b></td><td></td></tr><tr><td><b>Producent</b></td><td>Mitsubishi</td></tr><tr><td><b>Model</b></td><td>Kazan</td></tr><tr><td><b>Serienummer</b></td><td></td></tr>
</table>
]]>
</description>
  <Point>
    <coordinates>11.089039000,55.677938000,0</coordinates>
  </Point>
</Placemark>

<Placemark>
  <name>Kalundborg Øst</name>
  <styleUrl>#s</styleUrl>
  <description>
<![CDATA[
<table border="1" style="border-collapse:collapse;width:100%">
<tr><td><b>Bane</b></td><td>51</td></tr><tr><td><b>TIB</b></td><td>5</td></tr><tr><td><b>Navn</b></td><td>Kalundborg Øst</td></tr><tr><td><b>Forkortelse</b></td><td>Kbø</td></tr><tr><td><b>Uddybende placering</b></td><td>Duelco hytte</td></tr><tr><td><b>Bygningsnummer</b></td><td>Kb 601</td></tr><tr><td><b>Equipment</b></td><td>10878507</td></tr><tr><td><b>Datagennemgang</b></td><td>Match</td></tr><tr><td><b>GPS Nord</b></td><td>55.676246000</td></tr><tr><td><b>GPS Øst</b></td><td>11.122964000</td></tr><tr><td><b>Kilometrering</b></td><td>108.371</td></tr><tr><td><b>Jernbanesikkerhed</b></td><td>1</td></tr><tr><td><b>Forsyningstavle</b></td><td>052.109.A1</td></tr><tr><td><b>Idriftsættelses dato</b></td><td>20-05-2021</td></tr><tr><td><b>Ventilationstype</b></td><td>Splitanlæg</td></tr><tr><td><b>Køleeffekt (kW)</b></td><td>2.5</td></tr><tr><td><b>Kølemiddel</b></td><td>R32</td></tr><tr><td><b>Kølemiddelmængde (kg)</b></td><td>0.96</td></tr><tr><td><b>Producent</b></td><td>Panasonic</td></tr><tr><td><b>Model</b></td><td>CU-NZ9SKE</td></tr><tr><td><b>Serienummer</b></td><td>6557614783</td></tr>
</table>
]]>
</description>
  <Point>
    <coordinates>11.122964000,55.676246000,0</coordinates>
  </Point>
</Placemark>

<Placemark>
  <name>Lejre</name>
  <styleUrl>#s</styleUrl>
  <description>
<![CDATA[
<table border="1" style="border-collapse:collapse;width:100%">
<tr><td><b>Bane</b></td><td>79</td></tr><tr><td><b>TIB</b></td><td>5</td></tr><tr><td><b>Navn</b></td><td>Lejre</td></tr><tr><td><b>Forkortelse</b></td><td>Lj</td></tr><tr><td><b>Uddybende placering</b></td><td>Relæhytte</td></tr><tr><td><b>Bygningsnummer</b></td><td>Lj 007</td></tr><tr><td><b>Equipment</b></td><td>10447398</td></tr><tr><td><b>Datagennemgang</b></td><td>Match</td></tr><tr><td><b>GPS Nord</b></td><td>55.604504000</td></tr><tr><td><b>GPS Øst</b></td><td>11.970815000</td></tr><tr><td><b>Kilometrering</b></td><td>40.8</td></tr><tr><td><b>Jernbanesikkerhed</b></td><td>2</td></tr><tr><td><b>Forsyningstavle</b></td><td>052.041.A2</td></tr><tr><td><b>Idriftsættelses dato</b></td><td></td></tr><tr><td><b>Ventilationstype</b></td><td>Splitanlæg</td></tr><tr><td><b>Køleeffekt (kW)</b></td><td>3.5</td></tr><tr><td><b>Kølemiddel</b></td><td>R410A</td></tr><tr><td><b>Kølemiddelmængde (kg)</b></td><td>0.87</td></tr><tr><td><b>Producent</b></td><td>Hitachi</td></tr><tr><td><b>Model</b></td><td>RAC-35YH6</td></tr><tr><td><b>Serienummer</b></td><td>037309</td></tr>
</table>
]]>
</description>
  <Point>
    <coordinates>11.970815000,55.604504000,0</coordinates>
  </Point>
</Placemark>

<Placemark>
  <name>Hvalsø</name>
  <styleUrl>#s</styleUrl>
  <description>
<![CDATA[
<table border="1" style="border-collapse:collapse;width:100%">
<tr><td><b>Bane</b></td><td>79</td></tr><tr><td><b>TIB</b></td><td>5</td></tr><tr><td><b>Navn</b></td><td>Hvalsø</td></tr><tr><td><b>Forkortelse</b></td><td>Hv</td></tr><tr><td><b>Uddybende placering</b></td><td>Radiohytte</td></tr><tr><td><b>Bygningsnummer</b></td><td>Hv 015</td></tr><tr><td><b>Equipment</b></td><td>10145031</td></tr><tr><td><b>Datagennemgang</b></td><td>Match</td></tr><tr><td><b>GPS Nord</b></td><td>55.595306000</td></tr><tr><td><b>GPS Øst</b></td><td>11.860705000</td></tr><tr><td><b>Kilometrering</b></td><td>48.3</td></tr><tr><td><b>Jernbanesikkerhed</b></td><td>2</td></tr><tr><td><b>Forsyningstavle</b></td><td>052.049.A9</td></tr><tr><td><b>Idriftsættelses dato</b></td><td></td></tr><tr><td><b>Ventilationstype</b></td><td>Splitanlæg</td></tr><tr><td><b>Køleeffekt (kW)</b></td><td>3.5</td></tr><tr><td><b>Kølemiddel</b></td><td>R410A</td></tr><tr><td><b>Kølemiddelmængde (kg)</b></td><td>0.87</td></tr><tr><td><b>Producent</b></td><td>Hitachi</td></tr><tr><td><b>Model</b></td><td>RAC-35YH6</td></tr><tr><td><b>Serienummer</b></td><td>201156</td></tr>
</table>
]]>
</description>
  <Point>
    <coordinates>11.860705000,55.595306000,0</coordinates>
  </Point>
</Placemark>

<Placemark>
  <name>Tølløse</name>
  <styleUrl>#s</styleUrl>
  <description>
<![CDATA[
<table border="1" style="border-collapse:collapse;width:100%">
<tr><td><b>Bane</b></td><td>79</td></tr><tr><td><b>TIB</b></td><td>5</td></tr><tr><td><b>Navn</b></td><td>Tølløse</td></tr><tr><td><b>Forkortelse</b></td><td>Tø</td></tr><tr><td><b>Uddybende placering</b></td><td>Relæhus</td></tr><tr><td><b>Bygningsnummer</b></td><td>Tø 002</td></tr><tr><td><b>Equipment</b></td><td>10924783</td></tr><tr><td><b>Datagennemgang</b></td><td>Not Found</td></tr><tr><td><b>GPS Nord</b></td><td>55.612543000</td></tr><tr><td><b>GPS Øst</b></td><td>11.772539000</td></tr><tr><td><b>Kilometrering</b></td><td>54.6</td></tr><tr><td><b>Jernbanesikkerhed</b></td><td>2</td></tr><tr><td><b>Forsyningstavle</b></td><td>052.055.A1.3</td></tr><tr><td><b>Idriftsættelses dato</b></td><td>Fri Jun 26 2026 00:00:00 GMT+0200 (Central European Summer Time)</td></tr><tr><td><b>Ventilationstype</b></td><td>Varmepumpe</td></tr><tr><td><b>Køleeffekt (kW)</b></td><td>5.3</td></tr><tr><td><b>Kølemiddel</b></td><td>R32</td></tr><tr><td><b>Kølemiddelmængde (kg)</b></td><td>0.85</td></tr><tr><td><b>Producent</b></td><td>Innova</td></tr><tr><td><b>Model</b></td><td>IGZCH18NO-1</td></tr><tr><td><b>Serienummer</b></td><td>2026002946</td></tr>
</table>
]]>
</description>
  <Point>
    <coordinates>11.772539000,55.612543000,0</coordinates>
  </Point>
</Placemark>

<Placemark>
  <name>Vipperød</name>
  <styleUrl>#s</styleUrl>
  <description>
<![CDATA[
<table border="1" style="border-collapse:collapse;width:100%">
<tr><td><b>Bane</b></td><td>79</td></tr><tr><td><b>TIB</b></td><td>5</td></tr><tr><td><b>Navn</b></td><td>Vipperød</td></tr><tr><td><b>Forkortelse</b></td><td>Pe</td></tr><tr><td><b>Uddybende placering</b></td><td>Relæhytte</td></tr><tr><td><b>Bygningsnummer</b></td><td>Pe 005</td></tr><tr><td><b>Equipment</b></td><td>10447399</td></tr><tr><td><b>Datagennemgang</b></td><td>Match</td></tr><tr><td><b>GPS Nord</b></td><td>55.666616000</td></tr><tr><td><b>GPS Øst</b></td><td>11.738848000</td></tr><tr><td><b>Kilometrering</b></td><td>61.1</td></tr><tr><td><b>Jernbanesikkerhed</b></td><td>2</td></tr><tr><td><b>Forsyningstavle</b></td><td>052.061.A1.3</td></tr><tr><td><b>Idriftsættelses dato</b></td><td></td></tr><tr><td><b>Ventilationstype</b></td><td>Splitanlæg</td></tr><tr><td><b>Køleeffekt (kW)</b></td><td>3.5</td></tr><tr><td><b>Kølemiddel</b></td><td>R410A</td></tr><tr><td><b>Kølemiddelmængde (kg)</b></td><td>1.05</td></tr><tr><td><b>Producent</b></td><td>Hitachi</td></tr><tr><td><b>Model</b></td><td>RAC-35WPB</td></tr><tr><td><b>Serienummer</b></td><td>000251</td></tr>
</table>
]]>
</description>
  <Point>
    <coordinates>11.738848000,55.666616000,0</coordinates>
  </Point>
</Placemark>

<Placemark>
  <name>Vipperød</name>
  <styleUrl>#s</styleUrl>
  <description>
<![CDATA[
<table border="1" style="border-collapse:collapse;width:100%">
<tr><td><b>Bane</b></td><td>79</td></tr><tr><td><b>TIB</b></td><td>5</td></tr><tr><td><b>Navn</b></td><td>Vipperød</td></tr><tr><td><b>Forkortelse</b></td><td>Pe</td></tr><tr><td><b>Uddybende placering</b></td><td>Relæhytte</td></tr><tr><td><b>Bygningsnummer</b></td><td>Pe 012</td></tr><tr><td><b>Equipment</b></td><td>10483699</td></tr><tr><td><b>Datagennemgang</b></td><td>Match</td></tr><tr><td><b>GPS Nord</b></td><td>55.666570000</td></tr><tr><td><b>GPS Øst</b></td><td>11.738832000</td></tr><tr><td><b>Kilometrering</b></td><td>61.1</td></tr><tr><td><b>Jernbanesikkerhed</b></td><td>2</td></tr><tr><td><b>Forsyningstavle</b></td><td>052.061.A5</td></tr><tr><td><b>Idriftsættelses dato</b></td><td>Fri Nov 18 2011 00:00:00 GMT+0100 (Central European Standard Time)</td></tr><tr><td><b>Ventilationstype</b></td><td>Splitanlæg</td></tr><tr><td><b>Køleeffekt (kW)</b></td><td>3.5</td></tr><tr><td><b>Kølemiddel</b></td><td>R410A</td></tr><tr><td><b>Kølemiddelmængde (kg)</b></td><td>0.87</td></tr><tr><td><b>Producent</b></td><td>Hitachi</td></tr><tr><td><b>Model</b></td><td>RAC-35YH6</td></tr><tr><td><b>Serienummer</b></td><td>037305</td></tr>
</table>
]]>
</description>
  <Point>
    <coordinates>11.738832000,55.666570000,0</coordinates>
  </Point>
</Placemark>

<Placemark>
  <name>Holbæk</name>
  <styleUrl>#s</styleUrl>
  <description>
<![CDATA[
<table border="1" style="border-collapse:collapse;width:100%">
<tr><td><b>Bane</b></td><td>79</td></tr><tr><td><b>TIB</b></td><td>5</td></tr><tr><td><b>Navn</b></td><td>Holbæk</td></tr><tr><td><b>Forkortelse</b></td><td>Hk</td></tr><tr><td><b>Uddybende placering</b></td><td>Relæhytte</td></tr><tr><td><b>Bygningsnummer</b></td><td>Hk 034</td></tr><tr><td><b>Equipment</b></td><td>10144654</td></tr><tr><td><b>Datagennemgang</b></td><td>Match</td></tr><tr><td><b>GPS Nord</b></td><td>55.715539000</td></tr><tr><td><b>GPS Øst</b></td><td>11.707501000</td></tr><tr><td><b>Kilometrering</b></td><td>67</td></tr><tr><td><b>Jernbanesikkerhed</b></td><td>2</td></tr><tr><td><b>Forsyningstavle</b></td><td>052.067.B1</td></tr><tr><td><b>Idriftsættelses dato</b></td><td></td></tr><tr><td><b>Ventilationstype</b></td><td>Splitanlæg</td></tr><tr><td><b>Køleeffekt (kW)</b></td><td>3.5</td></tr><tr><td><b>Kølemiddel</b></td><td>R410A</td></tr><tr><td><b>Kølemiddelmængde (kg)</b></td><td>1.05</td></tr><tr><td><b>Producent</b></td><td>Hitachi</td></tr><tr><td><b>Model</b></td><td>RAC-35WPB</td></tr><tr><td><b>Serienummer</b></td><td>005484</td></tr>
</table>
]]>
</description>
  <Point>
    <coordinates>11.707501000,55.715539000,0</coordinates>
  </Point>
</Placemark>

<Placemark>
  <name>Holbæk</name>
  <styleUrl>#s</styleUrl>
  <description>
<![CDATA[
<table border="1" style="border-collapse:collapse;width:100%">
<tr><td><b>Bane</b></td><td>79</td></tr><tr><td><b>TIB</b></td><td>5</td></tr><tr><td><b>Navn</b></td><td>Holbæk</td></tr><tr><td><b>Forkortelse</b></td><td>Hk</td></tr><tr><td><b>Uddybende placering</b></td><td>Relæhus</td></tr><tr><td><b>Bygningsnummer</b></td><td>Hk 011</td></tr><tr><td><b>Equipment</b></td><td>10145927</td></tr><tr><td><b>Datagennemgang</b></td><td>Match</td></tr><tr><td><b>GPS Nord</b></td><td>55.715512000</td></tr><tr><td><b>GPS Øst</b></td><td>11.707535000</td></tr><tr><td><b>Kilometrering</b></td><td>67</td></tr><tr><td><b>Jernbanesikkerhed</b></td><td>2</td></tr><tr><td><b>Forsyningstavle</b></td><td>052.067.B1.1</td></tr><tr><td><b>Idriftsættelses dato</b></td><td></td></tr><tr><td><b>Ventilationstype</b></td><td>Splitanlæg</td></tr><tr><td><b>Køleeffekt (kW)</b></td><td>3.5</td></tr><tr><td><b>Kølemiddel</b></td><td>R410A</td></tr><tr><td><b>Kølemiddelmængde (kg)</b></td><td>1</td></tr><tr><td><b>Producent</b></td><td>Hitachi</td></tr><tr><td><b>Model</b></td><td>RAC-35WPA</td></tr><tr><td><b>Serienummer</b></td><td>006926</td></tr>
</table>
]]>
</description>
  <Point>
    <coordinates>11.707535000,55.715512000,0</coordinates>
  </Point>
</Placemark>

<Placemark>
  <name>Holbæk</name>
  <styleUrl>#s</styleUrl>
  <description>
<![CDATA[
<table border="1" style="border-collapse:collapse;width:100%">
<tr><td><b>Bane</b></td><td>79</td></tr><tr><td><b>TIB</b></td><td>5</td></tr><tr><td><b>Navn</b></td><td>Holbæk</td></tr><tr><td><b>Forkortelse</b></td><td>Hk</td></tr><tr><td><b>Uddybende placering</b></td><td>Relæhus</td></tr><tr><td><b>Bygningsnummer</b></td><td>Hk 033</td></tr><tr><td><b>Equipment</b></td><td>10844363</td></tr><tr><td><b>Datagennemgang</b></td><td>Match</td></tr><tr><td><b>GPS Nord</b></td><td>55.715600000</td></tr><tr><td><b>GPS Øst</b></td><td>11.707406000</td></tr><tr><td><b>Kilometrering</b></td><td>67</td></tr><tr><td><b>Jernbanesikkerhed</b></td><td>2</td></tr><tr><td><b>Forsyningstavle</b></td><td>052.067.B1</td></tr><tr><td><b>Idriftsættelses dato</b></td><td>Tue Jun 13 2023 00:00:00 GMT+0200 (Central European Summer Time)</td></tr><tr><td><b>Ventilationstype</b></td><td>Splitanlæg</td></tr><tr><td><b>Køleeffekt (kW)</b></td><td>6.1</td></tr><tr><td><b>Kølemiddel</b></td><td>R32</td></tr><tr><td><b>Kølemiddelmængde (kg)</b></td><td>1.3</td></tr><tr><td><b>Producent</b></td><td>Mitsubishi</td></tr><tr><td><b>Model</b></td><td>SRC60ZSX-W1</td></tr><tr><td><b>Serienummer</b></td><td>373101797CE</td></tr>
</table>
]]>
</description>
  <Point>
    <coordinates>11.707406000,55.715600000,0</coordinates>
  </Point>
</Placemark>

<Placemark>
  <name>Holbæk</name>
  <styleUrl>#s</styleUrl>
  <description>
<![CDATA[
<table border="1" style="border-collapse:collapse;width:100%">
<tr><td><b>Bane</b></td><td>79</td></tr><tr><td><b>TIB</b></td><td>5</td></tr><tr><td><b>Navn</b></td><td>Holbæk</td></tr><tr><td><b>Forkortelse</b></td><td>Hk</td></tr><tr><td><b>Uddybende placering</b></td><td>Relæhus</td></tr><tr><td><b>Bygningsnummer</b></td><td>Hk 010</td></tr><tr><td><b>Equipment</b></td><td>10845170</td></tr><tr><td><b>Datagennemgang</b></td><td>Match</td></tr><tr><td><b>GPS Nord</b></td><td>55.715417000</td></tr><tr><td><b>GPS Øst</b></td><td>11.707754000</td></tr><tr><td><b>Kilometrering</b></td><td>67</td></tr><tr><td><b>Jernbanesikkerhed</b></td><td>2</td></tr><tr><td><b>Forsyningstavle</b></td><td>052.067.B1.3</td></tr><tr><td><b>Idriftsættelses dato</b></td><td>07-06-2023</td></tr><tr><td><b>Ventilationstype</b></td><td>Splitanlæg</td></tr><tr><td><b>Køleeffekt (kW)</b></td><td>6.1</td></tr><tr><td><b>Kølemiddel</b></td><td>R32</td></tr><tr><td><b>Kølemiddelmængde (kg)</b></td><td>1.3</td></tr><tr><td><b>Producent</b></td><td>Mitsubishi</td></tr><tr><td><b>Model</b></td><td>SRC60ZSX-W1</td></tr><tr><td><b>Serienummer</b></td><td>290405158CE</td></tr>
</table>
]]>
</description>
  <Point>
    <coordinates>11.707754000,55.715417000,0</coordinates>
  </Point>
</Placemark>

<Placemark>
  <name>Holbæk</name>
  <styleUrl>#s</styleUrl>
  <description>
<![CDATA[
<table border="1" style="border-collapse:collapse;width:100%">
<tr><td><b>Bane</b></td><td>79</td></tr><tr><td><b>TIB</b></td><td>5</td></tr><tr><td><b>Navn</b></td><td>Holbæk</td></tr><tr><td><b>Forkortelse</b></td><td>Hk</td></tr><tr><td><b>Uddybende placering</b></td><td>Relæhus</td></tr><tr><td><b>Bygningsnummer</b></td><td>Hk 010</td></tr><tr><td><b>Equipment</b></td><td>10452585</td></tr><tr><td><b>Datagennemgang</b></td><td>Match</td></tr><tr><td><b>GPS Nord</b></td><td>55.715416000</td></tr><tr><td><b>GPS Øst</b></td><td>11.707768000</td></tr><tr><td><b>Kilometrering</b></td><td>67</td></tr><tr><td><b>Jernbanesikkerhed</b></td><td>2</td></tr><tr><td><b>Forsyningstavle</b></td><td>052.067.B1.3</td></tr><tr><td><b>Idriftsættelses dato</b></td><td>12-08-2024</td></tr><tr><td><b>Ventilationstype</b></td><td>Splitanlæg</td></tr><tr><td><b>Køleeffekt (kW)</b></td><td>6.4</td></tr><tr><td><b>Kølemiddel</b></td><td>R32</td></tr><tr><td><b>Kølemiddelmængde (kg)</b></td><td>1.2</td></tr><tr><td><b>Producent</b></td><td>Mitsubishi</td></tr><tr><td><b>Model</b></td><td>SRC63ZTL-W</td></tr><tr><td><b>Serienummer</b></td><td>490300384CE</td></tr>
</table>
]]>
</description>
  <Point>
    <coordinates>11.707768000,55.715416000,0</coordinates>
  </Point>
</Placemark>

<Placemark>
  <name>Holbæk</name>
  <styleUrl>#s</styleUrl>
  <description>
<![CDATA[
<table border="1" style="border-collapse:collapse;width:100%">
<tr><td><b>Bane</b></td><td>79</td></tr><tr><td><b>TIB</b></td><td>5</td></tr><tr><td><b>Navn</b></td><td>Holbæk</td></tr><tr><td><b>Forkortelse</b></td><td>Hk</td></tr><tr><td><b>Uddybende placering</b></td><td>Tavlerum Kælder</td></tr><tr><td><b>Bygningsnummer</b></td><td>Hk 001</td></tr><tr><td><b>Equipment</b></td><td>10521661</td></tr><tr><td><b>Datagennemgang</b></td><td>Match</td></tr><tr><td><b>GPS Nord</b></td><td>55.715564000</td></tr><tr><td><b>GPS Øst</b></td><td>11.708702000</td></tr><tr><td><b>Kilometrering</b></td><td>67</td></tr><tr><td><b>Jernbanesikkerhed</b></td><td>2</td></tr><tr><td><b>Forsyningstavle</b></td><td>052.067.A</td></tr><tr><td><b>Idriftsættelses dato</b></td><td></td></tr><tr><td><b>Ventilationstype</b></td><td>Splitanlæg</td></tr><tr><td><b>Køleeffekt (kW)</b></td><td>2.5</td></tr><tr><td><b>Kølemiddel</b></td><td>R32</td></tr><tr><td><b>Kølemiddelmængde (kg)</b></td><td>0.55</td></tr><tr><td><b>Producent</b></td><td>Acson</td></tr><tr><td><b>Model</b></td><td>A4LC15B AFCA</td></tr><tr><td><b>Serienummer</b></td><td>20472702 03495</td></tr>
</table>
]]>
</description>
  <Point>
    <coordinates>11.708702000,55.715564000,0</coordinates>
  </Point>
</Placemark>

<Placemark>
  <name>Høje Taastrup</name>
  <styleUrl>#s</styleUrl>
  <description>
<![CDATA[
<table border="1" style="border-collapse:collapse;width:100%">
<tr><td><b>Bane</b></td><td>11b</td></tr><tr><td><b>TIB</b></td><td>1</td></tr><tr><td><b>Navn</b></td><td>Høje Taastrup</td></tr><tr><td><b>Forkortelse</b></td><td>Htå</td></tr><tr><td><b>Uddybende placering</b></td><td>Nødstrømsrum</td></tr><tr><td><b>Bygningsnummer</b></td><td>Htå 010</td></tr><tr><td><b>Equipment</b></td><td>10238769</td></tr><tr><td><b>Datagennemgang</b></td><td>Match</td></tr><tr><td><b>GPS Nord</b></td><td>55.648346000</td></tr><tr><td><b>GPS Øst</b></td><td>12.269679000</td></tr><tr><td><b>Kilometrering</b></td><td>19.5</td></tr><tr><td><b>Jernbanesikkerhed</b></td><td>1</td></tr><tr><td><b>Forsyningstavle</b></td><td>012.019.A1</td></tr><tr><td><b>Idriftsættelses dato</b></td><td>Fri Mar 08 2024 00:00:00 GMT+0100 (Central European Standard Time)</td></tr><tr><td><b>Ventilationstype</b></td><td>Splitanlæg</td></tr><tr><td><b>Køleeffekt (kW)</b></td><td>3.5</td></tr><tr><td><b>Kølemiddel</b></td><td>R410A</td></tr><tr><td><b>Kølemiddelmængde (kg)</b></td><td>0.87</td></tr><tr><td><b>Producent</b></td><td>Mitsubishi</td></tr><tr><td><b>Model</b></td><td>SRC50ZSX-W3</td></tr><tr><td><b>Serienummer</b></td><td>393300008CE</td></tr>
</table>
]]>
</description>
  <Point>
    <coordinates>12.269679000,55.648346000,0</coordinates>
  </Point>
</Placemark>

<Placemark>
  <name>Høje Taastrup</name>
  <styleUrl>#s</styleUrl>
  <description>
<![CDATA[
<table border="1" style="border-collapse:collapse;width:100%">
<tr><td><b>Bane</b></td><td>11b</td></tr><tr><td><b>TIB</b></td><td>1</td></tr><tr><td><b>Navn</b></td><td>Høje Taastrup</td></tr><tr><td><b>Forkortelse</b></td><td>Htå</td></tr><tr><td><b>Uddybende placering</b></td><td>Relærum under station</td></tr><tr><td><b>Bygningsnummer</b></td><td>Htå 010</td></tr><tr><td><b>Equipment</b></td><td>10521640</td></tr><tr><td><b>Datagennemgang</b></td><td>Match</td></tr><tr><td><b>GPS Nord</b></td><td>55.648337000</td></tr><tr><td><b>GPS Øst</b></td><td>12.269633000</td></tr><tr><td><b>Kilometrering</b></td><td>19.5</td></tr><tr><td><b>Jernbanesikkerhed</b></td><td>1</td></tr><tr><td><b>Forsyningstavle</b></td><td>012.019.A1</td></tr><tr><td><b>Idriftsættelses dato</b></td><td></td></tr><tr><td><b>Ventilationstype</b></td><td>Splitanlæg</td></tr><tr><td><b>Køleeffekt (kW)</b></td><td>1.77</td></tr><tr><td><b>Kølemiddel</b></td><td>R410A</td></tr><tr><td><b>Kølemiddelmængde (kg)</b></td><td>1.6</td></tr><tr><td><b>Producent</b></td><td>Hitachi</td></tr><tr><td><b>Model</b></td><td>RAS-2.5HVRN2</td></tr><tr><td><b>Serienummer</b></td><td>00000640</td></tr>
</table>
]]>
</description>
  <Point>
    <coordinates>12.269633000,55.648337000,0</coordinates>
  </Point>
</Placemark>

<Placemark>
  <name>Høje Taastrup</name>
  <styleUrl>#s</styleUrl>
  <description>
<![CDATA[
<table border="1" style="border-collapse:collapse;width:100%">
<tr><td><b>Bane</b></td><td>11b</td></tr><tr><td><b>TIB</b></td><td>1</td></tr><tr><td><b>Navn</b></td><td>Høje Taastrup</td></tr><tr><td><b>Forkortelse</b></td><td>Htå</td></tr><tr><td><b>Uddybende placering</b></td><td>Relærum under station</td></tr><tr><td><b>Bygningsnummer</b></td><td>Htå 010</td></tr><tr><td><b>Equipment</b></td><td>10521641</td></tr><tr><td><b>Datagennemgang</b></td><td>Match</td></tr><tr><td><b>GPS Nord</b></td><td>55.648338000</td></tr><tr><td><b>GPS Øst</b></td><td>12.269631000</td></tr><tr><td><b>Kilometrering</b></td><td>19.5</td></tr><tr><td><b>Jernbanesikkerhed</b></td><td>1</td></tr><tr><td><b>Forsyningstavle</b></td><td>012.019.A1</td></tr><tr><td><b>Idriftsættelses dato</b></td><td></td></tr><tr><td><b>Ventilationstype</b></td><td>Splitanlæg</td></tr><tr><td><b>Køleeffekt (kW)</b></td><td>1.77</td></tr><tr><td><b>Kølemiddel</b></td><td>R410A</td></tr><tr><td><b>Kølemiddelmængde (kg)</b></td><td>1.6</td></tr><tr><td><b>Producent</b></td><td>Hitachi</td></tr><tr><td><b>Model</b></td><td>RAS-2.5HVRN2</td></tr><tr><td><b>Serienummer</b></td><td>00000918</td></tr>
</table>
]]>
</description>
  <Point>
    <coordinates>12.269631000,55.648338000,0</coordinates>
  </Point>
</Placemark>

<Placemark>
  <name>Høje Taastrup</name>
  <styleUrl>#s</styleUrl>
  <description>
<![CDATA[
<table border="1" style="border-collapse:collapse;width:100%">
<tr><td><b>Bane</b></td><td>11b</td></tr><tr><td><b>TIB</b></td><td>1</td></tr><tr><td><b>Navn</b></td><td>Høje Taastrup</td></tr><tr><td><b>Forkortelse</b></td><td>Htå</td></tr><tr><td><b>Uddybende placering</b></td><td>Telerum kælder</td></tr><tr><td><b>Bygningsnummer</b></td><td>Htå 010</td></tr><tr><td><b>Equipment</b></td><td>10521642</td></tr><tr><td><b>Datagennemgang</b></td><td>Match</td></tr><tr><td><b>GPS Nord</b></td><td>55.648334000</td></tr><tr><td><b>GPS Øst</b></td><td>12.269631000</td></tr><tr><td><b>Kilometrering</b></td><td>19.5</td></tr><tr><td><b>Jernbanesikkerhed</b></td><td>2</td></tr><tr><td><b>Forsyningstavle</b></td><td>012.019.A1</td></tr><tr><td><b>Idriftsættelses dato</b></td><td></td></tr><tr><td><b>Ventilationstype</b></td><td>Splitanlæg</td></tr><tr><td><b>Køleeffekt (kW)</b></td><td>7.3</td></tr><tr><td><b>Kølemiddel</b></td><td>R32</td></tr><tr><td><b>Kølemiddelmængde (kg)</b></td><td>2.4</td></tr><tr><td><b>Producent</b></td><td>Mitsubishi</td></tr><tr><td><b>Model</b></td><td>SRC60ZSX-W1</td></tr><tr><td><b>Serienummer</b></td><td>373102419CE</td></tr>
</table>
]]>
</description>
  <Point>
    <coordinates>12.269631000,55.648334000,0</coordinates>
  </Point>
</Placemark>

<Placemark>
  <name>Høje Taastrup</name>
  <styleUrl>#s</styleUrl>
  <description>
<![CDATA[
<table border="1" style="border-collapse:collapse;width:100%">
<tr><td><b>Bane</b></td><td>11b</td></tr><tr><td><b>TIB</b></td><td>1</td></tr><tr><td><b>Navn</b></td><td>Høje Taastrup</td></tr><tr><td><b>Forkortelse</b></td><td>Htå</td></tr><tr><td><b>Uddybende placering</b></td><td>Telerum kælder</td></tr><tr><td><b>Bygningsnummer</b></td><td>Htå 010</td></tr><tr><td><b>Equipment</b></td><td>10521643</td></tr><tr><td><b>Datagennemgang</b></td><td>Match</td></tr><tr><td><b>GPS Nord</b></td><td>55.648341000</td></tr><tr><td><b>GPS Øst</b></td><td>12.269635000</td></tr><tr><td><b>Kilometrering</b></td><td>19.5</td></tr><tr><td><b>Jernbanesikkerhed</b></td><td>2</td></tr><tr><td><b>Forsyningstavle</b></td><td>012.019.A1</td></tr><tr><td><b>Idriftsættelses dato</b></td><td></td></tr><tr><td><b>Ventilationstype</b></td><td>Splitanlæg</td></tr><tr><td><b>Køleeffekt (kW)</b></td><td>7.3</td></tr><tr><td><b>Kølemiddel</b></td><td>R407C</td></tr><tr><td><b>Kølemiddelmængde (kg)</b></td><td>2.4</td></tr><tr><td><b>Producent</b></td><td>Sanyo</td></tr><tr><td><b>Model</b></td><td>SPW-CR254E8</td></tr><tr><td><b>Serienummer</b></td><td>85401858</td></tr>
</table>
]]>
</description>
  <Point>
    <coordinates>12.269635000,55.648341000,0</coordinates>
  </Point>
</Placemark>

<Placemark>
  <name>Høje Taastrup</name>
  <styleUrl>#s</styleUrl>
  <description>
<![CDATA[
<table border="1" style="border-collapse:collapse;width:100%">
<tr><td><b>Bane</b></td><td>11b</td></tr><tr><td><b>TIB</b></td><td>1</td></tr><tr><td><b>Navn</b></td><td>Høje Taastrup</td></tr><tr><td><b>Forkortelse</b></td><td>Htå</td></tr><tr><td><b>Uddybende placering</b></td><td>I/U hytte 20.9</td></tr><tr><td><b>Bygningsnummer</b></td><td></td></tr><tr><td><b>Equipment</b></td><td>10521644</td></tr><tr><td><b>Datagennemgang</b></td><td>Match</td></tr><tr><td><b>GPS Nord</b></td><td>55.646119000</td></tr><tr><td><b>GPS Øst</b></td><td>12.247448000</td></tr><tr><td><b>Kilometrering</b></td><td>20.9</td></tr><tr><td><b>Jernbanesikkerhed</b></td><td>2</td></tr><tr><td><b>Forsyningstavle</b></td><td>012.019.I1.1</td></tr><tr><td><b>Idriftsættelses dato</b></td><td></td></tr><tr><td><b>Ventilationstype</b></td><td>Splitanlæg</td></tr><tr><td><b>Køleeffekt (kW)</b></td><td>4.17</td></tr><tr><td><b>Kølemiddel</b></td><td>R32</td></tr><tr><td><b>Kølemiddelmængde (kg)</b></td><td>1.1</td></tr><tr><td><b>Producent</b></td><td>Daikin</td></tr><tr><td><b>Model</b></td><td>RXM42R2V1B</td></tr><tr><td><b>Serienummer</b></td><td>J008413</td></tr>
</table>
]]>
</description>
  <Point>
    <coordinates>12.247448000,55.646119000,0</coordinates>
  </Point>
</Placemark>

<Placemark>
  <name>Høje Taastrup</name>
  <styleUrl>#s</styleUrl>
  <description>
<![CDATA[
<table border="1" style="border-collapse:collapse;width:100%">
<tr><td><b>Bane</b></td><td>11b</td></tr><tr><td><b>TIB</b></td><td>1</td></tr><tr><td><b>Navn</b></td><td>Høje Taastrup</td></tr><tr><td><b>Forkortelse</b></td><td>Htå</td></tr><tr><td><b>Uddybende placering</b></td><td>I/U hytte 20.9</td></tr><tr><td><b>Bygningsnummer</b></td><td></td></tr><tr><td><b>Equipment</b></td><td>10521645</td></tr><tr><td><b>Datagennemgang</b></td><td>Match</td></tr><tr><td><b>GPS Nord</b></td><td>55.646107000</td></tr><tr><td><b>GPS Øst</b></td><td>12.247367000</td></tr><tr><td><b>Kilometrering</b></td><td>20.9</td></tr><tr><td><b>Jernbanesikkerhed</b></td><td>2</td></tr><tr><td><b>Forsyningstavle</b></td><td>012.019.I1.1</td></tr><tr><td><b>Idriftsættelses dato</b></td><td></td></tr><tr><td><b>Ventilationstype</b></td><td>Splitanlæg</td></tr><tr><td><b>Køleeffekt (kW)</b></td><td>3.5</td></tr><tr><td><b>Kølemiddel</b></td><td>R410A</td></tr><tr><td><b>Kølemiddelmængde (kg)</b></td><td>1.05</td></tr><tr><td><b>Producent</b></td><td>Hitachi</td></tr><tr><td><b>Model</b></td><td>RAC-35WPB</td></tr><tr><td><b>Serienummer</b></td><td>003083</td></tr>
</table>
]]>
</description>
  <Point>
    <coordinates>12.247367000,55.646107000,0</coordinates>
  </Point>
</Placemark>

<Placemark>
  <name>Høje Taastrup - Roskilde</name>
  <styleUrl>#s</styleUrl>
  <description>
<![CDATA[
<table border="1" style="border-collapse:collapse;width:100%">
<tr><td><b>Bane</b></td><td>11b</td></tr><tr><td><b>TIB</b></td><td>1</td></tr><tr><td><b>Navn</b></td><td>Høje Taastrup - Roskilde</td></tr><tr><td><b>Forkortelse</b></td><td>Htå - Ro</td></tr><tr><td><b>Uddybende placering</b></td><td>Relæhus, Poppellunden</td></tr><tr><td><b>Bygningsnummer</b></td><td>Htå - Ro 022300</td></tr><tr><td><b>Equipment</b></td><td>10445734</td></tr><tr><td><b>Datagennemgang</b></td><td>Match</td></tr><tr><td><b>GPS Nord</b></td><td>55.644645000</td></tr><tr><td><b>GPS Øst</b></td><td>12.226491000</td></tr><tr><td><b>Kilometrering</b></td><td>22.3</td></tr><tr><td><b>Jernbanesikkerhed</b></td><td>2</td></tr><tr><td><b>Forsyningstavle</b></td><td>012.022.E1.1</td></tr><tr><td><b>Idriftsættelses dato</b></td><td>Fri Sep 25 2020 00:00:00 GMT+0200 (Central European Summer Time)</td></tr><tr><td><b>Ventilationstype</b></td><td>Splitanlæg</td></tr><tr><td><b>Køleeffekt (kW)</b></td><td>3.5</td></tr><tr><td><b>Kølemiddel</b></td><td>R410A</td></tr><tr><td><b>Kølemiddelmængde (kg)</b></td><td>0.87</td></tr><tr><td><b>Producent</b></td><td>Hitachi</td></tr><tr><td><b>Model</b></td><td>RAC-35YH6</td></tr><tr><td><b>Serienummer</b></td><td>200870</td></tr>
</table>
]]>
</description>
  <Point>
    <coordinates>12.226491000,55.644645000,0</coordinates>
  </Point>
</Placemark>

<Placemark>
  <name>Høje Taastrup - Roskilde</name>
  <styleUrl>#s</styleUrl>
  <description>
<![CDATA[
<table border="1" style="border-collapse:collapse;width:100%">
<tr><td><b>Bane</b></td><td>11b</td></tr><tr><td><b>TIB</b></td><td>1</td></tr><tr><td><b>Navn</b></td><td>Høje Taastrup - Roskilde</td></tr><tr><td><b>Forkortelse</b></td><td>Htå - Ro</td></tr><tr><td><b>Uddybende placering</b></td><td>Relæhus, Poppellunden</td></tr><tr><td><b>Bygningsnummer</b></td><td>Htå - Ro 022300</td></tr><tr><td><b>Equipment</b></td><td>10445735</td></tr><tr><td><b>Datagennemgang</b></td><td>Match</td></tr><tr><td><b>GPS Nord</b></td><td>55.644639000</td></tr><tr><td><b>GPS Øst</b></td><td>12.226570000</td></tr><tr><td><b>Kilometrering</b></td><td>22.3</td></tr><tr><td><b>Jernbanesikkerhed</b></td><td>2</td></tr><tr><td><b>Forsyningstavle</b></td><td>012.022.E1.1</td></tr><tr><td><b>Idriftsættelses dato</b></td><td>Fri Sep 25 2020 00:00:00 GMT+0200 (Central European Summer Time)</td></tr><tr><td><b>Ventilationstype</b></td><td>Splitanlæg</td></tr><tr><td><b>Køleeffekt (kW)</b></td><td>3.5</td></tr><tr><td><b>Kølemiddel</b></td><td>R410A</td></tr><tr><td><b>Kølemiddelmængde (kg)</b></td><td>0.87</td></tr><tr><td><b>Producent</b></td><td>Hitachi</td></tr><tr><td><b>Model</b></td><td>RAC-35YH6</td></tr><tr><td><b>Serienummer</b></td><td>200846</td></tr>
</table>
]]>
</description>
  <Point>
    <coordinates>12.226570000,55.644639000,0</coordinates>
  </Point>
</Placemark>

<Placemark>
  <name>Høje Taastrup - Roskilde</name>
  <styleUrl>#s</styleUrl>
  <description>
<![CDATA[
<table border="1" style="border-collapse:collapse;width:100%">
<tr><td><b>Bane</b></td><td>11b</td></tr><tr><td><b>TIB</b></td><td>1</td></tr><tr><td><b>Navn</b></td><td>Høje Taastrup - Roskilde</td></tr><tr><td><b>Forkortelse</b></td><td>Htå - Ro</td></tr><tr><td><b>Uddybende placering</b></td><td>Relæhytte</td></tr><tr><td><b>Bygningsnummer</b></td><td>Htå - Ro 023710</td></tr><tr><td><b>Equipment</b></td><td>10145668</td></tr><tr><td><b>Datagennemgang</b></td><td>Match</td></tr><tr><td><b>GPS Nord</b></td><td>55.647579000</td></tr><tr><td><b>GPS Øst</b></td><td>12.204475000</td></tr><tr><td><b>Kilometrering</b></td><td>23.7</td></tr><tr><td><b>Jernbanesikkerhed</b></td><td>2</td></tr><tr><td><b>Forsyningstavle</b></td><td>012.025.B2</td></tr><tr><td><b>Idriftsættelses dato</b></td><td></td></tr><tr><td><b>Ventilationstype</b></td><td>Splitanlæg</td></tr><tr><td><b>Køleeffekt (kW)</b></td><td>3.5</td></tr><tr><td><b>Kølemiddel</b></td><td>R32</td></tr><tr><td><b>Kølemiddelmængde (kg)</b></td><td>0.87</td></tr><tr><td><b>Producent</b></td><td>Hitachi</td></tr><tr><td><b>Model</b></td><td>RAC-35WPE</td></tr><tr><td><b>Serienummer</b></td><td>010258</td></tr>
</table>
]]>
</description>
  <Point>
    <coordinates>12.204475000,55.647579000,0</coordinates>
  </Point>
</Placemark>

<Placemark>
  <name>Høje Taastrup - Roskilde</name>
  <styleUrl>#s</styleUrl>
  <description>
<![CDATA[
<table border="1" style="border-collapse:collapse;width:100%">
<tr><td><b>Bane</b></td><td>11b</td></tr><tr><td><b>TIB</b></td><td>1</td></tr><tr><td><b>Navn</b></td><td>Høje Taastrup - Roskilde</td></tr><tr><td><b>Forkortelse</b></td><td>Htå - Ro</td></tr><tr><td><b>Uddybende placering</b></td><td>Relæhus</td></tr><tr><td><b>Bygningsnummer</b></td><td>Htå - Ro 023700</td></tr><tr><td><b>Equipment</b></td><td>10145671</td></tr><tr><td><b>Datagennemgang</b></td><td>Match</td></tr><tr><td><b>GPS Nord</b></td><td>55.647552000</td></tr><tr><td><b>GPS Øst</b></td><td>12.204625000</td></tr><tr><td><b>Kilometrering</b></td><td>23.7</td></tr><tr><td><b>Jernbanesikkerhed</b></td><td>2</td></tr><tr><td><b>Forsyningstavle</b></td><td>012.025.B1.1</td></tr><tr><td><b>Idriftsættelses dato</b></td><td>Thu Sep 13 2012 00:00:00 GMT+0200 (Central European Summer Time)</td></tr><tr><td><b>Ventilationstype</b></td><td>Splitanlæg</td></tr><tr><td><b>Køleeffekt (kW)</b></td><td>3.5</td></tr><tr><td><b>Kølemiddel</b></td><td>R410A</td></tr><tr><td><b>Kølemiddelmængde (kg)</b></td><td>0.87</td></tr><tr><td><b>Producent</b></td><td>Hitachi</td></tr><tr><td><b>Model</b></td><td>RAC-35YH6</td></tr><tr><td><b>Serienummer</b></td><td>200815</td></tr>
</table>
]]>
</description>
  <Point>
    <coordinates>12.204625000,55.647552000,0</coordinates>
  </Point>
</Placemark>

<Placemark>
  <name>Høje Taastrup - Roskilde</name>
  <styleUrl>#s</styleUrl>
  <description>
<![CDATA[
<table border="1" style="border-collapse:collapse;width:100%">
<tr><td><b>Bane</b></td><td>11b</td></tr><tr><td><b>TIB</b></td><td>1</td></tr><tr><td><b>Navn</b></td><td>Høje Taastrup - Roskilde</td></tr><tr><td><b>Forkortelse</b></td><td>Htå - Ro</td></tr><tr><td><b>Uddybende placering</b></td><td>Relæhus</td></tr><tr><td><b>Bygningsnummer</b></td><td>Htå - Ro 023700</td></tr><tr><td><b>Equipment</b></td><td>10445736</td></tr><tr><td><b>Datagennemgang</b></td><td>Match</td></tr><tr><td><b>GPS Nord</b></td><td>55.647561000</td></tr><tr><td><b>GPS Øst</b></td><td>12.204586000</td></tr><tr><td><b>Kilometrering</b></td><td>23.7</td></tr><tr><td><b>Jernbanesikkerhed</b></td><td>2</td></tr><tr><td><b>Forsyningstavle</b></td><td>012.025.B1.1</td></tr><tr><td><b>Idriftsættelses dato</b></td><td></td></tr><tr><td><b>Ventilationstype</b></td><td>Splitanlæg</td></tr><tr><td><b>Køleeffekt (kW)</b></td><td>3.5</td></tr><tr><td><b>Kølemiddel</b></td><td>R410A</td></tr><tr><td><b>Kølemiddelmængde (kg)</b></td><td>0.87</td></tr><tr><td><b>Producent</b></td><td>Hitachi</td></tr><tr><td><b>Model</b></td><td>RAC-35YH6</td></tr><tr><td><b>Serienummer</b></td><td>200807</td></tr>
</table>
]]>
</description>
  <Point>
    <coordinates>12.204586000,55.647561000,0</coordinates>
  </Point>
</Placemark>

<Placemark>
  <name>Høje Taastrup - Roskilde</name>
  <styleUrl>#s</styleUrl>
  <description>
<![CDATA[
<table border="1" style="border-collapse:collapse;width:100%">
<tr><td><b>Bane</b></td><td>11b</td></tr><tr><td><b>TIB</b></td><td>1</td></tr><tr><td><b>Navn</b></td><td>Høje Taastrup - Roskilde</td></tr><tr><td><b>Forkortelse</b></td><td>Htå - Ro</td></tr><tr><td><b>Uddybende placering</b></td><td>Relæhus</td></tr><tr><td><b>Bygningsnummer</b></td><td>Htå - Ro 025500</td></tr><tr><td><b>Equipment</b></td><td>10145655</td></tr><tr><td><b>Datagennemgang</b></td><td>Match</td></tr><tr><td><b>GPS Nord</b></td><td>55.650254000</td></tr><tr><td><b>GPS Øst</b></td><td>12.177162000</td></tr><tr><td><b>Kilometrering</b></td><td>25.4</td></tr><tr><td><b>Jernbanesikkerhed</b></td><td>2</td></tr><tr><td><b>Forsyningstavle</b></td><td>012.022.C1.1</td></tr><tr><td><b>Idriftsættelses dato</b></td><td>Thu Jun 28 2012 00:00:00 GMT+0200 (Central European Summer Time)</td></tr><tr><td><b>Ventilationstype</b></td><td>Splitanlæg</td></tr><tr><td><b>Køleeffekt (kW)</b></td><td>3.5</td></tr><tr><td><b>Kølemiddel</b></td><td>R410A</td></tr><tr><td><b>Kølemiddelmængde (kg)</b></td><td>0.87</td></tr><tr><td><b>Producent</b></td><td>Hitachi</td></tr><tr><td><b>Model</b></td><td>RAC-35YH6</td></tr><tr><td><b>Serienummer</b></td><td>201216</td></tr>
</table>
]]>
</description>
  <Point>
    <coordinates>12.177162000,55.650254000,0</coordinates>
  </Point>
</Placemark>

<Placemark>
  <name>Høje Taastrup - Roskilde</name>
  <styleUrl>#s</styleUrl>
  <description>
<![CDATA[
<table border="1" style="border-collapse:collapse;width:100%">
<tr><td><b>Bane</b></td><td>11b</td></tr><tr><td><b>TIB</b></td><td>1</td></tr><tr><td><b>Navn</b></td><td>Høje Taastrup - Roskilde</td></tr><tr><td><b>Forkortelse</b></td><td>Htå - Ro</td></tr><tr><td><b>Uddybende placering</b></td><td>Relæhus</td></tr><tr><td><b>Bygningsnummer</b></td><td>Htå - Ro 025500</td></tr><tr><td><b>Equipment</b></td><td>10445738</td></tr><tr><td><b>Datagennemgang</b></td><td>Match</td></tr><tr><td><b>GPS Nord</b></td><td>55.650259000</td></tr><tr><td><b>GPS Øst</b></td><td>12.177217000</td></tr><tr><td><b>Kilometrering</b></td><td>25.4</td></tr><tr><td><b>Jernbanesikkerhed</b></td><td>2</td></tr><tr><td><b>Forsyningstavle</b></td><td>012.022.C1.1</td></tr><tr><td><b>Idriftsættelses dato</b></td><td></td></tr><tr><td><b>Ventilationstype</b></td><td>Splitanlæg</td></tr><tr><td><b>Køleeffekt (kW)</b></td><td>3.5</td></tr><tr><td><b>Kølemiddel</b></td><td>R410A</td></tr><tr><td><b>Kølemiddelmængde (kg)</b></td><td>0.87</td></tr><tr><td><b>Producent</b></td><td>Hitachi</td></tr><tr><td><b>Model</b></td><td>RAC-35YH6</td></tr><tr><td><b>Serienummer</b></td><td>050442</td></tr>
</table>
]]>
</description>
  <Point>
    <coordinates>12.177217000,55.650259000,0</coordinates>
  </Point>
</Placemark>

<Placemark>
  <name>Høje Taastrup - Roskilde</name>
  <styleUrl>#s</styleUrl>
  <description>
<![CDATA[
<table border="1" style="border-collapse:collapse;width:100%">
<tr><td><b>Bane</b></td><td>11b</td></tr><tr><td><b>TIB</b></td><td>1</td></tr><tr><td><b>Navn</b></td><td>Høje Taastrup - Roskilde</td></tr><tr><td><b>Forkortelse</b></td><td>Htå - Ro</td></tr><tr><td><b>Uddybende placering</b></td><td>Relæhus</td></tr><tr><td><b>Bygningsnummer</b></td><td>Htå - Ro 026900</td></tr><tr><td><b>Equipment</b></td><td>10145658</td></tr><tr><td><b>Datagennemgang</b></td><td>Match</td></tr><tr><td><b>GPS Nord</b></td><td>55.648827000</td></tr><tr><td><b>GPS Øst</b></td><td>12.154236000</td></tr><tr><td><b>Kilometrering</b></td><td>26.9</td></tr><tr><td><b>Jernbanesikkerhed</b></td><td>2</td></tr><tr><td><b>Forsyningstavle</b></td><td>012.022.B1.1</td></tr><tr><td><b>Idriftsættelses dato</b></td><td>Thu Oct 25 2012 00:00:00 GMT+0200 (Central European Summer Time)</td></tr><tr><td><b>Ventilationstype</b></td><td>Splitanlæg</td></tr><tr><td><b>Køleeffekt (kW)</b></td><td>3.5</td></tr><tr><td><b>Kølemiddel</b></td><td>R410A</td></tr><tr><td><b>Kølemiddelmængde (kg)</b></td><td>0.87</td></tr><tr><td><b>Producent</b></td><td>Hitachi</td></tr><tr><td><b>Model</b></td><td>RAC-35YH6</td></tr><tr><td><b>Serienummer</b></td><td>200675</td></tr>
</table>
]]>
</description>
  <Point>
    <coordinates>12.154236000,55.648827000,0</coordinates>
  </Point>
</Placemark>

<Placemark>
  <name>Høje Taastrup - Roskilde</name>
  <styleUrl>#s</styleUrl>
  <description>
<![CDATA[
<table border="1" style="border-collapse:collapse;width:100%">
<tr><td><b>Bane</b></td><td>11b</td></tr><tr><td><b>TIB</b></td><td>1</td></tr><tr><td><b>Navn</b></td><td>Høje Taastrup - Roskilde</td></tr><tr><td><b>Forkortelse</b></td><td>Htå - Ro</td></tr><tr><td><b>Uddybende placering</b></td><td>Relæhus</td></tr><tr><td><b>Bygningsnummer</b></td><td>Htå - Ro 026900</td></tr><tr><td><b>Equipment</b></td><td>10145652</td></tr><tr><td><b>Datagennemgang</b></td><td>Match</td></tr><tr><td><b>GPS Nord</b></td><td>55.648832000</td></tr><tr><td><b>GPS Øst</b></td><td>12.154217000</td></tr><tr><td><b>Kilometrering</b></td><td>27.9</td></tr><tr><td><b>Jernbanesikkerhed</b></td><td>2</td></tr><tr><td><b>Forsyningstavle</b></td><td>012.022.B1.1</td></tr><tr><td><b>Idriftsættelses dato</b></td><td>Thu Sep 13 2012 00:00:00 GMT+0200 (Central European Summer Time)</td></tr><tr><td><b>Ventilationstype</b></td><td>Splitanlæg</td></tr><tr><td><b>Køleeffekt (kW)</b></td><td>3.5</td></tr><tr><td><b>Kølemiddel</b></td><td>R410A</td></tr><tr><td><b>Kølemiddelmængde (kg)</b></td><td>0.87</td></tr><tr><td><b>Producent</b></td><td>Hitachi</td></tr><tr><td><b>Model</b></td><td>RAC-35YH6</td></tr><tr><td><b>Serienummer</b></td><td>200703</td></tr>
</table>
]]>
</description>
  <Point>
    <coordinates>12.154217000,55.648832000,0</coordinates>
  </Point>
</Placemark>

<Placemark>
  <name>Høje Taastrup - Roskilde</name>
  <styleUrl>#s</styleUrl>
  <description>
<![CDATA[
<table border="1" style="border-collapse:collapse;width:100%">
<tr><td><b>Bane</b></td><td>11b</td></tr><tr><td><b>TIB</b></td><td>1</td></tr><tr><td><b>Navn</b></td><td>Høje Taastrup - Roskilde</td></tr><tr><td><b>Forkortelse</b></td><td>Htå - Ro</td></tr><tr><td><b>Uddybende placering</b></td><td>Relæhus</td></tr><tr><td><b>Bygningsnummer</b></td><td>Trk 020</td></tr><tr><td><b>Equipment</b></td><td>10145665</td></tr><tr><td><b>Datagennemgang</b></td><td>Match</td></tr><tr><td><b>GPS Nord</b></td><td>55.647802000</td></tr><tr><td><b>GPS Øst</b></td><td>12.127739000</td></tr><tr><td><b>Kilometrering</b></td><td>28.6</td></tr><tr><td><b>Jernbanesikkerhed</b></td><td>2</td></tr><tr><td><b>Forsyningstavle</b></td><td>012.022.A1</td></tr><tr><td><b>Idriftsættelses dato</b></td><td>Thu Jun 21 2012 00:00:00 GMT+0200 (Central European Summer Time)</td></tr><tr><td><b>Ventilationstype</b></td><td>Splitanlæg</td></tr><tr><td><b>Køleeffekt (kW)</b></td><td>3.5</td></tr><tr><td><b>Kølemiddel</b></td><td>R410A</td></tr><tr><td><b>Kølemiddelmængde (kg)</b></td><td>0.87</td></tr><tr><td><b>Producent</b></td><td>Hitachi</td></tr><tr><td><b>Model</b></td><td>RAC-35YH6</td></tr><tr><td><b>Serienummer</b></td><td>201213</td></tr>
</table>
]]>
</description>
  <Point>
    <coordinates>12.127739000,55.647802000,0</coordinates>
  </Point>
</Placemark>

<Placemark>
  <name>Høje Taastrup - Roskilde</name>
  <styleUrl>#s</styleUrl>
  <description>
<![CDATA[
<table border="1" style="border-collapse:collapse;width:100%">
<tr><td><b>Bane</b></td><td>11b</td></tr><tr><td><b>TIB</b></td><td>1</td></tr><tr><td><b>Navn</b></td><td>Høje Taastrup - Roskilde</td></tr><tr><td><b>Forkortelse</b></td><td>Htå - Ro</td></tr><tr><td><b>Uddybende placering</b></td><td>Relæhus</td></tr><tr><td><b>Bygningsnummer</b></td><td>Trk 020</td></tr><tr><td><b>Equipment</b></td><td>10445732</td></tr><tr><td><b>Datagennemgang</b></td><td>Match</td></tr><tr><td><b>GPS Nord</b></td><td>55.647817000</td></tr><tr><td><b>GPS Øst</b></td><td>12.127652000</td></tr><tr><td><b>Kilometrering</b></td><td>28.6</td></tr><tr><td><b>Jernbanesikkerhed</b></td><td>2</td></tr><tr><td><b>Forsyningstavle</b></td><td>012.022.A1</td></tr><tr><td><b>Idriftsættelses dato</b></td><td></td></tr><tr><td><b>Ventilationstype</b></td><td>Splitanlæg</td></tr><tr><td><b>Køleeffekt (kW)</b></td><td>3.5</td></tr><tr><td><b>Kølemiddel</b></td><td>R410A</td></tr><tr><td><b>Kølemiddelmængde (kg)</b></td><td>0.87</td></tr><tr><td><b>Producent</b></td><td>Hitachi</td></tr><tr><td><b>Model</b></td><td>RAC-35YH6</td></tr><tr><td><b>Serienummer</b></td><td>Ukendt(graffiti)</td></tr>
</table>
]]>
</description>
  <Point>
    <coordinates>12.127652000,55.647817000,0</coordinates>
  </Point>
</Placemark>

<Placemark>
  <name>Hedehusene</name>
  <styleUrl>#s</styleUrl>
  <description>
<![CDATA[
<table border="1" style="border-collapse:collapse;width:100%">
<tr><td><b>Bane</b></td><td>11b</td></tr><tr><td><b>TIB</b></td><td>1</td></tr><tr><td><b>Navn</b></td><td>Hedehusene</td></tr><tr><td><b>Forkortelse</b></td><td>Hh</td></tr><tr><td><b>Uddybende placering</b></td><td>IT rum, kælder</td></tr><tr><td><b>Bygningsnummer</b></td><td>Hh 002</td></tr><tr><td><b>Equipment</b></td><td>10631240</td></tr><tr><td><b>Datagennemgang</b></td><td>Match</td></tr><tr><td><b>GPS Nord</b></td><td>55.648978000</td></tr><tr><td><b>GPS Øst</b></td><td>12.196833000</td></tr><tr><td><b>Kilometrering</b></td><td>24.2</td></tr><tr><td><b>Jernbanesikkerhed</b></td><td>2</td></tr><tr><td><b>Forsyningstavle</b></td><td>012.025.A</td></tr><tr><td><b>Idriftsættelses dato</b></td><td>Fri May 01 2015 00:00:00 GMT+0200 (Central European Summer Time)</td></tr><tr><td><b>Ventilationstype</b></td><td>Splitanlæg</td></tr><tr><td><b>Køleeffekt (kW)</b></td><td>2.5</td></tr><tr><td><b>Kølemiddel</b></td><td>R410A</td></tr><tr><td><b>Kølemiddelmængde (kg)</b></td><td>1</td></tr><tr><td><b>Producent</b></td><td>Panasonic</td></tr><tr><td><b>Model</b></td><td>CU-CE9PKE</td></tr><tr><td><b>Serienummer</b></td><td>6532803334</td></tr>
</table>
]]>
</description>
  <Point>
    <coordinates>12.196833000,55.648978000,0</coordinates>
  </Point>
</Placemark>

<Placemark>
  <name>Høje Taastrup - Roskilde</name>
  <styleUrl>#s</styleUrl>
  <description>
<![CDATA[
<table border="1" style="border-collapse:collapse;width:100%">
<tr><td><b>Bane</b></td><td>11b</td></tr><tr><td><b>TIB</b></td><td>1</td></tr><tr><td><b>Navn</b></td><td>Høje Taastrup - Roskilde</td></tr><tr><td><b>Forkortelse</b></td><td>Htå - Ro</td></tr><tr><td><b>Uddybende placering</b></td><td>Relæhytte</td></tr><tr><td><b>Bygningsnummer</b></td><td>Trk 021</td></tr><tr><td><b>Equipment</b></td><td>10739683</td></tr><tr><td><b>Datagennemgang</b></td><td>Match</td></tr><tr><td><b>GPS Nord</b></td><td>55.647796000</td></tr><tr><td><b>GPS Øst</b></td><td>12.127563000</td></tr><tr><td><b>Kilometrering</b></td><td>28.6</td></tr><tr><td><b>Jernbanesikkerhed</b></td><td>2</td></tr><tr><td><b>Forsyningstavle</b></td><td>012.022.A2</td></tr><tr><td><b>Idriftsættelses dato</b></td><td>Wed Jun 12 2024 00:00:00 GMT+0200 (Central European Summer Time)</td></tr><tr><td><b>Ventilationstype</b></td><td>Splitanlæg</td></tr><tr><td><b>Køleeffekt (kW)</b></td><td>3.5</td></tr><tr><td><b>Kølemiddel</b></td><td>R32</td></tr><tr><td><b>Kølemiddelmængde (kg)</b></td><td>1.2</td></tr><tr><td><b>Producent</b></td><td>Mitsubishi</td></tr><tr><td><b>Model</b></td><td>SRC35ZSX-WA</td></tr><tr><td><b>Serienummer</b></td><td>373800359CE</td></tr>
</table>
]]>
</description>
  <Point>
    <coordinates>12.127563000,55.647796000,0</coordinates>
  </Point>
</Placemark>

<Placemark>
  <name>Roskilde</name>
  <styleUrl>#s</styleUrl>
  <description>
<![CDATA[
<table border="1" style="border-collapse:collapse;width:100%">
<tr><td><b>Bane</b></td><td>11b</td></tr><tr><td><b>TIB</b></td><td>1</td></tr><tr><td><b>Navn</b></td><td>Roskilde</td></tr><tr><td><b>Forkortelse</b></td><td>Ro</td></tr><tr><td><b>Uddybende placering</b></td><td>Relæhus</td></tr><tr><td><b>Bygningsnummer</b></td><td>Ro 030170</td></tr><tr><td><b>Equipment</b></td><td>10238770</td></tr><tr><td><b>Datagennemgang</b></td><td>Match</td></tr><tr><td><b>GPS Nord</b></td><td> 55.644306000</td></tr><tr><td><b>GPS Øst</b></td><td>12.103468000</td></tr><tr><td><b>Kilometrering</b></td><td>30.172</td></tr><tr><td><b>Jernbanesikkerhed</b></td><td>2</td></tr><tr><td><b>Forsyningstavle</b></td><td>013.000.O1</td></tr><tr><td><b>Idriftsættelses dato</b></td><td>Sat Aug 11 2012 00:00:00 GMT+0200 (Central European Summer Time)</td></tr><tr><td><b>Ventilationstype</b></td><td>Splitanlæg</td></tr><tr><td><b>Køleeffekt (kW)</b></td><td>3.5</td></tr><tr><td><b>Kølemiddel</b></td><td>R410A</td></tr><tr><td><b>Kølemiddelmængde (kg)</b></td><td>0.87</td></tr><tr><td><b>Producent</b></td><td>Hitachi</td></tr><tr><td><b>Model</b></td><td>RAC-35YH6</td></tr><tr><td><b>Serienummer</b></td><td>201729</td></tr>
</table>
]]>
</description>
  <Point>
    <coordinates>12.103468000, 55.644306000,0</coordinates>
  </Point>
</Placemark>

<Placemark>
  <name>Roskilde</name>
  <styleUrl>#s</styleUrl>
  <description>
<![CDATA[
<table border="1" style="border-collapse:collapse;width:100%">
<tr><td><b>Bane</b></td><td>11b</td></tr><tr><td><b>TIB</b></td><td>1</td></tr><tr><td><b>Navn</b></td><td>Roskilde</td></tr><tr><td><b>Forkortelse</b></td><td>Ro</td></tr><tr><td><b>Uddybende placering</b></td><td>Relæhus</td></tr><tr><td><b>Bygningsnummer</b></td><td>Ro 030170</td></tr><tr><td><b>Equipment</b></td><td>10238771</td></tr><tr><td><b>Datagennemgang</b></td><td>Match</td></tr><tr><td><b>GPS Nord</b></td><td>55.644306000</td></tr><tr><td><b>GPS Øst</b></td><td>12.103468000</td></tr><tr><td><b>Kilometrering</b></td><td>30.172</td></tr><tr><td><b>Jernbanesikkerhed</b></td><td>2</td></tr><tr><td><b>Forsyningstavle</b></td><td>013.000.O1</td></tr><tr><td><b>Idriftsættelses dato</b></td><td>Sat Aug 11 2012 00:00:00 GMT+0200 (Central European Summer Time)</td></tr><tr><td><b>Ventilationstype</b></td><td>Splitanlæg</td></tr><tr><td><b>Køleeffekt (kW)</b></td><td>3.5</td></tr><tr><td><b>Kølemiddel</b></td><td>R410A</td></tr><tr><td><b>Kølemiddelmængde (kg)</b></td><td>0.87</td></tr><tr><td><b>Producent</b></td><td>Hitachi</td></tr><tr><td><b>Model</b></td><td>RAC-35YH6</td></tr><tr><td><b>Serienummer</b></td><td>201728</td></tr>
</table>
]]>
</description>
  <Point>
    <coordinates>12.103468000,55.644306000,0</coordinates>
  </Point>
</Placemark>

<Placemark>
  <name>Roskilde</name>
  <styleUrl>#s</styleUrl>
  <description>
<![CDATA[
<table border="1" style="border-collapse:collapse;width:100%">
<tr><td><b>Bane</b></td><td>11b</td></tr><tr><td><b>TIB</b></td><td>1</td></tr><tr><td><b>Navn</b></td><td>Roskilde</td></tr><tr><td><b>Forkortelse</b></td><td>Ro</td></tr><tr><td><b>Uddybende placering</b></td><td>KMP Kælder, tavlerum anlæg 1</td></tr><tr><td><b>Bygningsnummer</b></td><td>Ro 028</td></tr><tr><td><b>Equipment</b></td><td>10445739</td></tr><tr><td><b>Datagennemgang</b></td><td>Match</td></tr><tr><td><b>GPS Nord</b></td><td>55.637797000</td></tr><tr><td><b>GPS Øst</b></td><td>12.084682000</td></tr><tr><td><b>Kilometrering</b></td><td>31.5</td></tr><tr><td><b>Jernbanesikkerhed</b></td><td>1</td></tr><tr><td><b>Forsyningstavle</b></td><td>013.000.A</td></tr><tr><td><b>Idriftsættelses dato</b></td><td>Mon Jul 22 2013 00:00:00 GMT+0200 (Central European Summer Time)</td></tr><tr><td><b>Ventilationstype</b></td><td>Splitanlæg</td></tr><tr><td><b>Køleeffekt (kW)</b></td><td>3.5</td></tr><tr><td><b>Kølemiddel</b></td><td>R410A</td></tr><tr><td><b>Kølemiddelmængde (kg)</b></td><td>1.05</td></tr><tr><td><b>Producent</b></td><td>Hitachi</td></tr><tr><td><b>Model</b></td><td>RAC-35YH6</td></tr><tr><td><b>Serienummer</b></td><td></td></tr>
</table>
]]>
</description>
  <Point>
    <coordinates>12.084682000,55.637797000,0</coordinates>
  </Point>
</Placemark>

<Placemark>
  <name>Roskilde</name>
  <styleUrl>#s</styleUrl>
  <description>
<![CDATA[
<table border="1" style="border-collapse:collapse;width:100%">
<tr><td><b>Bane</b></td><td>11b</td></tr><tr><td><b>TIB</b></td><td>1</td></tr><tr><td><b>Navn</b></td><td>Roskilde</td></tr><tr><td><b>Forkortelse</b></td><td>Ro</td></tr><tr><td><b>Uddybende placering</b></td><td>KMP Kælder, tavlerum anlæg 2</td></tr><tr><td><b>Bygningsnummer</b></td><td>Ro 028</td></tr><tr><td><b>Equipment</b></td><td>10522293</td></tr><tr><td><b>Datagennemgang</b></td><td>Match</td></tr><tr><td><b>GPS Nord</b></td><td>55.637809000</td></tr><tr><td><b>GPS Øst</b></td><td>12.084685000</td></tr><tr><td><b>Kilometrering</b></td><td>31.5</td></tr><tr><td><b>Jernbanesikkerhed</b></td><td>1</td></tr><tr><td><b>Forsyningstavle</b></td><td>013.000.A</td></tr><tr><td><b>Idriftsættelses dato</b></td><td></td></tr><tr><td><b>Ventilationstype</b></td><td>Splitanlæg</td></tr><tr><td><b>Køleeffekt (kW)</b></td><td>3.5</td></tr><tr><td><b>Kølemiddel</b></td><td>R410A</td></tr><tr><td><b>Kølemiddelmængde (kg)</b></td><td>1.05</td></tr><tr><td><b>Producent</b></td><td>Hitachi</td></tr><tr><td><b>Model</b></td><td>RAC-35YH6</td></tr><tr><td><b>Serienummer</b></td><td></td></tr>
</table>
]]>
</description>
  <Point>
    <coordinates>12.084685000,55.637809000,0</coordinates>
  </Point>
</Placemark>

<Placemark>
  <name>Roskilde</name>
  <styleUrl>#s</styleUrl>
  <description>
<![CDATA[
<table border="1" style="border-collapse:collapse;width:100%">
<tr><td><b>Bane</b></td><td>11b</td></tr><tr><td><b>TIB</b></td><td>1</td></tr><tr><td><b>Navn</b></td><td>Roskilde</td></tr><tr><td><b>Forkortelse</b></td><td>Ro</td></tr><tr><td><b>Uddybende placering</b></td><td>KMP Relærum 1.sal</td></tr><tr><td><b>Bygningsnummer</b></td><td>Ro 028</td></tr><tr><td><b>Equipment</b></td><td>10918709</td></tr><tr><td><b>Datagennemgang</b></td><td>Match</td></tr><tr><td><b>GPS Nord</b></td><td>55.637791000</td></tr><tr><td><b>GPS Øst</b></td><td>12.084651000</td></tr><tr><td><b>Kilometrering</b></td><td>31.5</td></tr><tr><td><b>Jernbanesikkerhed</b></td><td>1</td></tr><tr><td><b>Forsyningstavle</b></td><td>013.000.A</td></tr><tr><td><b>Idriftsættelses dato</b></td><td>Mon Mar 09 2026 00:00:00 GMT+0100 (Central European Standard Time)</td></tr><tr><td><b>Ventilationstype</b></td><td>Splitanlæg</td></tr><tr><td><b>Køleeffekt (kW)</b></td><td>10</td></tr><tr><td><b>Kølemiddel</b></td><td>R32</td></tr><tr><td><b>Kølemiddelmængde (kg)</b></td><td>3.3</td></tr><tr><td><b>Producent</b></td><td>Mitsubishi</td></tr><tr><td><b>Model</b></td><td>FDC100VSA-W</td></tr><tr><td><b>Serienummer</b></td><td>AG2602427PF</td></tr>
</table>
]]>
</description>
  <Point>
    <coordinates>12.084651000,55.637791000,0</coordinates>
  </Point>
</Placemark>

<Placemark>
  <name>Roskilde</name>
  <styleUrl>#s</styleUrl>
  <description>
<![CDATA[
<table border="1" style="border-collapse:collapse;width:100%">
<tr><td><b>Bane</b></td><td>11b</td></tr><tr><td><b>TIB</b></td><td>1</td></tr><tr><td><b>Navn</b></td><td>Roskilde</td></tr><tr><td><b>Forkortelse</b></td><td>Ro</td></tr><tr><td><b>Uddybende placering</b></td><td>KMP Relærum 1.sal</td></tr><tr><td><b>Bygningsnummer</b></td><td>Ro 028</td></tr><tr><td><b>Equipment</b></td><td>10922806</td></tr><tr><td><b>Datagennemgang</b></td><td>Match</td></tr><tr><td><b>GPS Nord</b></td><td>55.637791000</td></tr><tr><td><b>GPS Øst</b></td><td>12.084651000</td></tr><tr><td><b>Kilometrering</b></td><td>31.5</td></tr><tr><td><b>Jernbanesikkerhed</b></td><td>1</td></tr><tr><td><b>Forsyningstavle</b></td><td>013.000.A</td></tr><tr><td><b>Idriftsættelses dato</b></td><td>Mon Jun 01 2026 00:00:00 GMT+0200 (Central European Summer Time)</td></tr><tr><td><b>Ventilationstype</b></td><td>Splitanlæg</td></tr><tr><td><b>Køleeffekt (kW)</b></td><td>10</td></tr><tr><td><b>Kølemiddel</b></td><td>R32</td></tr><tr><td><b>Kølemiddelmængde (kg)</b></td><td>3.3</td></tr><tr><td><b>Producent</b></td><td>Mitsubishi</td></tr><tr><td><b>Model</b></td><td>FDC100VSA-W</td></tr><tr><td><b>Serienummer</b></td><td>AG2800420PF</td></tr>
</table>
]]>
</description>
  <Point>
    <coordinates>12.084651000,55.637791000,0</coordinates>
  </Point>
</Placemark>

<Placemark>
  <name>Roskilde</name>
  <styleUrl>#s</styleUrl>
  <description>
<![CDATA[
<table border="1" style="border-collapse:collapse;width:100%">
<tr><td><b>Bane</b></td><td>11b</td></tr><tr><td><b>TIB</b></td><td>1</td></tr><tr><td><b>Navn</b></td><td>Roskilde</td></tr><tr><td><b>Forkortelse</b></td><td>Ro</td></tr><tr><td><b>Uddybende placering</b></td><td>KMP Relærum 1.sal</td></tr><tr><td><b>Bygningsnummer</b></td><td>Ro 028</td></tr><tr><td><b>Equipment</b></td><td>10894790</td></tr><tr><td><b>Datagennemgang</b></td><td>Match</td></tr><tr><td><b>GPS Nord</b></td><td>55.637791000</td></tr><tr><td><b>GPS Øst</b></td><td>12.084651000</td></tr><tr><td><b>Kilometrering</b></td><td>31.5</td></tr><tr><td><b>Jernbanesikkerhed</b></td><td>1</td></tr><tr><td><b>Forsyningstavle</b></td><td>013.000.A</td></tr><tr><td><b>Idriftsættelses dato</b></td><td>Mon May 05 2025 00:00:00 GMT+0200 (Central European Summer Time)</td></tr><tr><td><b>Ventilationstype</b></td><td>Splitanlæg</td></tr><tr><td><b>Køleeffekt (kW)</b></td><td>10</td></tr><tr><td><b>Kølemiddel</b></td><td>R32</td></tr><tr><td><b>Kølemiddelmængde (kg)</b></td><td>3.3</td></tr><tr><td><b>Producent</b></td><td>Mitsubishi</td></tr><tr><td><b>Model</b></td><td>FDC100VSA-W</td></tr><tr><td><b>Serienummer</b></td><td>AG2601282PF</td></tr>
</table>
]]>
</description>
  <Point>
    <coordinates>12.084651000,55.637791000,0</coordinates>
  </Point>
</Placemark>

<Placemark>
  <name>Roskilde</name>
  <styleUrl>#s</styleUrl>
  <description>
<![CDATA[
<table border="1" style="border-collapse:collapse;width:100%">
<tr><td><b>Bane</b></td><td>11b</td></tr><tr><td><b>TIB</b></td><td>1</td></tr><tr><td><b>Navn</b></td><td>Roskilde</td></tr><tr><td><b>Forkortelse</b></td><td>Ro</td></tr><tr><td><b>Uddybende placering</b></td><td>KMP Relærum 2. sal</td></tr><tr><td><b>Bygningsnummer</b></td><td>Ro 028</td></tr><tr><td><b>Equipment</b></td><td>10923023</td></tr><tr><td><b>Datagennemgang</b></td><td>Match</td></tr><tr><td><b>GPS Nord</b></td><td>55.637791000</td></tr><tr><td><b>GPS Øst</b></td><td>12.084651000</td></tr><tr><td><b>Kilometrering</b></td><td>31.5</td></tr><tr><td><b>Jernbanesikkerhed</b></td><td>1</td></tr><tr><td><b>Forsyningstavle</b></td><td>013.000.A</td></tr><tr><td><b>Idriftsættelses dato</b></td><td>Mon Jun 01 2026 00:00:00 GMT+0200 (Central European Summer Time)</td></tr><tr><td><b>Ventilationstype</b></td><td>Splitanlæg</td></tr><tr><td><b>Køleeffekt (kW)</b></td><td>10</td></tr><tr><td><b>Kølemiddel</b></td><td>R32</td></tr><tr><td><b>Kølemiddelmængde (kg)</b></td><td>3.3</td></tr><tr><td><b>Producent</b></td><td>Mitsubishi</td></tr><tr><td><b>Model</b></td><td>FDC100VSA-W</td></tr><tr><td><b>Serienummer</b></td><td>AG2800420PF</td></tr>
</table>
]]>
</description>
  <Point>
    <coordinates>12.084651000,55.637791000,0</coordinates>
  </Point>
</Placemark>

<Placemark>
  <name>Roskilde</name>
  <styleUrl>#s</styleUrl>
  <description>
<![CDATA[
<table border="1" style="border-collapse:collapse;width:100%">
<tr><td><b>Bane</b></td><td>11b</td></tr><tr><td><b>TIB</b></td><td>1</td></tr><tr><td><b>Navn</b></td><td>Roskilde</td></tr><tr><td><b>Forkortelse</b></td><td>Ro</td></tr><tr><td><b>Uddybende placering</b></td><td>KMP Relærum 2. sal</td></tr><tr><td><b>Bygningsnummer</b></td><td>Ro 028</td></tr><tr><td><b>Equipment</b></td><td>10918716</td></tr><tr><td><b>Datagennemgang</b></td><td>Match</td></tr><tr><td><b>GPS Nord</b></td><td>55.637791000</td></tr><tr><td><b>GPS Øst</b></td><td>12.084651000</td></tr><tr><td><b>Kilometrering</b></td><td>31.5</td></tr><tr><td><b>Jernbanesikkerhed</b></td><td>1</td></tr><tr><td><b>Forsyningstavle</b></td><td>013.000.A</td></tr><tr><td><b>Idriftsættelses dato</b></td><td>Mon Mar 09 2026 00:00:00 GMT+0100 (Central European Standard Time)</td></tr><tr><td><b>Ventilationstype</b></td><td>Splitanlæg</td></tr><tr><td><b>Køleeffekt (kW)</b></td><td>10</td></tr><tr><td><b>Kølemiddel</b></td><td>R32</td></tr><tr><td><b>Kølemiddelmængde (kg)</b></td><td>3.3</td></tr><tr><td><b>Producent</b></td><td>Mitsubishi</td></tr><tr><td><b>Model</b></td><td>FDC100VSA-W</td></tr><tr><td><b>Serienummer</b></td><td>AG2602451PF</td></tr>
</table>
]]>
</description>
  <Point>
    <coordinates>12.084651000,55.637791000,0</coordinates>
  </Point>
</Placemark>

<Placemark>
  <name>Roskilde</name>
  <styleUrl>#s</styleUrl>
  <description>
<![CDATA[
<table border="1" style="border-collapse:collapse;width:100%">
<tr><td><b>Bane</b></td><td>11b</td></tr><tr><td><b>TIB</b></td><td>1</td></tr><tr><td><b>Navn</b></td><td>Roskilde</td></tr><tr><td><b>Forkortelse</b></td><td>Ro</td></tr><tr><td><b>Uddybende placering</b></td><td>Relæhytte, skab 3</td></tr><tr><td><b>Bygningsnummer</b></td><td>Ro 015</td></tr><tr><td><b>Equipment</b></td><td>10772789</td></tr><tr><td><b>Datagennemgang</b></td><td>Match</td></tr><tr><td><b>GPS Nord</b></td><td>55.636851000</td></tr><tr><td><b>GPS Øst</b></td><td>12.083742000</td></tr><tr><td><b>Kilometrering</b></td><td>31.7</td></tr><tr><td><b>Jernbanesikkerhed</b></td><td>2</td></tr><tr><td><b>Forsyningstavle</b></td><td>013.000.A1.2.3.5</td></tr><tr><td><b>Idriftsættelses dato</b></td><td>Mon Dec 06 2021 00:00:00 GMT+0100 (Central European Standard Time)</td></tr><tr><td><b>Ventilationstype</b></td><td>Splitanlæg</td></tr><tr><td><b>Køleeffekt (kW)</b></td><td>2.5</td></tr><tr><td><b>Kølemiddel</b></td><td>R32</td></tr><tr><td><b>Kølemiddelmængde (kg)</b></td><td>0.87</td></tr><tr><td><b>Producent</b></td><td>Hitachi</td></tr><tr><td><b>Model</b></td><td>RAC-25WPE</td></tr><tr><td><b>Serienummer</b></td><td>006390</td></tr>
</table>
]]>
</description>
  <Point>
    <coordinates>12.083742000,55.636851000,0</coordinates>
  </Point>
</Placemark>

<Placemark>
  <name>Roskilde</name>
  <styleUrl>#s</styleUrl>
  <description>
<![CDATA[
<table border="1" style="border-collapse:collapse;width:100%">
<tr><td><b>Bane</b></td><td>11b</td></tr><tr><td><b>TIB</b></td><td>1</td></tr><tr><td><b>Navn</b></td><td>Roskilde</td></tr><tr><td><b>Forkortelse</b></td><td>Ro</td></tr><tr><td><b>Uddybende placering</b></td><td>Relæhytte, skab 4</td></tr><tr><td><b>Bygningsnummer</b></td><td>Ro 025</td></tr><tr><td><b>Equipment</b></td><td>10522295</td></tr><tr><td><b>Datagennemgang</b></td><td>Match</td></tr><tr><td><b>GPS Nord</b></td><td>55.637205000</td></tr><tr><td><b>GPS Øst</b></td><td>12.083344000</td></tr><tr><td><b>Kilometrering</b></td><td>31.7</td></tr><tr><td><b>Jernbanesikkerhed</b></td><td>3</td></tr><tr><td><b>Forsyningstavle</b></td><td>013.000.A1.2.3.4</td></tr><tr><td><b>Idriftsættelses dato</b></td><td>Mon Dec 06 2021 00:00:00 GMT+0100 (Central European Standard Time)</td></tr><tr><td><b>Ventilationstype</b></td><td>Splitanlæg</td></tr><tr><td><b>Køleeffekt (kW)</b></td><td>3.5</td></tr><tr><td><b>Kølemiddel</b></td><td>R410A</td></tr><tr><td><b>Kølemiddelmængde (kg)</b></td><td>0.87</td></tr><tr><td><b>Producent</b></td><td>Hitachi</td></tr><tr><td><b>Model</b></td><td>RAC-35YH6</td></tr><tr><td><b>Serienummer</b></td><td>046824</td></tr>
</table>
]]>
</description>
  <Point>
    <coordinates>12.083344000,55.637205000,0</coordinates>
  </Point>
</Placemark>
</Document></kml>