<?xml version="1.0" encoding="UTF-8"?><kml xmlns="http://www.opengis.net/kml/2.2"><Document>
<name>Powerflex 9300/9800 - POWERFLEX_9300_9800</name>

<Style id="s">
  <IconStyle>
    <scale>1.1</scale>
    <Icon>
      <href>https://raw.githubusercontent.com/Deja4100/Ikoner/main/Fremmednet%20-%20Powerflex.png</href>
    </Icon>
  </IconStyle>
</Style>

<Placemark>
  <name>10678198</name>
  <styleUrl>#s</styleUrl>
  <description>
<![CDATA[
<table border="1" style="border-collapse:collapse;width:100%">
<tr><td><b>Strækning</b></td><td>11b</td></tr><tr><td><b>TIB</b></td><td>1</td></tr><tr><td><b>Navn</b></td><td>Roskilde</td></tr><tr><td><b>Forkortelse</b></td><td>Ro</td></tr><tr><td><b>Datagennemgang</b></td><td>Match</td></tr><tr><td><b>GPS Nord</b></td><td>55.636588</td></tr><tr><td><b>GPS Øst</b></td><td>12.081765</td></tr><tr><td><b>Placering</b></td><td>km 31.700</td></tr><tr><td><b>Stander</b></td><td>FN 1</td></tr><tr><td><b>Kilometrering</b></td><td>31.7</td></tr><tr><td><b>Tilgængelighed</b></td><td>Frit tilgængelig</td></tr><tr><td><b>Idriftsættelsesdato</b></td><td>Fri Mar 22 2019 00:00:00 GMT+0100 (Central European Standard Time)</td></tr><tr><td><b>Forsyningstavle</b></td><td>013.000.G2</td></tr><tr><td><b>Antal spor</b></td><td>2</td></tr><tr><td><b>Antal stik</b></td><td>2</td></tr><tr><td><b>Sporgruppe</b></td><td>45-46</td></tr><tr><td><b>Fremmednetstik type</b></td><td>9300/9800 Powerflex</td></tr><tr><td><b>Note</b></td><td></td></tr>
</table>
]]>
</description>
  <Point>
    <coordinates>12.081765,55.636588,0</coordinates>
  </Point>
</Placemark>

<Placemark>
  <name>10678199</name>
  <styleUrl>#s</styleUrl>
  <description>
<![CDATA[
<table border="1" style="border-collapse:collapse;width:100%">
<tr><td><b>Strækning</b></td><td>11b</td></tr><tr><td><b>TIB</b></td><td>1</td></tr><tr><td><b>Navn</b></td><td>Roskilde</td></tr><tr><td><b>Forkortelse</b></td><td>Ro</td></tr><tr><td><b>Datagennemgang</b></td><td>Match</td></tr><tr><td><b>GPS Nord</b></td><td>55.637015</td></tr><tr><td><b>GPS Øst</b></td><td>12.082926</td></tr><tr><td><b>Placering</b></td><td>spor 45-46 km 31,695</td></tr><tr><td><b>Stander</b></td><td>FN 2</td></tr><tr><td><b>Kilometrering</b></td><td>31.695</td></tr><tr><td><b>Tilgængelighed</b></td><td>Frit tilgængelig</td></tr><tr><td><b>Idriftsættelsesdato</b></td><td>Fri Mar 22 2019 00:00:00 GMT+0100 (Central European Standard Time)</td></tr><tr><td><b>Forsyningstavle</b></td><td>013.000.G2</td></tr><tr><td><b>Antal spor</b></td><td>2</td></tr><tr><td><b>Antal stik</b></td><td>2</td></tr><tr><td><b>Sporgruppe</b></td><td>45-46</td></tr><tr><td><b>Fremmednetstik type</b></td><td>9300/9800 Powerflex</td></tr><tr><td><b>Note</b></td><td></td></tr>
</table>
]]>
</description>
  <Point>
    <coordinates>12.082926,55.637015,0</coordinates>
  </Point>
</Placemark>

<Placemark>
  <name>10678200</name>
  <styleUrl>#s</styleUrl>
  <description>
<![CDATA[
<table border="1" style="border-collapse:collapse;width:100%">
<tr><td><b>Strækning</b></td><td>11b</td></tr><tr><td><b>TIB</b></td><td>1</td></tr><tr><td><b>Navn</b></td><td>Roskilde</td></tr><tr><td><b>Forkortelse</b></td><td>Ro</td></tr><tr><td><b>Datagennemgang</b></td><td>Match</td></tr><tr><td><b>GPS Nord</b></td><td>55.637026</td></tr><tr><td><b>GPS Øst</b></td><td>12.082967</td></tr><tr><td><b>Placering</b></td><td>spor 45-46 km 31,693</td></tr><tr><td><b>Stander</b></td><td>FN 3</td></tr><tr><td><b>Kilometrering</b></td><td>31.693</td></tr><tr><td><b>Tilgængelighed</b></td><td>Frit tilgængelig</td></tr><tr><td><b>Idriftsættelsesdato</b></td><td>Fri Mar 22 2019 00:00:00 GMT+0100 (Central European Standard Time)</td></tr><tr><td><b>Forsyningstavle</b></td><td>013.000.G2</td></tr><tr><td><b>Antal spor</b></td><td>2</td></tr><tr><td><b>Antal stik</b></td><td>2</td></tr><tr><td><b>Sporgruppe</b></td><td>45-46</td></tr><tr><td><b>Fremmednetstik type</b></td><td>9300/9800 Powerflex</td></tr><tr><td><b>Note</b></td><td></td></tr>
</table>
]]>
</description>
  <Point>
    <coordinates>12.082967,55.637026,0</coordinates>
  </Point>
</Placemark>

<Placemark>
  <name>10678201</name>
  <styleUrl>#s</styleUrl>
  <description>
<![CDATA[
<table border="1" style="border-collapse:collapse;width:100%">
<tr><td><b>Strækning</b></td><td>11b</td></tr><tr><td><b>TIB</b></td><td>1</td></tr><tr><td><b>Navn</b></td><td>Roskilde</td></tr><tr><td><b>Forkortelse</b></td><td>Ro</td></tr><tr><td><b>Datagennemgang</b></td><td>Match</td></tr><tr><td><b>GPS Nord</b></td><td>55.637493</td></tr><tr><td><b>GPS Øst</b></td><td>12.084333</td></tr><tr><td><b>Placering</b></td><td>spor 45-46 km 31,593</td></tr><tr><td><b>Stander</b></td><td>FN 4</td></tr><tr><td><b>Kilometrering</b></td><td>31.593</td></tr><tr><td><b>Tilgængelighed</b></td><td>Frit tilgængelig</td></tr><tr><td><b>Idriftsættelsesdato</b></td><td>Fri Mar 22 2019 00:00:00 GMT+0100 (Central European Standard Time)</td></tr><tr><td><b>Forsyningstavle</b></td><td>013.000.G2</td></tr><tr><td><b>Antal spor</b></td><td>2</td></tr><tr><td><b>Antal stik</b></td><td>2</td></tr><tr><td><b>Sporgruppe</b></td><td>45-46</td></tr><tr><td><b>Fremmednetstik type</b></td><td>9300/9800 Powerflex</td></tr><tr><td><b>Note</b></td><td></td></tr>
</table>
]]>
</description>
  <Point>
    <coordinates>12.084333,55.637493,0</coordinates>
  </Point>
</Placemark>

<Placemark>
  <name>10568698</name>
  <styleUrl>#s</styleUrl>
  <description>
<![CDATA[
<table border="1" style="border-collapse:collapse;width:100%">
<tr><td><b>Strækning</b></td><td>21</td></tr><tr><td><b>TIB</b></td><td>2</td></tr><tr><td><b>Navn</b></td><td>Næstved</td></tr><tr><td><b>Forkortelse</b></td><td>Næ</td></tr><tr><td><b>Datagennemgang</b></td><td>Match</td></tr><tr><td><b>GPS Nord</b></td><td>55.233273</td></tr><tr><td><b>GPS Øst</b></td><td>11.766387</td></tr><tr><td><b>Placering</b></td><td>Risteperron</td></tr><tr><td><b>Stander</b></td><td>Nr. 1</td></tr><tr><td><b>Kilometrering</b></td><td>90.5</td></tr><tr><td><b>Tilgængelighed</b></td><td>Frit tilgængelig</td></tr><tr><td><b>Idriftsættelsesdato</b></td><td>Fri Apr 05 2013 00:00:00 GMT+0200 (Central European Summer Time)</td></tr><tr><td><b>Forsyningstavle</b></td><td>023.000.J</td></tr><tr><td><b>Antal spor</b></td><td>2</td></tr><tr><td><b>Antal stik</b></td><td>2</td></tr><tr><td><b>Sporgruppe</b></td><td>42-43</td></tr><tr><td><b>Fremmednetstik type</b></td><td>9300/9800 Powerflex</td></tr><tr><td><b>Note</b></td><td></td></tr>
</table>
]]>
</description>
  <Point>
    <coordinates>11.766387,55.233273,0</coordinates>
  </Point>
</Placemark>

<Placemark>
  <name>10568699</name>
  <styleUrl>#s</styleUrl>
  <description>
<![CDATA[
<table border="1" style="border-collapse:collapse;width:100%">
<tr><td><b>Strækning</b></td><td>21</td></tr><tr><td><b>TIB</b></td><td>2</td></tr><tr><td><b>Navn</b></td><td>Næstved</td></tr><tr><td><b>Forkortelse</b></td><td>Næ</td></tr><tr><td><b>Datagennemgang</b></td><td>Match</td></tr><tr><td><b>GPS Nord</b></td><td>55.233093</td></tr><tr><td><b>GPS Øst</b></td><td>11.766603</td></tr><tr><td><b>Placering</b></td><td>Risteperron</td></tr><tr><td><b>Stander</b></td><td>Nr. 2</td></tr><tr><td><b>Kilometrering</b></td><td>90.5</td></tr><tr><td><b>Tilgængelighed</b></td><td>Frit tilgængelig</td></tr><tr><td><b>Idriftsættelsesdato</b></td><td>Sat Apr 06 2013 00:00:00 GMT+0200 (Central European Summer Time)</td></tr><tr><td><b>Forsyningstavle</b></td><td>023.000.J</td></tr><tr><td><b>Antal spor</b></td><td>2</td></tr><tr><td><b>Antal stik</b></td><td>2</td></tr><tr><td><b>Sporgruppe</b></td><td>42-43</td></tr><tr><td><b>Fremmednetstik type</b></td><td>9300/9800 Powerflex</td></tr><tr><td><b>Note</b></td><td></td></tr>
</table>
]]>
</description>
  <Point>
    <coordinates>11.766603,55.233093,0</coordinates>
  </Point>
</Placemark>

<Placemark>
  <name>10568700</name>
  <styleUrl>#s</styleUrl>
  <description>
<![CDATA[
<table border="1" style="border-collapse:collapse;width:100%">
<tr><td><b>Strækning</b></td><td>21</td></tr><tr><td><b>TIB</b></td><td>2</td></tr><tr><td><b>Navn</b></td><td>Næstved</td></tr><tr><td><b>Forkortelse</b></td><td>Næ</td></tr><tr><td><b>Datagennemgang</b></td><td>Match</td></tr><tr><td><b>GPS Nord</b></td><td>55.232883</td></tr><tr><td><b>GPS Øst</b></td><td>11.766807</td></tr><tr><td><b>Placering</b></td><td>Risteperron</td></tr><tr><td><b>Stander</b></td><td>Nr. 3</td></tr><tr><td><b>Kilometrering</b></td><td>90.5</td></tr><tr><td><b>Tilgængelighed</b></td><td>Frit tilgængelig</td></tr><tr><td><b>Idriftsættelsesdato</b></td><td>Sun Apr 07 2013 00:00:00 GMT+0200 (Central European Summer Time)</td></tr><tr><td><b>Forsyningstavle</b></td><td>023.000.J</td></tr><tr><td><b>Antal spor</b></td><td>2</td></tr><tr><td><b>Antal stik</b></td><td>2</td></tr><tr><td><b>Sporgruppe</b></td><td>42-43</td></tr><tr><td><b>Fremmednetstik type</b></td><td>9300/9800 Powerflex</td></tr><tr><td><b>Note</b></td><td></td></tr>
</table>
]]>
</description>
  <Point>
    <coordinates>11.766807,55.232883,0</coordinates>
  </Point>
</Placemark>

<Placemark>
  <name>10568701</name>
  <styleUrl>#s</styleUrl>
  <description>
<![CDATA[
<table border="1" style="border-collapse:collapse;width:100%">
<tr><td><b>Strækning</b></td><td>21</td></tr><tr><td><b>TIB</b></td><td>2</td></tr><tr><td><b>Navn</b></td><td>Næstved</td></tr><tr><td><b>Forkortelse</b></td><td>Næ</td></tr><tr><td><b>Datagennemgang</b></td><td>Match</td></tr><tr><td><b>GPS Nord</b></td><td>55.232685</td></tr><tr><td><b>GPS Øst</b></td><td>11.767036</td></tr><tr><td><b>Placering</b></td><td>Risteperron</td></tr><tr><td><b>Stander</b></td><td>Nr. 4</td></tr><tr><td><b>Kilometrering</b></td><td>90.56</td></tr><tr><td><b>Tilgængelighed</b></td><td>Frit tilgængelig</td></tr><tr><td><b>Idriftsættelsesdato</b></td><td>Mon Apr 08 2013 00:00:00 GMT+0200 (Central European Summer Time)</td></tr><tr><td><b>Forsyningstavle</b></td><td>023.000.J</td></tr><tr><td><b>Antal spor</b></td><td>2</td></tr><tr><td><b>Antal stik</b></td><td>2</td></tr><tr><td><b>Sporgruppe</b></td><td>42-43</td></tr><tr><td><b>Fremmednetstik type</b></td><td>9300/9800 Powerflex</td></tr><tr><td><b>Note</b></td><td></td></tr>
</table>
]]>
</description>
  <Point>
    <coordinates>11.767036,55.232685,0</coordinates>
  </Point>
</Placemark>

<Placemark>
  <name>10568702</name>
  <styleUrl>#s</styleUrl>
  <description>
<![CDATA[
<table border="1" style="border-collapse:collapse;width:100%">
<tr><td><b>Strækning</b></td><td>21</td></tr><tr><td><b>TIB</b></td><td>2</td></tr><tr><td><b>Navn</b></td><td>Næstved</td></tr><tr><td><b>Forkortelse</b></td><td>Næ</td></tr><tr><td><b>Datagennemgang</b></td><td>Match</td></tr><tr><td><b>GPS Nord</b></td><td>55.23251</td></tr><tr><td><b>GPS Øst</b></td><td>11.767198</td></tr><tr><td><b>Placering</b></td><td>Risteperron</td></tr><tr><td><b>Stander</b></td><td>Nr. 5</td></tr><tr><td><b>Kilometrering</b></td><td>90.59</td></tr><tr><td><b>Tilgængelighed</b></td><td>Frit tilgængelig</td></tr><tr><td><b>Idriftsættelsesdato</b></td><td>Tue Apr 09 2013 00:00:00 GMT+0200 (Central European Summer Time)</td></tr><tr><td><b>Forsyningstavle</b></td><td>023.000.J</td></tr><tr><td><b>Antal spor</b></td><td>2</td></tr><tr><td><b>Antal stik</b></td><td>2</td></tr><tr><td><b>Sporgruppe</b></td><td>42-43</td></tr><tr><td><b>Fremmednetstik type</b></td><td>9300/9800 Powerflex</td></tr><tr><td><b>Note</b></td><td></td></tr>
</table>
]]>
</description>
  <Point>
    <coordinates>11.767198,55.23251,0</coordinates>
  </Point>
</Placemark>

<Placemark>
  <name>10568703</name>
  <styleUrl>#s</styleUrl>
  <description>
<![CDATA[
<table border="1" style="border-collapse:collapse;width:100%">
<tr><td><b>Strækning</b></td><td>21</td></tr><tr><td><b>TIB</b></td><td>2</td></tr><tr><td><b>Navn</b></td><td>Næstved</td></tr><tr><td><b>Forkortelse</b></td><td>Næ</td></tr><tr><td><b>Datagennemgang</b></td><td>Match</td></tr><tr><td><b>GPS Nord</b></td><td>55.232338</td></tr><tr><td><b>GPS Øst</b></td><td>11.767392</td></tr><tr><td><b>Placering</b></td><td>Risteperron</td></tr><tr><td><b>Stander</b></td><td>Nr. 6</td></tr><tr><td><b>Kilometrering</b></td><td>90.61</td></tr><tr><td><b>Tilgængelighed</b></td><td>Frit tilgængelig</td></tr><tr><td><b>Idriftsættelsesdato</b></td><td>Wed Apr 10 2013 00:00:00 GMT+0200 (Central European Summer Time)</td></tr><tr><td><b>Forsyningstavle</b></td><td>023.000.J</td></tr><tr><td><b>Antal spor</b></td><td>2</td></tr><tr><td><b>Antal stik</b></td><td>2</td></tr><tr><td><b>Sporgruppe</b></td><td>42-43</td></tr><tr><td><b>Fremmednetstik type</b></td><td>9300/9800 Powerflex</td></tr><tr><td><b>Note</b></td><td></td></tr>
</table>
]]>
</description>
  <Point>
    <coordinates>11.767392,55.232338,0</coordinates>
  </Point>
</Placemark>

<Placemark>
  <name>10568704</name>
  <styleUrl>#s</styleUrl>
  <description>
<![CDATA[
<table border="1" style="border-collapse:collapse;width:100%">
<tr><td><b>Strækning</b></td><td>21</td></tr><tr><td><b>TIB</b></td><td>2</td></tr><tr><td><b>Navn</b></td><td>Næstved</td></tr><tr><td><b>Forkortelse</b></td><td>Næ</td></tr><tr><td><b>Datagennemgang</b></td><td>Match</td></tr><tr><td><b>GPS Nord</b></td><td>55.232147</td></tr><tr><td><b>GPS Øst</b></td><td>11.767575</td></tr><tr><td><b>Placering</b></td><td>Risteperron</td></tr><tr><td><b>Stander</b></td><td>Nr. 7</td></tr><tr><td><b>Kilometrering</b></td><td>90.615</td></tr><tr><td><b>Tilgængelighed</b></td><td>Frit tilgængelig</td></tr><tr><td><b>Idriftsættelsesdato</b></td><td>Thu Apr 11 2013 00:00:00 GMT+0200 (Central European Summer Time)</td></tr><tr><td><b>Forsyningstavle</b></td><td>023.000.J</td></tr><tr><td><b>Antal spor</b></td><td>2</td></tr><tr><td><b>Antal stik</b></td><td>2</td></tr><tr><td><b>Sporgruppe</b></td><td>42-43</td></tr><tr><td><b>Fremmednetstik type</b></td><td>9300/9800 Powerflex</td></tr><tr><td><b>Note</b></td><td></td></tr>
</table>
]]>
</description>
  <Point>
    <coordinates>11.767575,55.232147,0</coordinates>
  </Point>
</Placemark>

<Placemark>
  <name>10568705</name>
  <styleUrl>#s</styleUrl>
  <description>
<![CDATA[
<table border="1" style="border-collapse:collapse;width:100%">
<tr><td><b>Strækning</b></td><td>21</td></tr><tr><td><b>TIB</b></td><td>2</td></tr><tr><td><b>Navn</b></td><td>Næstved</td></tr><tr><td><b>Forkortelse</b></td><td>Næ</td></tr><tr><td><b>Datagennemgang</b></td><td>Match</td></tr><tr><td><b>GPS Nord</b></td><td>55.231953</td></tr><tr><td><b>GPS Øst</b></td><td>11.767749</td></tr><tr><td><b>Placering</b></td><td>Risteperron</td></tr><tr><td><b>Stander</b></td><td>Nr. 8</td></tr><tr><td><b>Kilometrering</b></td><td>90.64</td></tr><tr><td><b>Tilgængelighed</b></td><td>Frit tilgængelig</td></tr><tr><td><b>Idriftsættelsesdato</b></td><td>Fri Apr 12 2013 00:00:00 GMT+0200 (Central European Summer Time)</td></tr><tr><td><b>Forsyningstavle</b></td><td>023.000.J</td></tr><tr><td><b>Antal spor</b></td><td>2</td></tr><tr><td><b>Antal stik</b></td><td>2</td></tr><tr><td><b>Sporgruppe</b></td><td>42-43</td></tr><tr><td><b>Fremmednetstik type</b></td><td>9300/9800 Powerflex</td></tr><tr><td><b>Note</b></td><td></td></tr>
</table>
]]>
</description>
  <Point>
    <coordinates>11.767749,55.231953,0</coordinates>
  </Point>
</Placemark>

<Placemark>
  <name>10568706</name>
  <styleUrl>#s</styleUrl>
  <description>
<![CDATA[
<table border="1" style="border-collapse:collapse;width:100%">
<tr><td><b>Strækning</b></td><td>21</td></tr><tr><td><b>TIB</b></td><td>2</td></tr><tr><td><b>Navn</b></td><td>Næstved</td></tr><tr><td><b>Forkortelse</b></td><td>Næ</td></tr><tr><td><b>Datagennemgang</b></td><td>Match</td></tr><tr><td><b>GPS Nord</b></td><td>55.231781</td></tr><tr><td><b>GPS Øst</b></td><td>11.767935</td></tr><tr><td><b>Placering</b></td><td>Risteperron</td></tr><tr><td><b>Stander</b></td><td>Nr. 9</td></tr><tr><td><b>Kilometrering</b></td><td>90.69</td></tr><tr><td><b>Tilgængelighed</b></td><td>Frit tilgængelig</td></tr><tr><td><b>Idriftsættelsesdato</b></td><td>Sat Apr 13 2013 00:00:00 GMT+0200 (Central European Summer Time)</td></tr><tr><td><b>Forsyningstavle</b></td><td>023.000.J</td></tr><tr><td><b>Antal spor</b></td><td>2</td></tr><tr><td><b>Antal stik</b></td><td>2</td></tr><tr><td><b>Sporgruppe</b></td><td>42-43</td></tr><tr><td><b>Fremmednetstik type</b></td><td>9300/9800 Powerflex</td></tr><tr><td><b>Note</b></td><td></td></tr>
</table>
]]>
</description>
  <Point>
    <coordinates>11.767935,55.231781,0</coordinates>
  </Point>
</Placemark>

<Placemark>
  <name>10568707</name>
  <styleUrl>#s</styleUrl>
  <description>
<![CDATA[
<table border="1" style="border-collapse:collapse;width:100%">
<tr><td><b>Strækning</b></td><td>21</td></tr><tr><td><b>TIB</b></td><td>2</td></tr><tr><td><b>Navn</b></td><td>Næstved</td></tr><tr><td><b>Forkortelse</b></td><td>Næ</td></tr><tr><td><b>Datagennemgang</b></td><td>Match</td></tr><tr><td><b>GPS Nord</b></td><td>55.231579</td></tr><tr><td><b>GPS Øst</b></td><td>11.768106</td></tr><tr><td><b>Placering</b></td><td>Risteperron</td></tr><tr><td><b>Stander</b></td><td>Nr. 10</td></tr><tr><td><b>Kilometrering</b></td><td>90.7</td></tr><tr><td><b>Tilgængelighed</b></td><td>Frit tilgængelig</td></tr><tr><td><b>Idriftsættelsesdato</b></td><td>Sun Apr 14 2013 00:00:00 GMT+0200 (Central European Summer Time)</td></tr><tr><td><b>Forsyningstavle</b></td><td>023.000.J</td></tr><tr><td><b>Antal spor</b></td><td>2</td></tr><tr><td><b>Antal stik</b></td><td>2</td></tr><tr><td><b>Sporgruppe</b></td><td>42-43</td></tr><tr><td><b>Fremmednetstik type</b></td><td>9300/9800 Powerflex</td></tr><tr><td><b>Note</b></td><td></td></tr>
</table>
]]>
</description>
  <Point>
    <coordinates>11.768106,55.231579,0</coordinates>
  </Point>
</Placemark>

<Placemark>
  <name>10568708</name>
  <styleUrl>#s</styleUrl>
  <description>
<![CDATA[
<table border="1" style="border-collapse:collapse;width:100%">
<tr><td><b>Strækning</b></td><td>21</td></tr><tr><td><b>TIB</b></td><td>2</td></tr><tr><td><b>Navn</b></td><td>Næstved</td></tr><tr><td><b>Forkortelse</b></td><td>Næ</td></tr><tr><td><b>Datagennemgang</b></td><td>Match</td></tr><tr><td><b>GPS Nord</b></td><td>55.231411</td></tr><tr><td><b>GPS Øst</b></td><td>11.768277</td></tr><tr><td><b>Placering</b></td><td>Risteperron</td></tr><tr><td><b>Stander</b></td><td>Nr. 11</td></tr><tr><td><b>Kilometrering</b></td><td>90.715</td></tr><tr><td><b>Tilgængelighed</b></td><td>Frit tilgængelig</td></tr><tr><td><b>Idriftsættelsesdato</b></td><td>Mon Apr 15 2013 00:00:00 GMT+0200 (Central European Summer Time)</td></tr><tr><td><b>Forsyningstavle</b></td><td>023.000.J</td></tr><tr><td><b>Antal spor</b></td><td>2</td></tr><tr><td><b>Antal stik</b></td><td>2</td></tr><tr><td><b>Sporgruppe</b></td><td>42-43</td></tr><tr><td><b>Fremmednetstik type</b></td><td>9300/9800 Powerflex</td></tr><tr><td><b>Note</b></td><td></td></tr>
</table>
]]>
</description>
  <Point>
    <coordinates>11.768277,55.231411,0</coordinates>
  </Point>
</Placemark>

<Placemark>
  <name>10568709</name>
  <styleUrl>#s</styleUrl>
  <description>
<![CDATA[
<table border="1" style="border-collapse:collapse;width:100%">
<tr><td><b>Strækning</b></td><td>21</td></tr><tr><td><b>TIB</b></td><td>2</td></tr><tr><td><b>Navn</b></td><td>Næstved</td></tr><tr><td><b>Forkortelse</b></td><td>Næ</td></tr><tr><td><b>Datagennemgang</b></td><td>Match</td></tr><tr><td><b>GPS Nord</b></td><td>55.231201</td></tr><tr><td><b>GPS Øst</b></td><td>11.768457</td></tr><tr><td><b>Placering</b></td><td>Risteperron</td></tr><tr><td><b>Stander</b></td><td>Nr. 12</td></tr><tr><td><b>Kilometrering</b></td><td>90.745</td></tr><tr><td><b>Tilgængelighed</b></td><td>Frit tilgængelig</td></tr><tr><td><b>Idriftsættelsesdato</b></td><td>Tue Apr 16 2013 00:00:00 GMT+0200 (Central European Summer Time)</td></tr><tr><td><b>Forsyningstavle</b></td><td>023.000.J</td></tr><tr><td><b>Antal spor</b></td><td>2</td></tr><tr><td><b>Antal stik</b></td><td>2</td></tr><tr><td><b>Sporgruppe</b></td><td>42-43</td></tr><tr><td><b>Fremmednetstik type</b></td><td>9300/9800 Powerflex</td></tr><tr><td><b>Note</b></td><td></td></tr>
</table>
]]>
</description>
  <Point>
    <coordinates>11.768457,55.231201,0</coordinates>
  </Point>
</Placemark>

<Placemark>
  <name>10568710</name>
  <styleUrl>#s</styleUrl>
  <description>
<![CDATA[
<table border="1" style="border-collapse:collapse;width:100%">
<tr><td><b>Strækning</b></td><td>21</td></tr><tr><td><b>TIB</b></td><td>2</td></tr><tr><td><b>Navn</b></td><td>Næstved</td></tr><tr><td><b>Forkortelse</b></td><td>Næ</td></tr><tr><td><b>Datagennemgang</b></td><td>Match</td></tr><tr><td><b>GPS Nord</b></td><td>55.231014</td></tr><tr><td><b>GPS Øst</b></td><td>11.768624</td></tr><tr><td><b>Placering</b></td><td>Risteperron</td></tr><tr><td><b>Stander</b></td><td>Nr. 13</td></tr><tr><td><b>Kilometrering</b></td><td>90.75</td></tr><tr><td><b>Tilgængelighed</b></td><td>Frit tilgængelig</td></tr><tr><td><b>Idriftsættelsesdato</b></td><td>Wed Apr 17 2013 00:00:00 GMT+0200 (Central European Summer Time)</td></tr><tr><td><b>Forsyningstavle</b></td><td>023.000.J</td></tr><tr><td><b>Antal spor</b></td><td>2</td></tr><tr><td><b>Antal stik</b></td><td>2</td></tr><tr><td><b>Sporgruppe</b></td><td>42-43</td></tr><tr><td><b>Fremmednetstik type</b></td><td>9300/9800 Powerflex</td></tr><tr><td><b>Note</b></td><td></td></tr>
</table>
]]>
</description>
  <Point>
    <coordinates>11.768624,55.231014,0</coordinates>
  </Point>
</Placemark>

<Placemark>
  <name>10536783</name>
  <styleUrl>#s</styleUrl>
  <description>
<![CDATA[
<table border="1" style="border-collapse:collapse;width:100%">
<tr><td><b>Strækning</b></td><td>21</td></tr><tr><td><b>TIB</b></td><td>2</td></tr><tr><td><b>Navn</b></td><td>Nykøbing F</td></tr><tr><td><b>Forkortelse</b></td><td>Nf</td></tr><tr><td><b>Datagennemgang</b></td><td>Match</td></tr><tr><td><b>GPS Nord</b></td><td>54.772823</td></tr><tr><td><b>GPS Øst</b></td><td>11.882812</td></tr><tr><td><b>Placering</b></td><td>Risteperron</td></tr><tr><td><b>Stander</b></td><td>FN6</td></tr><tr><td><b>Kilometrering</b></td><td>146.095</td></tr><tr><td><b>Tilgængelighed</b></td><td>Frit tilgængelig</td></tr><tr><td><b>Idriftsættelsesdato</b></td><td>Tue May 02 2006 00:00:00 GMT+0200 (Central European Summer Time)</td></tr><tr><td><b>Forsyningstavle</b></td><td>027.000.C</td></tr><tr><td><b>Antal spor</b></td><td>2</td></tr><tr><td><b>Antal stik</b></td><td>2</td></tr><tr><td><b>Sporgruppe</b></td><td>12/30</td></tr><tr><td><b>Fremmednetstik type</b></td><td>9300/9800 Powerflex</td></tr><tr><td><b>Note</b></td><td></td></tr>
</table>
]]>
</description>
  <Point>
    <coordinates>11.882812,54.772823,0</coordinates>
  </Point>
</Placemark>

<Placemark>
  <name>10536784</name>
  <styleUrl>#s</styleUrl>
  <description>
<![CDATA[
<table border="1" style="border-collapse:collapse;width:100%">
<tr><td><b>Strækning</b></td><td>21</td></tr><tr><td><b>TIB</b></td><td>2</td></tr><tr><td><b>Navn</b></td><td>Nykøbing F</td></tr><tr><td><b>Forkortelse</b></td><td>Nf</td></tr><tr><td><b>Datagennemgang</b></td><td>Match</td></tr><tr><td><b>GPS Nord</b></td><td>54.772598</td></tr><tr><td><b>GPS Øst</b></td><td>11.882667</td></tr><tr><td><b>Placering</b></td><td>Risteperron</td></tr><tr><td><b>Stander</b></td><td>FN20</td></tr><tr><td><b>Kilometrering</b></td><td>146.12</td></tr><tr><td><b>Tilgængelighed</b></td><td>Frit tilgængelig</td></tr><tr><td><b>Idriftsættelsesdato</b></td><td>Wed May 03 2006 00:00:00 GMT+0200 (Central European Summer Time)</td></tr><tr><td><b>Forsyningstavle</b></td><td>027.000.C</td></tr><tr><td><b>Antal spor</b></td><td>2</td></tr><tr><td><b>Antal stik</b></td><td>2</td></tr><tr><td><b>Sporgruppe</b></td><td>12/30</td></tr><tr><td><b>Fremmednetstik type</b></td><td>9300/9800 Powerflex</td></tr><tr><td><b>Note</b></td><td></td></tr>
</table>
]]>
</description>
  <Point>
    <coordinates>11.882667,54.772598,0</coordinates>
  </Point>
</Placemark>

<Placemark>
  <name>10536785</name>
  <styleUrl>#s</styleUrl>
  <description>
<![CDATA[
<table border="1" style="border-collapse:collapse;width:100%">
<tr><td><b>Strækning</b></td><td>21</td></tr><tr><td><b>TIB</b></td><td>2</td></tr><tr><td><b>Navn</b></td><td>Nykøbing F</td></tr><tr><td><b>Forkortelse</b></td><td>Nf</td></tr><tr><td><b>Datagennemgang</b></td><td>Match</td></tr><tr><td><b>GPS Nord</b></td><td>54.772415</td></tr><tr><td><b>GPS Øst</b></td><td>11.882554</td></tr><tr><td><b>Placering</b></td><td>Risteperron</td></tr><tr><td><b>Stander</b></td><td>FN19</td></tr><tr><td><b>Kilometrering</b></td><td>146.14</td></tr><tr><td><b>Tilgængelighed</b></td><td>Frit tilgængelig</td></tr><tr><td><b>Idriftsættelsesdato</b></td><td>Thu May 04 2006 00:00:00 GMT+0200 (Central European Summer Time)</td></tr><tr><td><b>Forsyningstavle</b></td><td>027.000.C</td></tr><tr><td><b>Antal spor</b></td><td>2</td></tr><tr><td><b>Antal stik</b></td><td>2</td></tr><tr><td><b>Sporgruppe</b></td><td>12/30</td></tr><tr><td><b>Fremmednetstik type</b></td><td>9300/9800 Powerflex</td></tr><tr><td><b>Note</b></td><td></td></tr>
</table>
]]>
</description>
  <Point>
    <coordinates>11.882554,54.772415,0</coordinates>
  </Point>
</Placemark>

<Placemark>
  <name>10536786</name>
  <styleUrl>#s</styleUrl>
  <description>
<![CDATA[
<table border="1" style="border-collapse:collapse;width:100%">
<tr><td><b>Strækning</b></td><td>21</td></tr><tr><td><b>TIB</b></td><td>2</td></tr><tr><td><b>Navn</b></td><td>Nykøbing F</td></tr><tr><td><b>Forkortelse</b></td><td>Nf</td></tr><tr><td><b>Datagennemgang</b></td><td>Match</td></tr><tr><td><b>GPS Nord</b></td><td>54.772255</td></tr><tr><td><b>GPS Øst</b></td><td>11.882396</td></tr><tr><td><b>Placering</b></td><td>Risteperron</td></tr><tr><td><b>Stander</b></td><td>FN18</td></tr><tr><td><b>Kilometrering</b></td><td>146.145</td></tr><tr><td><b>Tilgængelighed</b></td><td>Frit tilgængelig</td></tr><tr><td><b>Idriftsættelsesdato</b></td><td>Fri May 05 2006 00:00:00 GMT+0200 (Central European Summer Time)</td></tr><tr><td><b>Forsyningstavle</b></td><td>027.000.C</td></tr><tr><td><b>Antal spor</b></td><td>2</td></tr><tr><td><b>Antal stik</b></td><td>2</td></tr><tr><td><b>Sporgruppe</b></td><td>12/30</td></tr><tr><td><b>Fremmednetstik type</b></td><td>9300/9800 Powerflex</td></tr><tr><td><b>Note</b></td><td></td></tr>
</table>
]]>
</description>
  <Point>
    <coordinates>11.882396,54.772255,0</coordinates>
  </Point>
</Placemark>

<Placemark>
  <name>10536787</name>
  <styleUrl>#s</styleUrl>
  <description>
<![CDATA[
<table border="1" style="border-collapse:collapse;width:100%">
<tr><td><b>Strækning</b></td><td>21</td></tr><tr><td><b>TIB</b></td><td>2</td></tr><tr><td><b>Navn</b></td><td>Nykøbing F</td></tr><tr><td><b>Forkortelse</b></td><td>Nf</td></tr><tr><td><b>Datagennemgang</b></td><td>Match</td></tr><tr><td><b>GPS Nord</b></td><td>54.772041</td></tr><tr><td><b>GPS Øst</b></td><td>11.882239</td></tr><tr><td><b>Placering</b></td><td>Risteperron</td></tr><tr><td><b>Stander</b></td><td>FN17</td></tr><tr><td><b>Kilometrering</b></td><td>146.185</td></tr><tr><td><b>Tilgængelighed</b></td><td>Frit tilgængelig</td></tr><tr><td><b>Idriftsættelsesdato</b></td><td>Sat May 06 2006 00:00:00 GMT+0200 (Central European Summer Time)</td></tr><tr><td><b>Forsyningstavle</b></td><td>027.000.C</td></tr><tr><td><b>Antal spor</b></td><td>2</td></tr><tr><td><b>Antal stik</b></td><td>2</td></tr><tr><td><b>Sporgruppe</b></td><td>12/30</td></tr><tr><td><b>Fremmednetstik type</b></td><td>9300/9800 Powerflex</td></tr><tr><td><b>Note</b></td><td></td></tr>
</table>
]]>
</description>
  <Point>
    <coordinates>11.882239,54.772041,0</coordinates>
  </Point>
</Placemark>

<Placemark>
  <name>10536788</name>
  <styleUrl>#s</styleUrl>
  <description>
<![CDATA[
<table border="1" style="border-collapse:collapse;width:100%">
<tr><td><b>Strækning</b></td><td>21</td></tr><tr><td><b>TIB</b></td><td>2</td></tr><tr><td><b>Navn</b></td><td>Nykøbing F</td></tr><tr><td><b>Forkortelse</b></td><td>Nf</td></tr><tr><td><b>Datagennemgang</b></td><td>Match</td></tr><tr><td><b>GPS Nord</b></td><td>54.771828</td></tr><tr><td><b>GPS Øst</b></td><td>11.88208</td></tr><tr><td><b>Placering</b></td><td>Risteperron</td></tr><tr><td><b>Stander</b></td><td>FN16</td></tr><tr><td><b>Kilometrering</b></td><td>146.2</td></tr><tr><td><b>Tilgængelighed</b></td><td>Frit tilgængelig</td></tr><tr><td><b>Idriftsættelsesdato</b></td><td>Sun May 07 2006 00:00:00 GMT+0200 (Central European Summer Time)</td></tr><tr><td><b>Forsyningstavle</b></td><td>027.000.C</td></tr><tr><td><b>Antal spor</b></td><td>2</td></tr><tr><td><b>Antal stik</b></td><td>2</td></tr><tr><td><b>Sporgruppe</b></td><td>12/30</td></tr><tr><td><b>Fremmednetstik type</b></td><td>9300/9800 Powerflex</td></tr><tr><td><b>Note</b></td><td></td></tr>
</table>
]]>
</description>
  <Point>
    <coordinates>11.88208,54.771828,0</coordinates>
  </Point>
</Placemark>

<Placemark>
  <name>10536789</name>
  <styleUrl>#s</styleUrl>
  <description>
<![CDATA[
<table border="1" style="border-collapse:collapse;width:100%">
<tr><td><b>Strækning</b></td><td>21</td></tr><tr><td><b>TIB</b></td><td>2</td></tr><tr><td><b>Navn</b></td><td>Nykøbing F</td></tr><tr><td><b>Forkortelse</b></td><td>Nf</td></tr><tr><td><b>Datagennemgang</b></td><td>Match</td></tr><tr><td><b>GPS Nord</b></td><td>54.771652</td></tr><tr><td><b>GPS Øst</b></td><td>11.881926</td></tr><tr><td><b>Placering</b></td><td>Risteperron</td></tr><tr><td><b>Stander</b></td><td>FN15</td></tr><tr><td><b>Kilometrering</b></td><td>146.215</td></tr><tr><td><b>Tilgængelighed</b></td><td>Frit tilgængelig</td></tr><tr><td><b>Idriftsættelsesdato</b></td><td>Mon May 08 2006 00:00:00 GMT+0200 (Central European Summer Time)</td></tr><tr><td><b>Forsyningstavle</b></td><td>027.000.C</td></tr><tr><td><b>Antal spor</b></td><td>2</td></tr><tr><td><b>Antal stik</b></td><td>2</td></tr><tr><td><b>Sporgruppe</b></td><td>12/30</td></tr><tr><td><b>Fremmednetstik type</b></td><td>9300/9800 Powerflex</td></tr><tr><td><b>Note</b></td><td></td></tr>
</table>
]]>
</description>
  <Point>
    <coordinates>11.881926,54.771652,0</coordinates>
  </Point>
</Placemark>

<Placemark>
  <name>10536790</name>
  <styleUrl>#s</styleUrl>
  <description>
<![CDATA[
<table border="1" style="border-collapse:collapse;width:100%">
<tr><td><b>Strækning</b></td><td>21</td></tr><tr><td><b>TIB</b></td><td>2</td></tr><tr><td><b>Navn</b></td><td>Nykøbing F</td></tr><tr><td><b>Forkortelse</b></td><td>Nf</td></tr><tr><td><b>Datagennemgang</b></td><td>Match</td></tr><tr><td><b>GPS Nord</b></td><td>54.771439</td></tr><tr><td><b>GPS Øst</b></td><td>11.881778</td></tr><tr><td><b>Placering</b></td><td>Risteperron</td></tr><tr><td><b>Stander</b></td><td>FN14</td></tr><tr><td><b>Kilometrering</b></td><td>146.23</td></tr><tr><td><b>Tilgængelighed</b></td><td>Frit tilgængelig</td></tr><tr><td><b>Idriftsættelsesdato</b></td><td>Tue May 09 2006 00:00:00 GMT+0200 (Central European Summer Time)</td></tr><tr><td><b>Forsyningstavle</b></td><td>027.000.C</td></tr><tr><td><b>Antal spor</b></td><td>2</td></tr><tr><td><b>Antal stik</b></td><td>2</td></tr><tr><td><b>Sporgruppe</b></td><td>12/30</td></tr><tr><td><b>Fremmednetstik type</b></td><td>9300/9800 Powerflex</td></tr><tr><td><b>Note</b></td><td></td></tr>
</table>
]]>
</description>
  <Point>
    <coordinates>11.881778,54.771439,0</coordinates>
  </Point>
</Placemark>

<Placemark>
  <name>10536791</name>
  <styleUrl>#s</styleUrl>
  <description>
<![CDATA[
<table border="1" style="border-collapse:collapse;width:100%">
<tr><td><b>Strækning</b></td><td>21</td></tr><tr><td><b>TIB</b></td><td>2</td></tr><tr><td><b>Navn</b></td><td>Nykøbing F</td></tr><tr><td><b>Forkortelse</b></td><td>Nf</td></tr><tr><td><b>Datagennemgang</b></td><td>Match</td></tr><tr><td><b>GPS Nord</b></td><td>54.771255</td></tr><tr><td><b>GPS Øst</b></td><td>11.881686</td></tr><tr><td><b>Placering</b></td><td>Risteperron</td></tr><tr><td><b>Stander</b></td><td>FN13</td></tr><tr><td><b>Kilometrering</b></td><td>146.25</td></tr><tr><td><b>Tilgængelighed</b></td><td>Frit tilgængelig</td></tr><tr><td><b>Idriftsættelsesdato</b></td><td>Wed May 10 2006 00:00:00 GMT+0200 (Central European Summer Time)</td></tr><tr><td><b>Forsyningstavle</b></td><td>027.000.C</td></tr><tr><td><b>Antal spor</b></td><td>2</td></tr><tr><td><b>Antal stik</b></td><td>2</td></tr><tr><td><b>Sporgruppe</b></td><td>12/30</td></tr><tr><td><b>Fremmednetstik type</b></td><td>9300/9800 Powerflex</td></tr><tr><td><b>Note</b></td><td></td></tr>
</table>
]]>
</description>
  <Point>
    <coordinates>11.881686,54.771255,0</coordinates>
  </Point>
</Placemark>

<Placemark>
  <name>10536792</name>
  <styleUrl>#s</styleUrl>
  <description>
<![CDATA[
<table border="1" style="border-collapse:collapse;width:100%">
<tr><td><b>Strækning</b></td><td>21</td></tr><tr><td><b>TIB</b></td><td>2</td></tr><tr><td><b>Navn</b></td><td>Nykøbing F</td></tr><tr><td><b>Forkortelse</b></td><td>Nf</td></tr><tr><td><b>Datagennemgang</b></td><td>Match</td></tr><tr><td><b>GPS Nord</b></td><td>54.771091</td></tr><tr><td><b>GPS Øst</b></td><td>11.881502</td></tr><tr><td><b>Placering</b></td><td>Risteperron</td></tr><tr><td><b>Stander</b></td><td>FN12</td></tr><tr><td><b>Kilometrering</b></td><td>146.3</td></tr><tr><td><b>Tilgængelighed</b></td><td>Frit tilgængelig</td></tr><tr><td><b>Idriftsættelsesdato</b></td><td>Thu May 11 2006 00:00:00 GMT+0200 (Central European Summer Time)</td></tr><tr><td><b>Forsyningstavle</b></td><td>027.000.C</td></tr><tr><td><b>Antal spor</b></td><td>2</td></tr><tr><td><b>Antal stik</b></td><td>2</td></tr><tr><td><b>Sporgruppe</b></td><td>12/30</td></tr><tr><td><b>Fremmednetstik type</b></td><td>9300/9800 Powerflex</td></tr><tr><td><b>Note</b></td><td></td></tr>
</table>
]]>
</description>
  <Point>
    <coordinates>11.881502,54.771091,0</coordinates>
  </Point>
</Placemark>

<Placemark>
  <name>10536793</name>
  <styleUrl>#s</styleUrl>
  <description>
<![CDATA[
<table border="1" style="border-collapse:collapse;width:100%">
<tr><td><b>Strækning</b></td><td>21</td></tr><tr><td><b>TIB</b></td><td>2</td></tr><tr><td><b>Navn</b></td><td>Nykøbing F</td></tr><tr><td><b>Forkortelse</b></td><td>Nf</td></tr><tr><td><b>Datagennemgang</b></td><td>Match</td></tr><tr><td><b>GPS Nord</b></td><td>54.770916</td></tr><tr><td><b>GPS Øst</b></td><td>11.881395</td></tr><tr><td><b>Placering</b></td><td>Risteperron</td></tr><tr><td><b>Stander</b></td><td>FN11</td></tr><tr><td><b>Kilometrering</b></td><td>146.3</td></tr><tr><td><b>Tilgængelighed</b></td><td>Frit tilgængelig</td></tr><tr><td><b>Idriftsættelsesdato</b></td><td>Fri May 12 2006 00:00:00 GMT+0200 (Central European Summer Time)</td></tr><tr><td><b>Forsyningstavle</b></td><td>027.000.C</td></tr><tr><td><b>Antal spor</b></td><td>2</td></tr><tr><td><b>Antal stik</b></td><td>2</td></tr><tr><td><b>Sporgruppe</b></td><td>12/30</td></tr><tr><td><b>Fremmednetstik type</b></td><td>9300/9800 Powerflex</td></tr><tr><td><b>Note</b></td><td></td></tr>
</table>
]]>
</description>
  <Point>
    <coordinates>11.881395,54.770916,0</coordinates>
  </Point>
</Placemark>

<Placemark>
  <name>10536794</name>
  <styleUrl>#s</styleUrl>
  <description>
<![CDATA[
<table border="1" style="border-collapse:collapse;width:100%">
<tr><td><b>Strækning</b></td><td>21</td></tr><tr><td><b>TIB</b></td><td>2</td></tr><tr><td><b>Navn</b></td><td>Nykøbing F</td></tr><tr><td><b>Forkortelse</b></td><td>Nf</td></tr><tr><td><b>Datagennemgang</b></td><td>Match</td></tr><tr><td><b>GPS Nord</b></td><td>54.770737</td></tr><tr><td><b>GPS Øst</b></td><td>11.881203</td></tr><tr><td><b>Placering</b></td><td>Risteperron</td></tr><tr><td><b>Stander</b></td><td>FN10</td></tr><tr><td><b>Kilometrering</b></td><td>146.345</td></tr><tr><td><b>Tilgængelighed</b></td><td>Frit tilgængelig</td></tr><tr><td><b>Idriftsættelsesdato</b></td><td>Sat May 13 2006 00:00:00 GMT+0200 (Central European Summer Time)</td></tr><tr><td><b>Forsyningstavle</b></td><td>027.000.C</td></tr><tr><td><b>Antal spor</b></td><td>2</td></tr><tr><td><b>Antal stik</b></td><td>2</td></tr><tr><td><b>Sporgruppe</b></td><td>12/30</td></tr><tr><td><b>Fremmednetstik type</b></td><td>9300/9800 Powerflex</td></tr><tr><td><b>Note</b></td><td></td></tr>
</table>
]]>
</description>
  <Point>
    <coordinates>11.881203,54.770737,0</coordinates>
  </Point>
</Placemark>

<Placemark>
  <name>10536795</name>
  <styleUrl>#s</styleUrl>
  <description>
<![CDATA[
<table border="1" style="border-collapse:collapse;width:100%">
<tr><td><b>Strækning</b></td><td>21</td></tr><tr><td><b>TIB</b></td><td>2</td></tr><tr><td><b>Navn</b></td><td>Nykøbing F</td></tr><tr><td><b>Forkortelse</b></td><td>Nf</td></tr><tr><td><b>Datagennemgang</b></td><td>Match</td></tr><tr><td><b>GPS Nord</b></td><td>54.770527</td></tr><tr><td><b>GPS Øst</b></td><td>11.881055</td></tr><tr><td><b>Placering</b></td><td>Risteperron</td></tr><tr><td><b>Stander</b></td><td>FN9</td></tr><tr><td><b>Kilometrering</b></td><td>146.38</td></tr><tr><td><b>Tilgængelighed</b></td><td>Frit tilgængelig</td></tr><tr><td><b>Idriftsættelsesdato</b></td><td>Sun May 14 2006 00:00:00 GMT+0200 (Central European Summer Time)</td></tr><tr><td><b>Forsyningstavle</b></td><td>027.000.C</td></tr><tr><td><b>Antal spor</b></td><td>2</td></tr><tr><td><b>Antal stik</b></td><td>2</td></tr><tr><td><b>Sporgruppe</b></td><td>12/30</td></tr><tr><td><b>Fremmednetstik type</b></td><td>9300/9800 Powerflex</td></tr><tr><td><b>Note</b></td><td></td></tr>
</table>
]]>
</description>
  <Point>
    <coordinates>11.881055,54.770527,0</coordinates>
  </Point>
</Placemark>

<Placemark>
  <name>10536796</name>
  <styleUrl>#s</styleUrl>
  <description>
<![CDATA[
<table border="1" style="border-collapse:collapse;width:100%">
<tr><td><b>Strækning</b></td><td>21</td></tr><tr><td><b>TIB</b></td><td>2</td></tr><tr><td><b>Navn</b></td><td>Nykøbing F</td></tr><tr><td><b>Forkortelse</b></td><td>Nf</td></tr><tr><td><b>Datagennemgang</b></td><td>Match</td></tr><tr><td><b>GPS Nord</b></td><td>54.770348</td></tr><tr><td><b>GPS Øst</b></td><td>11.880888</td></tr><tr><td><b>Placering</b></td><td>Risteperron</td></tr><tr><td><b>Stander</b></td><td>FN8</td></tr><tr><td><b>Kilometrering</b></td><td>146.395</td></tr><tr><td><b>Tilgængelighed</b></td><td>Frit tilgængelig</td></tr><tr><td><b>Idriftsættelsesdato</b></td><td>Mon May 15 2006 00:00:00 GMT+0200 (Central European Summer Time)</td></tr><tr><td><b>Forsyningstavle</b></td><td>027.000.C</td></tr><tr><td><b>Antal spor</b></td><td>2</td></tr><tr><td><b>Antal stik</b></td><td>2</td></tr><tr><td><b>Sporgruppe</b></td><td>12/30</td></tr><tr><td><b>Fremmednetstik type</b></td><td>9300/9800 Powerflex</td></tr><tr><td><b>Note</b></td><td></td></tr>
</table>
]]>
</description>
  <Point>
    <coordinates>11.880888,54.770348,0</coordinates>
  </Point>
</Placemark>

<Placemark>
  <name>10536797</name>
  <styleUrl>#s</styleUrl>
  <description>
<![CDATA[
<table border="1" style="border-collapse:collapse;width:100%">
<tr><td><b>Strækning</b></td><td>21</td></tr><tr><td><b>TIB</b></td><td>2</td></tr><tr><td><b>Navn</b></td><td>Nykøbing F</td></tr><tr><td><b>Forkortelse</b></td><td>Nf</td></tr><tr><td><b>Datagennemgang</b></td><td>Match</td></tr><tr><td><b>GPS Nord</b></td><td>54.770172</td></tr><tr><td><b>GPS Øst</b></td><td>11.880692</td></tr><tr><td><b>Placering</b></td><td>Risteperron</td></tr><tr><td><b>Stander</b></td><td>FN7</td></tr><tr><td><b>Kilometrering</b></td><td>146.42</td></tr><tr><td><b>Tilgængelighed</b></td><td>Frit tilgængelig</td></tr><tr><td><b>Idriftsættelsesdato</b></td><td>Tue May 16 2006 00:00:00 GMT+0200 (Central European Summer Time)</td></tr><tr><td><b>Forsyningstavle</b></td><td>027.000.C</td></tr><tr><td><b>Antal spor</b></td><td>2</td></tr><tr><td><b>Antal stik</b></td><td>2</td></tr><tr><td><b>Sporgruppe</b></td><td>12/30</td></tr><tr><td><b>Fremmednetstik type</b></td><td>9300/9800 Powerflex</td></tr><tr><td><b>Note</b></td><td></td></tr>
</table>
]]>
</description>
  <Point>
    <coordinates>11.880692,54.770172,0</coordinates>
  </Point>
</Placemark>

<Placemark>
  <name>10536809</name>
  <styleUrl>#s</styleUrl>
  <description>
<![CDATA[
<table border="1" style="border-collapse:collapse;width:100%">
<tr><td><b>Strækning</b></td><td>21</td></tr><tr><td><b>TIB</b></td><td>2</td></tr><tr><td><b>Navn</b></td><td>Nykøbing F</td></tr><tr><td><b>Forkortelse</b></td><td>Nf</td></tr><tr><td><b>Datagennemgang</b></td><td>Match</td></tr><tr><td><b>GPS Nord</b></td><td>54.771061</td></tr><tr><td><b>GPS Øst</b></td><td>11.88193</td></tr><tr><td><b>Placering</b></td><td>Risteperron</td></tr><tr><td><b>Stander</b></td><td>FN31</td></tr><tr><td><b>Kilometrering</b></td><td>146.295</td></tr><tr><td><b>Tilgængelighed</b></td><td>Frit tilgængelig</td></tr><tr><td><b>Idriftsættelsesdato</b></td><td>Wed May 17 2006 00:00:00 GMT+0200 (Central European Summer Time)</td></tr><tr><td><b>Forsyningstavle</b></td><td>027.000.E</td></tr><tr><td><b>Antal spor</b></td><td>2</td></tr><tr><td><b>Antal stik</b></td><td>2</td></tr><tr><td><b>Sporgruppe</b></td><td>40-41</td></tr><tr><td><b>Fremmednetstik type</b></td><td>9300/9800 Powerflex</td></tr><tr><td><b>Note</b></td><td></td></tr>
</table>
]]>
</description>
  <Point>
    <coordinates>11.88193,54.771061,0</coordinates>
  </Point>
</Placemark>

<Placemark>
  <name>10536810</name>
  <styleUrl>#s</styleUrl>
  <description>
<![CDATA[
<table border="1" style="border-collapse:collapse;width:100%">
<tr><td><b>Strækning</b></td><td>21</td></tr><tr><td><b>TIB</b></td><td>2</td></tr><tr><td><b>Navn</b></td><td>Nykøbing F</td></tr><tr><td><b>Forkortelse</b></td><td>Nf</td></tr><tr><td><b>Datagennemgang</b></td><td>Match</td></tr><tr><td><b>GPS Nord</b></td><td>54.771259</td></tr><tr><td><b>GPS Øst</b></td><td>11.882097</td></tr><tr><td><b>Placering</b></td><td>Risteperron</td></tr><tr><td><b>Stander</b></td><td>FN30</td></tr><tr><td><b>Kilometrering</b></td><td>146.265</td></tr><tr><td><b>Tilgængelighed</b></td><td>Frit tilgængelig</td></tr><tr><td><b>Idriftsættelsesdato</b></td><td>Thu May 18 2006 00:00:00 GMT+0200 (Central European Summer Time)</td></tr><tr><td><b>Forsyningstavle</b></td><td>027.000.E</td></tr><tr><td><b>Antal spor</b></td><td>2</td></tr><tr><td><b>Antal stik</b></td><td>2</td></tr><tr><td><b>Sporgruppe</b></td><td>40-41</td></tr><tr><td><b>Fremmednetstik type</b></td><td>9300/9800 Powerflex</td></tr><tr><td><b>Note</b></td><td></td></tr>
</table>
]]>
</description>
  <Point>
    <coordinates>11.882097,54.771259,0</coordinates>
  </Point>
</Placemark>

<Placemark>
  <name>10536811</name>
  <styleUrl>#s</styleUrl>
  <description>
<![CDATA[
<table border="1" style="border-collapse:collapse;width:100%">
<tr><td><b>Strækning</b></td><td>21</td></tr><tr><td><b>TIB</b></td><td>2</td></tr><tr><td><b>Navn</b></td><td>Nykøbing F</td></tr><tr><td><b>Forkortelse</b></td><td>Nf</td></tr><tr><td><b>Datagennemgang</b></td><td>Match</td></tr><tr><td><b>GPS Nord</b></td><td>54.77145</td></tr><tr><td><b>GPS Øst</b></td><td>11.882254</td></tr><tr><td><b>Placering</b></td><td>Risteperron</td></tr><tr><td><b>Stander</b></td><td>FN29</td></tr><tr><td><b>Kilometrering</b></td><td>146.25</td></tr><tr><td><b>Tilgængelighed</b></td><td>Frit tilgængelig</td></tr><tr><td><b>Idriftsættelsesdato</b></td><td>Fri May 19 2006 00:00:00 GMT+0200 (Central European Summer Time)</td></tr><tr><td><b>Forsyningstavle</b></td><td>027.000.E</td></tr><tr><td><b>Antal spor</b></td><td>2</td></tr><tr><td><b>Antal stik</b></td><td>2</td></tr><tr><td><b>Sporgruppe</b></td><td>40-41</td></tr><tr><td><b>Fremmednetstik type</b></td><td>9300/9800 Powerflex</td></tr><tr><td><b>Note</b></td><td></td></tr>
</table>
]]>
</description>
  <Point>
    <coordinates>11.882254,54.77145,0</coordinates>
  </Point>
</Placemark>

<Placemark>
  <name>10536812</name>
  <styleUrl>#s</styleUrl>
  <description>
<![CDATA[
<table border="1" style="border-collapse:collapse;width:100%">
<tr><td><b>Strækning</b></td><td>21</td></tr><tr><td><b>TIB</b></td><td>2</td></tr><tr><td><b>Navn</b></td><td>Nykøbing F</td></tr><tr><td><b>Forkortelse</b></td><td>Nf</td></tr><tr><td><b>Datagennemgang</b></td><td>Match</td></tr><tr><td><b>GPS Nord</b></td><td>54.771648</td></tr><tr><td><b>GPS Øst</b></td><td>11.882407</td></tr><tr><td><b>Placering</b></td><td>Risteperron</td></tr><tr><td><b>Stander</b></td><td>FN28</td></tr><tr><td><b>Kilometrering</b></td><td>146.22</td></tr><tr><td><b>Tilgængelighed</b></td><td>Frit tilgængelig</td></tr><tr><td><b>Idriftsættelsesdato</b></td><td>Sat May 20 2006 00:00:00 GMT+0200 (Central European Summer Time)</td></tr><tr><td><b>Forsyningstavle</b></td><td>027.000.E</td></tr><tr><td><b>Antal spor</b></td><td>2</td></tr><tr><td><b>Antal stik</b></td><td>2</td></tr><tr><td><b>Sporgruppe</b></td><td>40-41</td></tr><tr><td><b>Fremmednetstik type</b></td><td>9300/9800 Powerflex</td></tr><tr><td><b>Note</b></td><td></td></tr>
</table>
]]>
</description>
  <Point>
    <coordinates>11.882407,54.771648,0</coordinates>
  </Point>
</Placemark>

<Placemark>
  <name>10536813</name>
  <styleUrl>#s</styleUrl>
  <description>
<![CDATA[
<table border="1" style="border-collapse:collapse;width:100%">
<tr><td><b>Strækning</b></td><td>21</td></tr><tr><td><b>TIB</b></td><td>2</td></tr><tr><td><b>Navn</b></td><td>Nykøbing F</td></tr><tr><td><b>Forkortelse</b></td><td>Nf</td></tr><tr><td><b>Datagennemgang</b></td><td>Match</td></tr><tr><td><b>GPS Nord</b></td><td>54.771847</td></tr><tr><td><b>GPS Øst</b></td><td>11.882556</td></tr><tr><td><b>Placering</b></td><td>Risteperron</td></tr><tr><td><b>Stander</b></td><td>FN27</td></tr><tr><td><b>Kilometrering</b></td><td>146.2</td></tr><tr><td><b>Tilgængelighed</b></td><td>Frit tilgængelig</td></tr><tr><td><b>Idriftsættelsesdato</b></td><td>Sun May 21 2006 00:00:00 GMT+0200 (Central European Summer Time)</td></tr><tr><td><b>Forsyningstavle</b></td><td>027.000.E</td></tr><tr><td><b>Antal spor</b></td><td>2</td></tr><tr><td><b>Antal stik</b></td><td>2</td></tr><tr><td><b>Sporgruppe</b></td><td>40-41</td></tr><tr><td><b>Fremmednetstik type</b></td><td>9300/9800 Powerflex</td></tr><tr><td><b>Note</b></td><td></td></tr>
</table>
]]>
</description>
  <Point>
    <coordinates>11.882556,54.771847,0</coordinates>
  </Point>
</Placemark>

<Placemark>
  <name>10536814</name>
  <styleUrl>#s</styleUrl>
  <description>
<![CDATA[
<table border="1" style="border-collapse:collapse;width:100%">
<tr><td><b>Strækning</b></td><td>21</td></tr><tr><td><b>TIB</b></td><td>2</td></tr><tr><td><b>Navn</b></td><td>Nykøbing F</td></tr><tr><td><b>Forkortelse</b></td><td>Nf</td></tr><tr><td><b>Datagennemgang</b></td><td>Match</td></tr><tr><td><b>GPS Nord</b></td><td>54.772049</td></tr><tr><td><b>GPS Øst</b></td><td>11.882703</td></tr><tr><td><b>Placering</b></td><td>Risteperron</td></tr><tr><td><b>Stander</b></td><td>FN26</td></tr><tr><td><b>Kilometrering</b></td><td>146.18</td></tr><tr><td><b>Tilgængelighed</b></td><td>Frit tilgængelig</td></tr><tr><td><b>Idriftsættelsesdato</b></td><td>Mon May 22 2006 00:00:00 GMT+0200 (Central European Summer Time)</td></tr><tr><td><b>Forsyningstavle</b></td><td>027.000.E</td></tr><tr><td><b>Antal spor</b></td><td>2</td></tr><tr><td><b>Antal stik</b></td><td>2</td></tr><tr><td><b>Sporgruppe</b></td><td>40-41</td></tr><tr><td><b>Fremmednetstik type</b></td><td>9300/9800 Powerflex</td></tr><tr><td><b>Note</b></td><td></td></tr>
</table>
]]>
</description>
  <Point>
    <coordinates>11.882703,54.772049,0</coordinates>
  </Point>
</Placemark>

<Placemark>
  <name>10536815</name>
  <styleUrl>#s</styleUrl>
  <description>
<![CDATA[
<table border="1" style="border-collapse:collapse;width:100%">
<tr><td><b>Strækning</b></td><td>21</td></tr><tr><td><b>TIB</b></td><td>2</td></tr><tr><td><b>Navn</b></td><td>Nykøbing F</td></tr><tr><td><b>Forkortelse</b></td><td>Nf</td></tr><tr><td><b>Datagennemgang</b></td><td>Match</td></tr><tr><td><b>GPS Nord</b></td><td>54.773472</td></tr><tr><td><b>GPS Øst</b></td><td>11.883516</td></tr><tr><td><b>Placering</b></td><td>Risteperron</td></tr><tr><td><b>Stander</b></td><td>FN19</td></tr><tr><td><b>Kilometrering</b></td><td>146.1</td></tr><tr><td><b>Tilgængelighed</b></td><td>Frit tilgængelig</td></tr><tr><td><b>Idriftsættelsesdato</b></td><td>Tue May 23 2006 00:00:00 GMT+0200 (Central European Summer Time)</td></tr><tr><td><b>Forsyningstavle</b></td><td>027.000.E</td></tr><tr><td><b>Antal spor</b></td><td>2</td></tr><tr><td><b>Antal stik</b></td><td>2</td></tr><tr><td><b>Sporgruppe</b></td><td>40-41</td></tr><tr><td><b>Fremmednetstik type</b></td><td>9300/9800 Powerflex</td></tr><tr><td><b>Note</b></td><td></td></tr>
</table>
]]>
</description>
  <Point>
    <coordinates>11.883516,54.773472,0</coordinates>
  </Point>
</Placemark>

<Placemark>
  <name>10536816</name>
  <styleUrl>#s</styleUrl>
  <description>
<![CDATA[
<table border="1" style="border-collapse:collapse;width:100%">
<tr><td><b>Strækning</b></td><td>21</td></tr><tr><td><b>TIB</b></td><td>2</td></tr><tr><td><b>Navn</b></td><td>Nykøbing F</td></tr><tr><td><b>Forkortelse</b></td><td>Nf</td></tr><tr><td><b>Datagennemgang</b></td><td>Match</td></tr><tr><td><b>GPS Nord</b></td><td>54.772247</td></tr><tr><td><b>GPS Øst</b></td><td>11.882841</td></tr><tr><td><b>Placering</b></td><td>Risteperron</td></tr><tr><td><b>Stander</b></td><td>FN25</td></tr><tr><td><b>Kilometrering</b></td><td>146.17</td></tr><tr><td><b>Tilgængelighed</b></td><td>Frit tilgængelig</td></tr><tr><td><b>Idriftsættelsesdato</b></td><td>Wed May 24 2006 00:00:00 GMT+0200 (Central European Summer Time)</td></tr><tr><td><b>Forsyningstavle</b></td><td>027.000.E</td></tr><tr><td><b>Antal spor</b></td><td>2</td></tr><tr><td><b>Antal stik</b></td><td>2</td></tr><tr><td><b>Sporgruppe</b></td><td>40-41</td></tr><tr><td><b>Fremmednetstik type</b></td><td>9300/9800 Powerflex</td></tr><tr><td><b>Note</b></td><td></td></tr>
</table>
]]>
</description>
  <Point>
    <coordinates>11.882841,54.772247,0</coordinates>
  </Point>
</Placemark>

<Placemark>
  <name>10536817</name>
  <styleUrl>#s</styleUrl>
  <description>
<![CDATA[
<table border="1" style="border-collapse:collapse;width:100%">
<tr><td><b>Strækning</b></td><td>21</td></tr><tr><td><b>TIB</b></td><td>2</td></tr><tr><td><b>Navn</b></td><td>Nykøbing F</td></tr><tr><td><b>Forkortelse</b></td><td>Nf</td></tr><tr><td><b>Datagennemgang</b></td><td>Match</td></tr><tr><td><b>GPS Nord</b></td><td>54.772449</td></tr><tr><td><b>GPS Øst</b></td><td>11.882975</td></tr><tr><td><b>Placering</b></td><td>Risteperron</td></tr><tr><td><b>Stander</b></td><td>FN24</td></tr><tr><td><b>Kilometrering</b></td><td>146.12</td></tr><tr><td><b>Tilgængelighed</b></td><td>Frit tilgængelig</td></tr><tr><td><b>Idriftsættelsesdato</b></td><td>Thu May 25 2006 00:00:00 GMT+0200 (Central European Summer Time)</td></tr><tr><td><b>Forsyningstavle</b></td><td>027.000.E</td></tr><tr><td><b>Antal spor</b></td><td>2</td></tr><tr><td><b>Antal stik</b></td><td>2</td></tr><tr><td><b>Sporgruppe</b></td><td>40-41</td></tr><tr><td><b>Fremmednetstik type</b></td><td>9300/9800 Powerflex</td></tr><tr><td><b>Note</b></td><td></td></tr>
</table>
]]>
</description>
  <Point>
    <coordinates>11.882975,54.772449,0</coordinates>
  </Point>
</Placemark>

<Placemark>
  <name>10536818</name>
  <styleUrl>#s</styleUrl>
  <description>
<![CDATA[
<table border="1" style="border-collapse:collapse;width:100%">
<tr><td><b>Strækning</b></td><td>21</td></tr><tr><td><b>TIB</b></td><td>2</td></tr><tr><td><b>Navn</b></td><td>Nykøbing F</td></tr><tr><td><b>Forkortelse</b></td><td>Nf</td></tr><tr><td><b>Datagennemgang</b></td><td>Match</td></tr><tr><td><b>GPS Nord</b></td><td>54.773277</td></tr><tr><td><b>GPS Øst</b></td><td>11.883471</td></tr><tr><td><b>Placering</b></td><td>Risteperron</td></tr><tr><td><b>Stander</b></td><td>FN20</td></tr><tr><td><b>Kilometrering</b></td><td>146.02</td></tr><tr><td><b>Tilgængelighed</b></td><td>Frit tilgængelig</td></tr><tr><td><b>Idriftsættelsesdato</b></td><td>Fri May 26 2006 00:00:00 GMT+0200 (Central European Summer Time)</td></tr><tr><td><b>Forsyningstavle</b></td><td>027.000.E</td></tr><tr><td><b>Antal spor</b></td><td>2</td></tr><tr><td><b>Antal stik</b></td><td>2</td></tr><tr><td><b>Sporgruppe</b></td><td>40-41</td></tr><tr><td><b>Fremmednetstik type</b></td><td>9300/9800 Powerflex</td></tr><tr><td><b>Note</b></td><td></td></tr>
</table>
]]>
</description>
  <Point>
    <coordinates>11.883471,54.773277,0</coordinates>
  </Point>
</Placemark>

<Placemark>
  <name>10536819</name>
  <styleUrl>#s</styleUrl>
  <description>
<![CDATA[
<table border="1" style="border-collapse:collapse;width:100%">
<tr><td><b>Strækning</b></td><td>21</td></tr><tr><td><b>TIB</b></td><td>2</td></tr><tr><td><b>Navn</b></td><td>Nykøbing F</td></tr><tr><td><b>Forkortelse</b></td><td>Nf</td></tr><tr><td><b>Datagennemgang</b></td><td>Match</td></tr><tr><td><b>GPS Nord</b></td><td>54.772648</td></tr><tr><td><b>GPS Øst</b></td><td>11.883103</td></tr><tr><td><b>Placering</b></td><td>Risteperron</td></tr><tr><td><b>Stander</b></td><td>FN23</td></tr><tr><td><b>Kilometrering</b></td><td>146.1</td></tr><tr><td><b>Tilgængelighed</b></td><td>Frit tilgængelig</td></tr><tr><td><b>Idriftsættelsesdato</b></td><td>Sat May 27 2006 00:00:00 GMT+0200 (Central European Summer Time)</td></tr><tr><td><b>Forsyningstavle</b></td><td>027.000.E</td></tr><tr><td><b>Antal spor</b></td><td>2</td></tr><tr><td><b>Antal stik</b></td><td>2</td></tr><tr><td><b>Sporgruppe</b></td><td>40-41</td></tr><tr><td><b>Fremmednetstik type</b></td><td>9300/9800 Powerflex</td></tr><tr><td><b>Note</b></td><td></td></tr>
</table>
]]>
</description>
  <Point>
    <coordinates>11.883103,54.772648,0</coordinates>
  </Point>
</Placemark>

<Placemark>
  <name>10536820</name>
  <styleUrl>#s</styleUrl>
  <description>
<![CDATA[
<table border="1" style="border-collapse:collapse;width:100%">
<tr><td><b>Strækning</b></td><td>21</td></tr><tr><td><b>TIB</b></td><td>2</td></tr><tr><td><b>Navn</b></td><td>Nykøbing F</td></tr><tr><td><b>Forkortelse</b></td><td>Nf</td></tr><tr><td><b>Datagennemgang</b></td><td>Match</td></tr><tr><td><b>GPS Nord</b></td><td>54.773048</td></tr><tr><td><b>GPS Øst</b></td><td>11.883408</td></tr><tr><td><b>Placering</b></td><td>Risteperron</td></tr><tr><td><b>Stander</b></td><td>FN21</td></tr><tr><td><b>Kilometrering</b></td><td>146.05</td></tr><tr><td><b>Tilgængelighed</b></td><td>Frit tilgængelig</td></tr><tr><td><b>Idriftsættelsesdato</b></td><td>Sun May 28 2006 00:00:00 GMT+0200 (Central European Summer Time)</td></tr><tr><td><b>Forsyningstavle</b></td><td>027.000.E</td></tr><tr><td><b>Antal spor</b></td><td>2</td></tr><tr><td><b>Antal stik</b></td><td>2</td></tr><tr><td><b>Sporgruppe</b></td><td>40-41</td></tr><tr><td><b>Fremmednetstik type</b></td><td>9300/9800 Powerflex</td></tr><tr><td><b>Note</b></td><td></td></tr>
</table>
]]>
</description>
  <Point>
    <coordinates>11.883408,54.773048,0</coordinates>
  </Point>
</Placemark>

<Placemark>
  <name>10536821</name>
  <styleUrl>#s</styleUrl>
  <description>
<![CDATA[
<table border="1" style="border-collapse:collapse;width:100%">
<tr><td><b>Strækning</b></td><td>21</td></tr><tr><td><b>TIB</b></td><td>2</td></tr><tr><td><b>Navn</b></td><td>Nykøbing F</td></tr><tr><td><b>Forkortelse</b></td><td>Nf</td></tr><tr><td><b>Datagennemgang</b></td><td>Match</td></tr><tr><td><b>GPS Nord</b></td><td>54.77285</td></tr><tr><td><b>GPS Øst</b></td><td>11.883236</td></tr><tr><td><b>Placering</b></td><td>Risteperron</td></tr><tr><td><b>Stander</b></td><td>FN22</td></tr><tr><td><b>Kilometrering</b></td><td>146.09</td></tr><tr><td><b>Tilgængelighed</b></td><td>Frit tilgængelig</td></tr><tr><td><b>Idriftsættelsesdato</b></td><td>Mon May 29 2006 00:00:00 GMT+0200 (Central European Summer Time)</td></tr><tr><td><b>Forsyningstavle</b></td><td>027.000.E</td></tr><tr><td><b>Antal spor</b></td><td>2</td></tr><tr><td><b>Antal stik</b></td><td>2</td></tr><tr><td><b>Sporgruppe</b></td><td>40-41</td></tr><tr><td><b>Fremmednetstik type</b></td><td>9300/9800 Powerflex</td></tr><tr><td><b>Note</b></td><td></td></tr>
</table>
]]>
</description>
  <Point>
    <coordinates>11.883236,54.77285,0</coordinates>
  </Point>
</Placemark>

<Placemark>
  <name>10536822</name>
  <styleUrl>#s</styleUrl>
  <description>
<![CDATA[
<table border="1" style="border-collapse:collapse;width:100%">
<tr><td><b>Strækning</b></td><td>21</td></tr><tr><td><b>TIB</b></td><td>2</td></tr><tr><td><b>Navn</b></td><td>Nykøbing F</td></tr><tr><td><b>Forkortelse</b></td><td>Nf</td></tr><tr><td><b>Datagennemgang</b></td><td>Match</td></tr><tr><td><b>GPS Nord</b></td><td>54.7728</td></tr><tr><td><b>GPS Øst</b></td><td>11.883414</td></tr><tr><td><b>Placering</b></td><td>Risteperron</td></tr><tr><td><b>Stander</b></td><td>FN10</td></tr><tr><td><b>Kilometrering</b></td><td>146.09</td></tr><tr><td><b>Tilgængelighed</b></td><td>Frit tilgængelig</td></tr><tr><td><b>Idriftsættelsesdato</b></td><td>Tue May 30 2006 00:00:00 GMT+0200 (Central European Summer Time)</td></tr><tr><td><b>Forsyningstavle</b></td><td>027.000.E</td></tr><tr><td><b>Antal spor</b></td><td>2</td></tr><tr><td><b>Antal stik</b></td><td>2</td></tr><tr><td><b>Sporgruppe</b></td><td>42-43</td></tr><tr><td><b>Fremmednetstik type</b></td><td>9300/9800 Powerflex</td></tr><tr><td><b>Note</b></td><td></td></tr>
</table>
]]>
</description>
  <Point>
    <coordinates>11.883414,54.7728,0</coordinates>
  </Point>
</Placemark>

<Placemark>
  <name>10536823</name>
  <styleUrl>#s</styleUrl>
  <description>
<![CDATA[
<table border="1" style="border-collapse:collapse;width:100%">
<tr><td><b>Strækning</b></td><td>21</td></tr><tr><td><b>TIB</b></td><td>2</td></tr><tr><td><b>Navn</b></td><td>Nykøbing F</td></tr><tr><td><b>Forkortelse</b></td><td>Nf</td></tr><tr><td><b>Datagennemgang</b></td><td>Match</td></tr><tr><td><b>GPS Nord</b></td><td>54.772629</td></tr><tr><td><b>GPS Øst</b></td><td>11.8834</td></tr><tr><td><b>Placering</b></td><td>Risteperron</td></tr><tr><td><b>Stander</b></td><td>FN1</td></tr><tr><td><b>Kilometrering</b></td><td>146.095</td></tr><tr><td><b>Tilgængelighed</b></td><td>Frit tilgængelig</td></tr><tr><td><b>Idriftsættelsesdato</b></td><td>Wed May 31 2006 00:00:00 GMT+0200 (Central European Summer Time)</td></tr><tr><td><b>Forsyningstavle</b></td><td>027.000.E</td></tr><tr><td><b>Antal spor</b></td><td>2</td></tr><tr><td><b>Antal stik</b></td><td>2</td></tr><tr><td><b>Sporgruppe</b></td><td>44-45</td></tr><tr><td><b>Fremmednetstik type</b></td><td>9300/9800 Powerflex</td></tr><tr><td><b>Note</b></td><td></td></tr>
</table>
]]>
</description>
  <Point>
    <coordinates>11.8834,54.772629,0</coordinates>
  </Point>
</Placemark>

<Placemark>
  <name>10536824</name>
  <styleUrl>#s</styleUrl>
  <description>
<![CDATA[
<table border="1" style="border-collapse:collapse;width:100%">
<tr><td><b>Strækning</b></td><td>21</td></tr><tr><td><b>TIB</b></td><td>2</td></tr><tr><td><b>Navn</b></td><td>Nykøbing F</td></tr><tr><td><b>Forkortelse</b></td><td>Nf</td></tr><tr><td><b>Datagennemgang</b></td><td>Match</td></tr><tr><td><b>GPS Nord</b></td><td>54.772427</td></tr><tr><td><b>GPS Øst</b></td><td>11.88329</td></tr><tr><td><b>Placering</b></td><td>Risteperron</td></tr><tr><td><b>Stander</b></td><td>FN2</td></tr><tr><td><b>Kilometrering</b></td><td>146.12</td></tr><tr><td><b>Tilgængelighed</b></td><td>Frit tilgængelig</td></tr><tr><td><b>Idriftsættelsesdato</b></td><td>Thu Jun 01 2006 00:00:00 GMT+0200 (Central European Summer Time)</td></tr><tr><td><b>Forsyningstavle</b></td><td>027.000.E</td></tr><tr><td><b>Antal spor</b></td><td>2</td></tr><tr><td><b>Antal stik</b></td><td>2</td></tr><tr><td><b>Sporgruppe</b></td><td>44-45</td></tr><tr><td><b>Fremmednetstik type</b></td><td>9300/9800 Powerflex</td></tr><tr><td><b>Note</b></td><td></td></tr>
</table>
]]>
</description>
  <Point>
    <coordinates>11.88329,54.772427,0</coordinates>
  </Point>
</Placemark>

<Placemark>
  <name>10536825</name>
  <styleUrl>#s</styleUrl>
  <description>
<![CDATA[
<table border="1" style="border-collapse:collapse;width:100%">
<tr><td><b>Strækning</b></td><td>21</td></tr><tr><td><b>TIB</b></td><td>2</td></tr><tr><td><b>Navn</b></td><td>Nykøbing F</td></tr><tr><td><b>Forkortelse</b></td><td>Nf</td></tr><tr><td><b>Datagennemgang</b></td><td>Match</td></tr><tr><td><b>GPS Nord</b></td><td>54.772625</td></tr><tr><td><b>GPS Øst</b></td><td>11.883272</td></tr><tr><td><b>Placering</b></td><td>Risteperron</td></tr><tr><td><b>Stander</b></td><td>FN11</td></tr><tr><td><b>Kilometrering</b></td><td>146.1</td></tr><tr><td><b>Tilgængelighed</b></td><td>Frit tilgængelig</td></tr><tr><td><b>Idriftsættelsesdato</b></td><td>Fri Jun 02 2006 00:00:00 GMT+0200 (Central European Summer Time)</td></tr><tr><td><b>Forsyningstavle</b></td><td>027.000.E</td></tr><tr><td><b>Antal spor</b></td><td>2</td></tr><tr><td><b>Antal stik</b></td><td>2</td></tr><tr><td><b>Sporgruppe</b></td><td>42-43</td></tr><tr><td><b>Fremmednetstik type</b></td><td>9300/9800 Powerflex</td></tr><tr><td><b>Note</b></td><td></td></tr>
</table>
]]>
</description>
  <Point>
    <coordinates>11.883272,54.772625,0</coordinates>
  </Point>
</Placemark>

<Placemark>
  <name>10536826</name>
  <styleUrl>#s</styleUrl>
  <description>
<![CDATA[
<table border="1" style="border-collapse:collapse;width:100%">
<tr><td><b>Strækning</b></td><td>21</td></tr><tr><td><b>TIB</b></td><td>2</td></tr><tr><td><b>Navn</b></td><td>Nykøbing F</td></tr><tr><td><b>Forkortelse</b></td><td>Nf</td></tr><tr><td><b>Datagennemgang</b></td><td>Match</td></tr><tr><td><b>GPS Nord</b></td><td>54.772228</td></tr><tr><td><b>GPS Øst</b></td><td>11.883158</td></tr><tr><td><b>Placering</b></td><td>Risteperron</td></tr><tr><td><b>Stander</b></td><td>FN3</td></tr><tr><td><b>Kilometrering</b></td><td>146.13</td></tr><tr><td><b>Tilgængelighed</b></td><td>Frit tilgængelig</td></tr><tr><td><b>Idriftsættelsesdato</b></td><td>Sat Jun 03 2006 00:00:00 GMT+0200 (Central European Summer Time)</td></tr><tr><td><b>Forsyningstavle</b></td><td>027.000.E</td></tr><tr><td><b>Antal spor</b></td><td>2</td></tr><tr><td><b>Antal stik</b></td><td>2</td></tr><tr><td><b>Sporgruppe</b></td><td>44-45</td></tr><tr><td><b>Fremmednetstik type</b></td><td>9300/9800 Powerflex</td></tr><tr><td><b>Note</b></td><td></td></tr>
</table>
]]>
</description>
  <Point>
    <coordinates>11.883158,54.772228,0</coordinates>
  </Point>
</Placemark>

<Placemark>
  <name>10536827</name>
  <styleUrl>#s</styleUrl>
  <description>
<![CDATA[
<table border="1" style="border-collapse:collapse;width:100%">
<tr><td><b>Strækning</b></td><td>21</td></tr><tr><td><b>TIB</b></td><td>2</td></tr><tr><td><b>Navn</b></td><td>Nykøbing F</td></tr><tr><td><b>Forkortelse</b></td><td>Nf</td></tr><tr><td><b>Datagennemgang</b></td><td>Match</td></tr><tr><td><b>GPS Nord</b></td><td>54.772415</td></tr><tr><td><b>GPS Øst</b></td><td>11.883108</td></tr><tr><td><b>Placering</b></td><td>Risteperron</td></tr><tr><td><b>Stander</b></td><td>FN12</td></tr><tr><td><b>Kilometrering</b></td><td>146.12</td></tr><tr><td><b>Tilgængelighed</b></td><td>Frit tilgængelig</td></tr><tr><td><b>Idriftsættelsesdato</b></td><td>Sun Jun 04 2006 00:00:00 GMT+0200 (Central European Summer Time)</td></tr><tr><td><b>Forsyningstavle</b></td><td>027.000.E</td></tr><tr><td><b>Antal spor</b></td><td>2</td></tr><tr><td><b>Antal stik</b></td><td>2</td></tr><tr><td><b>Sporgruppe</b></td><td>42-43</td></tr><tr><td><b>Fremmednetstik type</b></td><td>9300/9800 Powerflex</td></tr><tr><td><b>Note</b></td><td></td></tr>
</table>
]]>
</description>
  <Point>
    <coordinates>11.883108,54.772415,0</coordinates>
  </Point>
</Placemark>

<Placemark>
  <name>10536828</name>
  <styleUrl>#s</styleUrl>
  <description>
<![CDATA[
<table border="1" style="border-collapse:collapse;width:100%">
<tr><td><b>Strækning</b></td><td>21</td></tr><tr><td><b>TIB</b></td><td>2</td></tr><tr><td><b>Navn</b></td><td>Nykøbing F</td></tr><tr><td><b>Forkortelse</b></td><td>Nf</td></tr><tr><td><b>Datagennemgang</b></td><td>Match</td></tr><tr><td><b>GPS Nord</b></td><td>54.77203</td></tr><tr><td><b>GPS Øst</b></td><td>11.883019</td></tr><tr><td><b>Placering</b></td><td>Risteperron</td></tr><tr><td><b>Stander</b></td><td>FN4</td></tr><tr><td><b>Kilometrering</b></td><td>146.18</td></tr><tr><td><b>Tilgængelighed</b></td><td>Frit tilgængelig</td></tr><tr><td><b>Idriftsættelsesdato</b></td><td>Mon Jun 05 2006 00:00:00 GMT+0200 (Central European Summer Time)</td></tr><tr><td><b>Forsyningstavle</b></td><td>027.000.E</td></tr><tr><td><b>Antal spor</b></td><td>2</td></tr><tr><td><b>Antal stik</b></td><td>2</td></tr><tr><td><b>Sporgruppe</b></td><td>44-45</td></tr><tr><td><b>Fremmednetstik type</b></td><td>9300/9800 Powerflex</td></tr><tr><td><b>Note</b></td><td></td></tr>
</table>
]]>
</description>
  <Point>
    <coordinates>11.883019,54.77203,0</coordinates>
  </Point>
</Placemark>

<Placemark>
  <name>10536829</name>
  <styleUrl>#s</styleUrl>
  <description>
<![CDATA[
<table border="1" style="border-collapse:collapse;width:100%">
<tr><td><b>Strækning</b></td><td>21</td></tr><tr><td><b>TIB</b></td><td>2</td></tr><tr><td><b>Navn</b></td><td>Nykøbing F</td></tr><tr><td><b>Forkortelse</b></td><td>Nf</td></tr><tr><td><b>Datagennemgang</b></td><td>Match</td></tr><tr><td><b>GPS Nord</b></td><td>54.772213</td></tr><tr><td><b>GPS Øst</b></td><td>11.882943</td></tr><tr><td><b>Placering</b></td><td>Risteperron</td></tr><tr><td><b>Stander</b></td><td>FN13</td></tr><tr><td><b>Kilometrering</b></td><td>146.15</td></tr><tr><td><b>Tilgængelighed</b></td><td>Frit tilgængelig</td></tr><tr><td><b>Idriftsættelsesdato</b></td><td>Tue Jun 06 2006 00:00:00 GMT+0200 (Central European Summer Time)</td></tr><tr><td><b>Forsyningstavle</b></td><td>027.000.E</td></tr><tr><td><b>Antal spor</b></td><td>2</td></tr><tr><td><b>Antal stik</b></td><td>2</td></tr><tr><td><b>Sporgruppe</b></td><td>42-43</td></tr><tr><td><b>Fremmednetstik type</b></td><td>9300/9800 Powerflex</td></tr><tr><td><b>Note</b></td><td></td></tr>
</table>
]]>
</description>
  <Point>
    <coordinates>11.882943,54.772213,0</coordinates>
  </Point>
</Placemark>

<Placemark>
  <name>10536830</name>
  <styleUrl>#s</styleUrl>
  <description>
<![CDATA[
<table border="1" style="border-collapse:collapse;width:100%">
<tr><td><b>Strækning</b></td><td>21</td></tr><tr><td><b>TIB</b></td><td>2</td></tr><tr><td><b>Navn</b></td><td>Nykøbing F</td></tr><tr><td><b>Forkortelse</b></td><td>Nf</td></tr><tr><td><b>Datagennemgang</b></td><td>Match</td></tr><tr><td><b>GPS Nord</b></td><td>54.771828</td></tr><tr><td><b>GPS Øst</b></td><td>11.882877</td></tr><tr><td><b>Placering</b></td><td>Risteperron</td></tr><tr><td><b>Stander</b></td><td>FN5</td></tr><tr><td><b>Kilometrering</b></td><td>146.195</td></tr><tr><td><b>Tilgængelighed</b></td><td>Frit tilgængelig</td></tr><tr><td><b>Idriftsættelsesdato</b></td><td>Wed Jun 07 2006 00:00:00 GMT+0200 (Central European Summer Time)</td></tr><tr><td><b>Forsyningstavle</b></td><td>027.000.E</td></tr><tr><td><b>Antal spor</b></td><td>2</td></tr><tr><td><b>Antal stik</b></td><td>2</td></tr><tr><td><b>Sporgruppe</b></td><td>44-45</td></tr><tr><td><b>Fremmednetstik type</b></td><td>9300/9800 Powerflex</td></tr><tr><td><b>Note</b></td><td></td></tr>
</table>
]]>
</description>
  <Point>
    <coordinates>11.882877,54.771828,0</coordinates>
  </Point>
</Placemark>

<Placemark>
  <name>10536831</name>
  <styleUrl>#s</styleUrl>
  <description>
<![CDATA[
<table border="1" style="border-collapse:collapse;width:100%">
<tr><td><b>Strækning</b></td><td>21</td></tr><tr><td><b>TIB</b></td><td>2</td></tr><tr><td><b>Navn</b></td><td>Nykøbing F</td></tr><tr><td><b>Forkortelse</b></td><td>Nf</td></tr><tr><td><b>Datagennemgang</b></td><td>Match</td></tr><tr><td><b>GPS Nord</b></td><td>54.771973</td></tr><tr><td><b>GPS Øst</b></td><td>11.882818</td></tr><tr><td><b>Placering</b></td><td>Risteperron</td></tr><tr><td><b>Stander</b></td><td>FN14</td></tr><tr><td><b>Kilometrering</b></td><td>146.18</td></tr><tr><td><b>Tilgængelighed</b></td><td>Frit tilgængelig</td></tr><tr><td><b>Idriftsættelsesdato</b></td><td>Thu Jun 08 2006 00:00:00 GMT+0200 (Central European Summer Time)</td></tr><tr><td><b>Forsyningstavle</b></td><td>027.000.E</td></tr><tr><td><b>Antal spor</b></td><td>2</td></tr><tr><td><b>Antal stik</b></td><td>2</td></tr><tr><td><b>Sporgruppe</b></td><td>42-43</td></tr><tr><td><b>Fremmednetstik type</b></td><td>9300/9800 Powerflex</td></tr><tr><td><b>Note</b></td><td></td></tr>
</table>
]]>
</description>
  <Point>
    <coordinates>11.882818,54.771973,0</coordinates>
  </Point>
</Placemark>

<Placemark>
  <name>10536832</name>
  <styleUrl>#s</styleUrl>
  <description>
<![CDATA[
<table border="1" style="border-collapse:collapse;width:100%">
<tr><td><b>Strækning</b></td><td>21</td></tr><tr><td><b>TIB</b></td><td>2</td></tr><tr><td><b>Navn</b></td><td>Nykøbing F</td></tr><tr><td><b>Forkortelse</b></td><td>Nf</td></tr><tr><td><b>Datagennemgang</b></td><td>Match</td></tr><tr><td><b>GPS Nord</b></td><td>54.771626</td></tr><tr><td><b>GPS Øst</b></td><td>11.882725</td></tr><tr><td><b>Placering</b></td><td>Risteperron</td></tr><tr><td><b>Stander</b></td><td>FN6</td></tr><tr><td><b>Kilometrering</b></td><td>146.21</td></tr><tr><td><b>Tilgængelighed</b></td><td>Frit tilgængelig</td></tr><tr><td><b>Idriftsættelsesdato</b></td><td>Fri Jun 09 2006 00:00:00 GMT+0200 (Central European Summer Time)</td></tr><tr><td><b>Forsyningstavle</b></td><td>027.000.E</td></tr><tr><td><b>Antal spor</b></td><td>2</td></tr><tr><td><b>Antal stik</b></td><td>2</td></tr><tr><td><b>Sporgruppe</b></td><td>44-45</td></tr><tr><td><b>Fremmednetstik type</b></td><td>9300/9800 Powerflex</td></tr><tr><td><b>Note</b></td><td></td></tr>
</table>
]]>
</description>
  <Point>
    <coordinates>11.882725,54.771626,0</coordinates>
  </Point>
</Placemark>

<Placemark>
  <name>10536833</name>
  <styleUrl>#s</styleUrl>
  <description>
<![CDATA[
<table border="1" style="border-collapse:collapse;width:100%">
<tr><td><b>Strækning</b></td><td>21</td></tr><tr><td><b>TIB</b></td><td>2</td></tr><tr><td><b>Navn</b></td><td>Nykøbing F</td></tr><tr><td><b>Forkortelse</b></td><td>Nf</td></tr><tr><td><b>Datagennemgang</b></td><td>Match</td></tr><tr><td><b>GPS Nord</b></td><td>54.771835</td></tr><tr><td><b>GPS Øst</b></td><td>11.882704</td></tr><tr><td><b>Placering</b></td><td>Risteperron</td></tr><tr><td><b>Stander</b></td><td>FN15</td></tr><tr><td><b>Kilometrering</b></td><td>146.195</td></tr><tr><td><b>Tilgængelighed</b></td><td>Frit tilgængelig</td></tr><tr><td><b>Idriftsættelsesdato</b></td><td>Sat Jun 10 2006 00:00:00 GMT+0200 (Central European Summer Time)</td></tr><tr><td><b>Forsyningstavle</b></td><td>027.000.E</td></tr><tr><td><b>Antal spor</b></td><td>2</td></tr><tr><td><b>Antal stik</b></td><td>2</td></tr><tr><td><b>Sporgruppe</b></td><td>42-43</td></tr><tr><td><b>Fremmednetstik type</b></td><td>9300/9800 Powerflex</td></tr><tr><td><b>Note</b></td><td></td></tr>
</table>
]]>
</description>
  <Point>
    <coordinates>11.882704,54.771835,0</coordinates>
  </Point>
</Placemark>

<Placemark>
  <name>10536834</name>
  <styleUrl>#s</styleUrl>
  <description>
<![CDATA[
<table border="1" style="border-collapse:collapse;width:100%">
<tr><td><b>Strækning</b></td><td>21</td></tr><tr><td><b>TIB</b></td><td>2</td></tr><tr><td><b>Navn</b></td><td>Nykøbing F</td></tr><tr><td><b>Forkortelse</b></td><td>Nf</td></tr><tr><td><b>Datagennemgang</b></td><td>Match</td></tr><tr><td><b>GPS Nord</b></td><td>54.771435</td></tr><tr><td><b>GPS Øst</b></td><td>11.882575</td></tr><tr><td><b>Placering</b></td><td>Risteperron</td></tr><tr><td><b>Stander</b></td><td>FN7</td></tr><tr><td><b>Kilometrering</b></td><td>146.235</td></tr><tr><td><b>Tilgængelighed</b></td><td>Frit tilgængelig</td></tr><tr><td><b>Idriftsættelsesdato</b></td><td>Sun Jun 11 2006 00:00:00 GMT+0200 (Central European Summer Time)</td></tr><tr><td><b>Forsyningstavle</b></td><td>027.000.E</td></tr><tr><td><b>Antal spor</b></td><td>2</td></tr><tr><td><b>Antal stik</b></td><td>2</td></tr><tr><td><b>Sporgruppe</b></td><td>44-45</td></tr><tr><td><b>Fremmednetstik type</b></td><td>9300/9800 Powerflex</td></tr><tr><td><b>Note</b></td><td></td></tr>
</table>
]]>
</description>
  <Point>
    <coordinates>11.882575,54.771435,0</coordinates>
  </Point>
</Placemark>

<Placemark>
  <name>10536835</name>
  <styleUrl>#s</styleUrl>
  <description>
<![CDATA[
<table border="1" style="border-collapse:collapse;width:100%">
<tr><td><b>Strækning</b></td><td>21</td></tr><tr><td><b>TIB</b></td><td>2</td></tr><tr><td><b>Navn</b></td><td>Nykøbing F</td></tr><tr><td><b>Forkortelse</b></td><td>Nf</td></tr><tr><td><b>Datagennemgang</b></td><td>Match</td></tr><tr><td><b>GPS Nord</b></td><td>54.771633</td></tr><tr><td><b>GPS Øst</b></td><td>11.882535</td></tr><tr><td><b>Placering</b></td><td>Risteperron</td></tr><tr><td><b>Stander</b></td><td>FN16</td></tr><tr><td><b>Kilometrering</b></td><td>146.22</td></tr><tr><td><b>Tilgængelighed</b></td><td>Frit tilgængelig</td></tr><tr><td><b>Idriftsættelsesdato</b></td><td>Mon Jun 12 2006 00:00:00 GMT+0200 (Central European Summer Time)</td></tr><tr><td><b>Forsyningstavle</b></td><td>027.000.E</td></tr><tr><td><b>Antal spor</b></td><td>2</td></tr><tr><td><b>Antal stik</b></td><td>2</td></tr><tr><td><b>Sporgruppe</b></td><td>42-43</td></tr><tr><td><b>Fremmednetstik type</b></td><td>9300/9800 Powerflex</td></tr><tr><td><b>Note</b></td><td></td></tr>
</table>
]]>
</description>
  <Point>
    <coordinates>11.882535,54.771633,0</coordinates>
  </Point>
</Placemark>

<Placemark>
  <name>10536836</name>
  <styleUrl>#s</styleUrl>
  <description>
<![CDATA[
<table border="1" style="border-collapse:collapse;width:100%">
<tr><td><b>Strækning</b></td><td>21</td></tr><tr><td><b>TIB</b></td><td>2</td></tr><tr><td><b>Navn</b></td><td>Nykøbing F</td></tr><tr><td><b>Forkortelse</b></td><td>Nf</td></tr><tr><td><b>Datagennemgang</b></td><td>Match</td></tr><tr><td><b>GPS Nord</b></td><td>54.77124</td></tr><tr><td><b>GPS Øst</b></td><td>11.882397</td></tr><tr><td><b>Placering</b></td><td>Risteperron</td></tr><tr><td><b>Stander</b></td><td>FN8</td></tr><tr><td><b>Kilometrering</b></td><td>146.26</td></tr><tr><td><b>Tilgængelighed</b></td><td>Frit tilgængelig</td></tr><tr><td><b>Idriftsættelsesdato</b></td><td>Tue Jun 13 2006 00:00:00 GMT+0200 (Central European Summer Time)</td></tr><tr><td><b>Forsyningstavle</b></td><td>027.000.E</td></tr><tr><td><b>Antal spor</b></td><td>2</td></tr><tr><td><b>Antal stik</b></td><td>2</td></tr><tr><td><b>Sporgruppe</b></td><td>44-45</td></tr><tr><td><b>Fremmednetstik type</b></td><td>9300/9800 Powerflex</td></tr><tr><td><b>Note</b></td><td></td></tr>
</table>
]]>
</description>
  <Point>
    <coordinates>11.882397,54.77124,0</coordinates>
  </Point>
</Placemark>

<Placemark>
  <name>10536837</name>
  <styleUrl>#s</styleUrl>
  <description>
<![CDATA[
<table border="1" style="border-collapse:collapse;width:100%">
<tr><td><b>Strækning</b></td><td>21</td></tr><tr><td><b>TIB</b></td><td>2</td></tr><tr><td><b>Navn</b></td><td>Nykøbing F</td></tr><tr><td><b>Forkortelse</b></td><td>Nf</td></tr><tr><td><b>Datagennemgang</b></td><td>Match</td></tr><tr><td><b>GPS Nord</b></td><td>54.771442</td></tr><tr><td><b>GPS Øst</b></td><td>11.882377</td></tr><tr><td><b>Placering</b></td><td>Risteperron</td></tr><tr><td><b>Stander</b></td><td>FN 17</td></tr><tr><td><b>Kilometrering</b></td><td>146.23</td></tr><tr><td><b>Tilgængelighed</b></td><td>Frit tilgængelig</td></tr><tr><td><b>Idriftsættelsesdato</b></td><td>Wed Jun 14 2006 00:00:00 GMT+0200 (Central European Summer Time)</td></tr><tr><td><b>Forsyningstavle</b></td><td>027.000.E</td></tr><tr><td><b>Antal spor</b></td><td>2</td></tr><tr><td><b>Antal stik</b></td><td>2</td></tr><tr><td><b>Sporgruppe</b></td><td>42-43</td></tr><tr><td><b>Fremmednetstik type</b></td><td>9300/9800 Powerflex</td></tr><tr><td><b>Note</b></td><td></td></tr>
</table>
]]>
</description>
  <Point>
    <coordinates>11.882377,54.771442,0</coordinates>
  </Point>
</Placemark>

<Placemark>
  <name>10536838</name>
  <styleUrl>#s</styleUrl>
  <description>
<![CDATA[
<table border="1" style="border-collapse:collapse;width:100%">
<tr><td><b>Strækning</b></td><td>21</td></tr><tr><td><b>TIB</b></td><td>2</td></tr><tr><td><b>Navn</b></td><td>Nykøbing F</td></tr><tr><td><b>Forkortelse</b></td><td>Nf</td></tr><tr><td><b>Datagennemgang</b></td><td>Match</td></tr><tr><td><b>GPS Nord</b></td><td>54.771057</td></tr><tr><td><b>GPS Øst</b></td><td>11.882206</td></tr><tr><td><b>Placering</b></td><td>Risteperron</td></tr><tr><td><b>Stander</b></td><td>FN9</td></tr><tr><td><b>Kilometrering</b></td><td>146.29</td></tr><tr><td><b>Tilgængelighed</b></td><td>Frit tilgængelig</td></tr><tr><td><b>Idriftsættelsesdato</b></td><td>Thu Jun 15 2006 00:00:00 GMT+0200 (Central European Summer Time)</td></tr><tr><td><b>Forsyningstavle</b></td><td>027.000.E</td></tr><tr><td><b>Antal spor</b></td><td>2</td></tr><tr><td><b>Antal stik</b></td><td>2</td></tr><tr><td><b>Sporgruppe</b></td><td>44-45</td></tr><tr><td><b>Fremmednetstik type</b></td><td>9300/9800 Powerflex</td></tr><tr><td><b>Note</b></td><td></td></tr>
</table>
]]>
</description>
  <Point>
    <coordinates>11.882206,54.771057,0</coordinates>
  </Point>
</Placemark>

<Placemark>
  <name>10536839</name>
  <styleUrl>#s</styleUrl>
  <description>
<![CDATA[
<table border="1" style="border-collapse:collapse;width:100%">
<tr><td><b>Strækning</b></td><td>21</td></tr><tr><td><b>TIB</b></td><td>2</td></tr><tr><td><b>Navn</b></td><td>Nykøbing F</td></tr><tr><td><b>Forkortelse</b></td><td>Nf</td></tr><tr><td><b>Datagennemgang</b></td><td>Match</td></tr><tr><td><b>GPS Nord</b></td><td>54.771214</td></tr><tr><td><b>GPS Øst</b></td><td>11.882227</td></tr><tr><td><b>Placering</b></td><td>Risteperron</td></tr><tr><td><b>Stander</b></td><td>FN18</td></tr><tr><td><b>Kilometrering</b></td><td>146.28</td></tr><tr><td><b>Tilgængelighed</b></td><td>Frit tilgængelig</td></tr><tr><td><b>Idriftsættelsesdato</b></td><td>Fri Jun 16 2006 00:00:00 GMT+0200 (Central European Summer Time)</td></tr><tr><td><b>Forsyningstavle</b></td><td>027.000.E</td></tr><tr><td><b>Antal spor</b></td><td>2</td></tr><tr><td><b>Antal stik</b></td><td>2</td></tr><tr><td><b>Sporgruppe</b></td><td>42-43</td></tr><tr><td><b>Fremmednetstik type</b></td><td>9300/9800 Powerflex</td></tr><tr><td><b>Note</b></td><td></td></tr>
</table>
]]>
</description>
  <Point>
    <coordinates>11.882227,54.771214,0</coordinates>
  </Point>
</Placemark>

<Placemark>
  <name>10901404</name>
  <styleUrl>#s</styleUrl>
  <description>
<![CDATA[
<table border="1" style="border-collapse:collapse;width:100%">
<tr><td><b>Strækning</b></td><td>21</td></tr><tr><td><b>TIB</b></td><td>2</td></tr><tr><td><b>Navn</b></td><td>Nykøbing F</td></tr><tr><td><b>Forkortelse</b></td><td>Nf</td></tr><tr><td><b>Datagennemgang</b></td><td>Match</td></tr><tr><td><b>GPS Nord</b></td><td>54.7702136</td></tr><tr><td><b>GPS Øst</b></td><td>11.8806547</td></tr><tr><td><b>Placering</b></td><td>Risteperron</td></tr><tr><td><b>Stander</b></td><td>FN3</td></tr><tr><td><b>Kilometrering</b></td><td>146.421</td></tr><tr><td><b>Tilgængelighed</b></td><td>Frit tilgængelig</td></tr><tr><td><b>Idriftsættelsesdato</b></td><td>Fri Jun 02 2006 00:00:00 GMT+0200 (Central European Summer Time)</td></tr><tr><td><b>Forsyningstavle</b></td><td>027.000.C</td></tr><tr><td><b>Antal spor</b></td><td>2</td></tr><tr><td><b>Antal stik</b></td><td>2</td></tr><tr><td><b>Sporgruppe</b></td><td>14/30</td></tr><tr><td><b>Fremmednetstik type</b></td><td>9300/9800 Powerflex</td></tr><tr><td><b>Note</b></td><td></td></tr>
</table>
]]>
</description>
  <Point>
    <coordinates>11.8806547,54.7702136,0</coordinates>
  </Point>
</Placemark>

<Placemark>
  <name>10901405</name>
  <styleUrl>#s</styleUrl>
  <description>
<![CDATA[
<table border="1" style="border-collapse:collapse;width:100%">
<tr><td><b>Strækning</b></td><td>21</td></tr><tr><td><b>TIB</b></td><td>2</td></tr><tr><td><b>Navn</b></td><td>Nykøbing F</td></tr><tr><td><b>Forkortelse</b></td><td>Nf</td></tr><tr><td><b>Datagennemgang</b></td><td>Match</td></tr><tr><td><b>GPS Nord</b></td><td>54.7701497</td></tr><tr><td><b>GPS Øst</b></td><td>11.8806054</td></tr><tr><td><b>Placering</b></td><td>Risteperron</td></tr><tr><td><b>Stander</b></td><td>FN4</td></tr><tr><td><b>Kilometrering</b></td><td>146.428</td></tr><tr><td><b>Tilgængelighed</b></td><td>Frit tilgængelig</td></tr><tr><td><b>Idriftsættelsesdato</b></td><td>Fri Jun 02 2006 00:00:00 GMT+0200 (Central European Summer Time)</td></tr><tr><td><b>Forsyningstavle</b></td><td>027.000.C</td></tr><tr><td><b>Antal spor</b></td><td>2</td></tr><tr><td><b>Antal stik</b></td><td>2</td></tr><tr><td><b>Sporgruppe</b></td><td>14/30</td></tr><tr><td><b>Fremmednetstik type</b></td><td>9300/9800 Powerflex</td></tr><tr><td><b>Note</b></td><td></td></tr>
</table>
]]>
</description>
  <Point>
    <coordinates>11.8806054,54.7701497,0</coordinates>
  </Point>
</Placemark>

<Placemark>
  <name>10524154</name>
  <styleUrl>#s</styleUrl>
  <description>
<![CDATA[
<table border="1" style="border-collapse:collapse;width:100%">
<tr><td><b>Strækning</b></td><td>51</td></tr><tr><td><b>TIB</b></td><td>5</td></tr><tr><td><b>Navn</b></td><td>Kalundborg</td></tr><tr><td><b>Forkortelse</b></td><td>Kb</td></tr><tr><td><b>Datagennemgang</b></td><td>Match</td></tr><tr><td><b>GPS Nord</b></td><td>55.677853</td></tr><tr><td><b>GPS Øst</b></td><td>11.090198</td></tr><tr><td><b>Placering</b></td><td>Spor 5/6</td></tr><tr><td><b>Stander</b></td><td>Stikstander nr. 8</td></tr><tr><td><b>Kilometrering</b></td><td>110.49</td></tr><tr><td><b>Tilgængelighed</b></td><td>Frit tilgængelig</td></tr><tr><td><b>Idriftsættelsesdato</b></td><td>Fri Apr 01 2011 00:00:00 GMT+0200 (Central European Summer Time)</td></tr><tr><td><b>Forsyningstavle</b></td><td>kb.000.E.100</td></tr><tr><td><b>Antal spor</b></td><td>2</td></tr><tr><td><b>Antal stik</b></td><td>2</td></tr><tr><td><b>Sporgruppe</b></td><td>5-6</td></tr><tr><td><b>Fremmednetstik type</b></td><td>9300/9800 Powerflex</td></tr><tr><td><b>Note</b></td><td></td></tr>
</table>
]]>
</description>
  <Point>
    <coordinates>11.090198,55.677853,0</coordinates>
  </Point>
</Placemark>

<Placemark>
  <name>10524155</name>
  <styleUrl>#s</styleUrl>
  <description>
<![CDATA[
<table border="1" style="border-collapse:collapse;width:100%">
<tr><td><b>Strækning</b></td><td>51</td></tr><tr><td><b>TIB</b></td><td>5</td></tr><tr><td><b>Navn</b></td><td>Kalundborg</td></tr><tr><td><b>Forkortelse</b></td><td>Kb</td></tr><tr><td><b>Datagennemgang</b></td><td>Match</td></tr><tr><td><b>GPS Nord</b></td><td>55.677841</td></tr><tr><td><b>GPS Øst</b></td><td>11.090578</td></tr><tr><td><b>Placering</b></td><td>Spor 5/6</td></tr><tr><td><b>Stander</b></td><td>Stikstander nr. 7</td></tr><tr><td><b>Kilometrering</b></td><td>110.48</td></tr><tr><td><b>Tilgængelighed</b></td><td>Frit tilgængelig</td></tr><tr><td><b>Idriftsættelsesdato</b></td><td>Sat Apr 02 2011 00:00:00 GMT+0200 (Central European Summer Time)</td></tr><tr><td><b>Forsyningstavle</b></td><td>kb.000.E.100</td></tr><tr><td><b>Antal spor</b></td><td>2</td></tr><tr><td><b>Antal stik</b></td><td>2</td></tr><tr><td><b>Sporgruppe</b></td><td>5-6</td></tr><tr><td><b>Fremmednetstik type</b></td><td>9300/9800 Powerflex</td></tr><tr><td><b>Note</b></td><td></td></tr>
</table>
]]>
</description>
  <Point>
    <coordinates>11.090578,55.677841,0</coordinates>
  </Point>
</Placemark>

<Placemark>
  <name>10524156</name>
  <styleUrl>#s</styleUrl>
  <description>
<![CDATA[
<table border="1" style="border-collapse:collapse;width:100%">
<tr><td><b>Strækning</b></td><td>51</td></tr><tr><td><b>TIB</b></td><td>5</td></tr><tr><td><b>Navn</b></td><td>Kalundborg</td></tr><tr><td><b>Forkortelse</b></td><td>Kb</td></tr><tr><td><b>Datagennemgang</b></td><td>Match</td></tr><tr><td><b>GPS Nord</b></td><td>55.677841</td></tr><tr><td><b>GPS Øst</b></td><td>11.090949</td></tr><tr><td><b>Placering</b></td><td>Spor 5/6</td></tr><tr><td><b>Stander</b></td><td>Stikstander nr. 6</td></tr><tr><td><b>Kilometrering</b></td><td>110.47</td></tr><tr><td><b>Tilgængelighed</b></td><td>Frit tilgængelig</td></tr><tr><td><b>Idriftsættelsesdato</b></td><td>Sun Apr 03 2011 00:00:00 GMT+0200 (Central European Summer Time)</td></tr><tr><td><b>Forsyningstavle</b></td><td>kb.000.E.100</td></tr><tr><td><b>Antal spor</b></td><td>2</td></tr><tr><td><b>Antal stik</b></td><td>2</td></tr><tr><td><b>Sporgruppe</b></td><td>5-6</td></tr><tr><td><b>Fremmednetstik type</b></td><td>9300/9800 Powerflex</td></tr><tr><td><b>Note</b></td><td></td></tr>
</table>
]]>
</description>
  <Point>
    <coordinates>11.090949,55.677841,0</coordinates>
  </Point>
</Placemark>

<Placemark>
  <name>10524157</name>
  <styleUrl>#s</styleUrl>
  <description>
<![CDATA[
<table border="1" style="border-collapse:collapse;width:100%">
<tr><td><b>Strækning</b></td><td>51</td></tr><tr><td><b>TIB</b></td><td>5</td></tr><tr><td><b>Navn</b></td><td>Kalundborg</td></tr><tr><td><b>Forkortelse</b></td><td>Kb</td></tr><tr><td><b>Datagennemgang</b></td><td>Match</td></tr><tr><td><b>GPS Nord</b></td><td>55.67783</td></tr><tr><td><b>GPS Øst</b></td><td>11.091348</td></tr><tr><td><b>Placering</b></td><td>Spor 5/6</td></tr><tr><td><b>Stander</b></td><td>Stikstander nr. 5</td></tr><tr><td><b>Kilometrering</b></td><td>110.44</td></tr><tr><td><b>Tilgængelighed</b></td><td>Frit tilgængelig</td></tr><tr><td><b>Idriftsættelsesdato</b></td><td>Mon Apr 04 2011 00:00:00 GMT+0200 (Central European Summer Time)</td></tr><tr><td><b>Forsyningstavle</b></td><td>Kb.000.E.100</td></tr><tr><td><b>Antal spor</b></td><td>2</td></tr><tr><td><b>Antal stik</b></td><td>2</td></tr><tr><td><b>Sporgruppe</b></td><td>5-6</td></tr><tr><td><b>Fremmednetstik type</b></td><td>9300/9800 Powerflex</td></tr><tr><td><b>Note</b></td><td></td></tr>
</table>
]]>
</description>
  <Point>
    <coordinates>11.091348,55.67783,0</coordinates>
  </Point>
</Placemark>

<Placemark>
  <name>10524158</name>
  <styleUrl>#s</styleUrl>
  <description>
<![CDATA[
<table border="1" style="border-collapse:collapse;width:100%">
<tr><td><b>Strækning</b></td><td>51</td></tr><tr><td><b>TIB</b></td><td>5</td></tr><tr><td><b>Navn</b></td><td>Kalundborg</td></tr><tr><td><b>Forkortelse</b></td><td>Kb</td></tr><tr><td><b>Datagennemgang</b></td><td>Match</td></tr><tr><td><b>GPS Nord</b></td><td>55.677822</td></tr><tr><td><b>GPS Øst</b></td><td>11.091724</td></tr><tr><td><b>Placering</b></td><td>Spor 5/6</td></tr><tr><td><b>Stander</b></td><td>Stikstander nr. 4</td></tr><tr><td><b>Kilometrering</b></td><td>110.41</td></tr><tr><td><b>Tilgængelighed</b></td><td>Frit tilgængelig</td></tr><tr><td><b>Idriftsættelsesdato</b></td><td>Tue Apr 05 2011 00:00:00 GMT+0200 (Central European Summer Time)</td></tr><tr><td><b>Forsyningstavle</b></td><td>Kb.000.E.100</td></tr><tr><td><b>Antal spor</b></td><td>2</td></tr><tr><td><b>Antal stik</b></td><td>2</td></tr><tr><td><b>Sporgruppe</b></td><td>5-6</td></tr><tr><td><b>Fremmednetstik type</b></td><td>9300/9800 Powerflex</td></tr><tr><td><b>Note</b></td><td></td></tr>
</table>
]]>
</description>
  <Point>
    <coordinates>11.091724,55.677822,0</coordinates>
  </Point>
</Placemark>

<Placemark>
  <name>10524159</name>
  <styleUrl>#s</styleUrl>
  <description>
<![CDATA[
<table border="1" style="border-collapse:collapse;width:100%">
<tr><td><b>Strækning</b></td><td>51</td></tr><tr><td><b>TIB</b></td><td>5</td></tr><tr><td><b>Navn</b></td><td>Kalundborg</td></tr><tr><td><b>Forkortelse</b></td><td>Kb</td></tr><tr><td><b>Datagennemgang</b></td><td>Match</td></tr><tr><td><b>GPS Nord</b></td><td>55.677818</td></tr><tr><td><b>GPS Øst</b></td><td>11.0921</td></tr><tr><td><b>Placering</b></td><td>Spor 5/6</td></tr><tr><td><b>Stander</b></td><td>Stikstander nr. 3</td></tr><tr><td><b>Kilometrering</b></td><td>110.395</td></tr><tr><td><b>Tilgængelighed</b></td><td>Frit tilgængelig</td></tr><tr><td><b>Idriftsættelsesdato</b></td><td>Wed Apr 06 2011 00:00:00 GMT+0200 (Central European Summer Time)</td></tr><tr><td><b>Forsyningstavle</b></td><td>Kb.000.E.100</td></tr><tr><td><b>Antal spor</b></td><td>2</td></tr><tr><td><b>Antal stik</b></td><td>2</td></tr><tr><td><b>Sporgruppe</b></td><td>5-6</td></tr><tr><td><b>Fremmednetstik type</b></td><td>9300/9800 Powerflex</td></tr><tr><td><b>Note</b></td><td></td></tr>
</table>
]]>
</description>
  <Point>
    <coordinates>11.0921,55.677818,0</coordinates>
  </Point>
</Placemark>

<Placemark>
  <name>10524160</name>
  <styleUrl>#s</styleUrl>
  <description>
<![CDATA[
<table border="1" style="border-collapse:collapse;width:100%">
<tr><td><b>Strækning</b></td><td>51</td></tr><tr><td><b>TIB</b></td><td>5</td></tr><tr><td><b>Navn</b></td><td>Kalundborg</td></tr><tr><td><b>Forkortelse</b></td><td>Kb</td></tr><tr><td><b>Datagennemgang</b></td><td>Match</td></tr><tr><td><b>GPS Nord</b></td><td>55.677811</td></tr><tr><td><b>GPS Øst</b></td><td>11.092492</td></tr><tr><td><b>Placering</b></td><td>Spor 5/6</td></tr><tr><td><b>Stander</b></td><td>Stikstander nr. 2</td></tr><tr><td><b>Kilometrering</b></td><td>110.37</td></tr><tr><td><b>Tilgængelighed</b></td><td>Frit tilgængelig</td></tr><tr><td><b>Idriftsættelsesdato</b></td><td>Thu Apr 07 2011 00:00:00 GMT+0200 (Central European Summer Time)</td></tr><tr><td><b>Forsyningstavle</b></td><td>Kb.000.E.100</td></tr><tr><td><b>Antal spor</b></td><td>2</td></tr><tr><td><b>Antal stik</b></td><td>2</td></tr><tr><td><b>Sporgruppe</b></td><td>5-6</td></tr><tr><td><b>Fremmednetstik type</b></td><td>9300/9800 Powerflex</td></tr><tr><td><b>Note</b></td><td></td></tr>
</table>
]]>
</description>
  <Point>
    <coordinates>11.092492,55.677811,0</coordinates>
  </Point>
</Placemark>

<Placemark>
  <name>10524161</name>
  <styleUrl>#s</styleUrl>
  <description>
<![CDATA[
<table border="1" style="border-collapse:collapse;width:100%">
<tr><td><b>Strækning</b></td><td>51</td></tr><tr><td><b>TIB</b></td><td>5</td></tr><tr><td><b>Navn</b></td><td>Kalundborg</td></tr><tr><td><b>Forkortelse</b></td><td>Kb</td></tr><tr><td><b>Datagennemgang</b></td><td>Match</td></tr><tr><td><b>GPS Nord</b></td><td>55.677799</td></tr><tr><td><b>GPS Øst</b></td><td>11.092868</td></tr><tr><td><b>Placering</b></td><td>Spor 5/6</td></tr><tr><td><b>Stander</b></td><td>Stikstander nr. 1</td></tr><tr><td><b>Kilometrering</b></td><td>110.33</td></tr><tr><td><b>Tilgængelighed</b></td><td>Frit tilgængelig</td></tr><tr><td><b>Idriftsættelsesdato</b></td><td>Fri Apr 08 2011 00:00:00 GMT+0200 (Central European Summer Time)</td></tr><tr><td><b>Forsyningstavle</b></td><td>Kb.000.E.100</td></tr><tr><td><b>Antal spor</b></td><td>2</td></tr><tr><td><b>Antal stik</b></td><td>2</td></tr><tr><td><b>Sporgruppe</b></td><td>5-6</td></tr><tr><td><b>Fremmednetstik type</b></td><td>9300/9800 Powerflex</td></tr><tr><td><b>Note</b></td><td></td></tr>
</table>
]]>
</description>
  <Point>
    <coordinates>11.092868,55.677799,0</coordinates>
  </Point>
</Placemark>

<Placemark>
  <name>10524162</name>
  <styleUrl>#s</styleUrl>
  <description>
<![CDATA[
<table border="1" style="border-collapse:collapse;width:100%">
<tr><td><b>Strækning</b></td><td>51</td></tr><tr><td><b>TIB</b></td><td>5</td></tr><tr><td><b>Navn</b></td><td>Kalundborg</td></tr><tr><td><b>Forkortelse</b></td><td>Kb</td></tr><tr><td><b>Datagennemgang</b></td><td>Match</td></tr><tr><td><b>GPS Nord</b></td><td>55.677643</td></tr><tr><td><b>GPS Øst</b></td><td>11.102243</td></tr><tr><td><b>Placering</b></td><td>Spor 112/113</td></tr><tr><td><b>Stander</b></td><td>FN32</td></tr><tr><td><b>Kilometrering</b></td><td>109.79</td></tr><tr><td><b>Tilgængelighed</b></td><td>Frit tilgængelig</td></tr><tr><td><b>Idriftsættelsesdato</b></td><td>Sat Apr 09 2011 00:00:00 GMT+0200 (Central European Summer Time)</td></tr><tr><td><b>Forsyningstavle</b></td><td>053.000.B1.1</td></tr><tr><td><b>Antal spor</b></td><td>2</td></tr><tr><td><b>Antal stik</b></td><td>2</td></tr><tr><td><b>Sporgruppe</b></td><td>112-113</td></tr><tr><td><b>Fremmednetstik type</b></td><td>9300/9800 Powerflex</td></tr><tr><td><b>Note</b></td><td></td></tr>
</table>
]]>
</description>
  <Point>
    <coordinates>11.102243,55.677643,0</coordinates>
  </Point>
</Placemark>

<Placemark>
  <name>10524163</name>
  <styleUrl>#s</styleUrl>
  <description>
<![CDATA[
<table border="1" style="border-collapse:collapse;width:100%">
<tr><td><b>Strækning</b></td><td>51</td></tr><tr><td><b>TIB</b></td><td>5</td></tr><tr><td><b>Navn</b></td><td>Kalundborg</td></tr><tr><td><b>Forkortelse</b></td><td>Kb</td></tr><tr><td><b>Datagennemgang</b></td><td>Match</td></tr><tr><td><b>GPS Nord</b></td><td>55.677654</td></tr><tr><td><b>GPS Øst</b></td><td>11.101868</td></tr><tr><td><b>Placering</b></td><td>Spor 112/113</td></tr><tr><td><b>Stander</b></td><td>FN33</td></tr><tr><td><b>Kilometrering</b></td><td>109.8</td></tr><tr><td><b>Tilgængelighed</b></td><td>Frit tilgængelig</td></tr><tr><td><b>Idriftsættelsesdato</b></td><td>Sun Apr 10 2011 00:00:00 GMT+0200 (Central European Summer Time)</td></tr><tr><td><b>Forsyningstavle</b></td><td>053.000.B1.1</td></tr><tr><td><b>Antal spor</b></td><td>2</td></tr><tr><td><b>Antal stik</b></td><td>2</td></tr><tr><td><b>Sporgruppe</b></td><td>112-113</td></tr><tr><td><b>Fremmednetstik type</b></td><td>9300/9800 Powerflex</td></tr><tr><td><b>Note</b></td><td></td></tr>
</table>
]]>
</description>
  <Point>
    <coordinates>11.101868,55.677654,0</coordinates>
  </Point>
</Placemark>

<Placemark>
  <name>10524164</name>
  <styleUrl>#s</styleUrl>
  <description>
<![CDATA[
<table border="1" style="border-collapse:collapse;width:100%">
<tr><td><b>Strækning</b></td><td>51</td></tr><tr><td><b>TIB</b></td><td>5</td></tr><tr><td><b>Navn</b></td><td>Kalundborg</td></tr><tr><td><b>Forkortelse</b></td><td>Kb</td></tr><tr><td><b>Datagennemgang</b></td><td>Match</td></tr><tr><td><b>GPS Nord</b></td><td>55.677666</td></tr><tr><td><b>GPS Øst</b></td><td>11.101487</td></tr><tr><td><b>Placering</b></td><td>Spor 112/113</td></tr><tr><td><b>Stander</b></td><td>FN34</td></tr><tr><td><b>Kilometrering</b></td><td>109.82</td></tr><tr><td><b>Tilgængelighed</b></td><td>Frit tilgængelig</td></tr><tr><td><b>Idriftsættelsesdato</b></td><td>Mon Apr 11 2011 00:00:00 GMT+0200 (Central European Summer Time)</td></tr><tr><td><b>Forsyningstavle</b></td><td>053.000.B1.1</td></tr><tr><td><b>Antal spor</b></td><td>2</td></tr><tr><td><b>Antal stik</b></td><td>2</td></tr><tr><td><b>Sporgruppe</b></td><td>112-113</td></tr><tr><td><b>Fremmednetstik type</b></td><td>9300/9800 Powerflex</td></tr><tr><td><b>Note</b></td><td></td></tr>
</table>
]]>
</description>
  <Point>
    <coordinates>11.101487,55.677666,0</coordinates>
  </Point>
</Placemark>

<Placemark>
  <name>10524165</name>
  <styleUrl>#s</styleUrl>
  <description>
<![CDATA[
<table border="1" style="border-collapse:collapse;width:100%">
<tr><td><b>Strækning</b></td><td>51</td></tr><tr><td><b>TIB</b></td><td>5</td></tr><tr><td><b>Navn</b></td><td>Kalundborg</td></tr><tr><td><b>Forkortelse</b></td><td>Kb</td></tr><tr><td><b>Datagennemgang</b></td><td>Match</td></tr><tr><td><b>GPS Nord</b></td><td>55.677673</td></tr><tr><td><b>GPS Øst</b></td><td>11.101097</td></tr><tr><td><b>Placering</b></td><td>Spor 112/113</td></tr><tr><td><b>Stander</b></td><td>FN35</td></tr><tr><td><b>Kilometrering</b></td><td>109.86</td></tr><tr><td><b>Tilgængelighed</b></td><td>Frit tilgængelig</td></tr><tr><td><b>Idriftsættelsesdato</b></td><td>Tue Apr 12 2011 00:00:00 GMT+0200 (Central European Summer Time)</td></tr><tr><td><b>Forsyningstavle</b></td><td>053.000.B1.1</td></tr><tr><td><b>Antal spor</b></td><td>2</td></tr><tr><td><b>Antal stik</b></td><td>2</td></tr><tr><td><b>Sporgruppe</b></td><td>112-113</td></tr><tr><td><b>Fremmednetstik type</b></td><td>9300/9800 Powerflex</td></tr><tr><td><b>Note</b></td><td></td></tr>
</table>
]]>
</description>
  <Point>
    <coordinates>11.101097,55.677673,0</coordinates>
  </Point>
</Placemark>

<Placemark>
  <name>10524166</name>
  <styleUrl>#s</styleUrl>
  <description>
<![CDATA[
<table border="1" style="border-collapse:collapse;width:100%">
<tr><td><b>Strækning</b></td><td>51</td></tr><tr><td><b>TIB</b></td><td>5</td></tr><tr><td><b>Navn</b></td><td>Kalundborg</td></tr><tr><td><b>Forkortelse</b></td><td>Kb</td></tr><tr><td><b>Datagennemgang</b></td><td>Match</td></tr><tr><td><b>GPS Nord</b></td><td>55.677681</td></tr><tr><td><b>GPS Øst</b></td><td>11.100717</td></tr><tr><td><b>Placering</b></td><td>Spor 112/113</td></tr><tr><td><b>Stander</b></td><td>FN36</td></tr><tr><td><b>Kilometrering</b></td><td>109.89</td></tr><tr><td><b>Tilgængelighed</b></td><td>Frit tilgængelig</td></tr><tr><td><b>Idriftsættelsesdato</b></td><td>Wed Apr 13 2011 00:00:00 GMT+0200 (Central European Summer Time)</td></tr><tr><td><b>Forsyningstavle</b></td><td>053.000.B1.1</td></tr><tr><td><b>Antal spor</b></td><td>2</td></tr><tr><td><b>Antal stik</b></td><td>2</td></tr><tr><td><b>Sporgruppe</b></td><td>112-113</td></tr><tr><td><b>Fremmednetstik type</b></td><td>9300/9800 Powerflex</td></tr><tr><td><b>Note</b></td><td></td></tr>
</table>
]]>
</description>
  <Point>
    <coordinates>11.100717,55.677681,0</coordinates>
  </Point>
</Placemark>

<Placemark>
  <name>10524167</name>
  <styleUrl>#s</styleUrl>
  <description>
<![CDATA[
<table border="1" style="border-collapse:collapse;width:100%">
<tr><td><b>Strækning</b></td><td>51</td></tr><tr><td><b>TIB</b></td><td>5</td></tr><tr><td><b>Navn</b></td><td>Kalundborg</td></tr><tr><td><b>Forkortelse</b></td><td>Kb</td></tr><tr><td><b>Datagennemgang</b></td><td>Match</td></tr><tr><td><b>GPS Nord</b></td><td>55.677685</td></tr><tr><td><b>GPS Øst</b></td><td>11.100344</td></tr><tr><td><b>Placering</b></td><td>Spor 112/113</td></tr><tr><td><b>Stander</b></td><td>FN37</td></tr><tr><td><b>Kilometrering</b></td><td>109.92</td></tr><tr><td><b>Tilgængelighed</b></td><td>Frit tilgængelig</td></tr><tr><td><b>Idriftsættelsesdato</b></td><td>Thu Apr 14 2011 00:00:00 GMT+0200 (Central European Summer Time)</td></tr><tr><td><b>Forsyningstavle</b></td><td>053.000.B1.1</td></tr><tr><td><b>Antal spor</b></td><td>2</td></tr><tr><td><b>Antal stik</b></td><td>2</td></tr><tr><td><b>Sporgruppe</b></td><td>112-113</td></tr><tr><td><b>Fremmednetstik type</b></td><td>9300/9800 Powerflex</td></tr><tr><td><b>Note</b></td><td></td></tr>
</table>
]]>
</description>
  <Point>
    <coordinates>11.100344,55.677685,0</coordinates>
  </Point>
</Placemark>

<Placemark>
  <name>10524168</name>
  <styleUrl>#s</styleUrl>
  <description>
<![CDATA[
<table border="1" style="border-collapse:collapse;width:100%">
<tr><td><b>Strækning</b></td><td>51</td></tr><tr><td><b>TIB</b></td><td>5</td></tr><tr><td><b>Navn</b></td><td>Kalundborg</td></tr><tr><td><b>Forkortelse</b></td><td>Kb</td></tr><tr><td><b>Datagennemgang</b></td><td>Match</td></tr><tr><td><b>GPS Nord</b></td><td>55.677692</td></tr><tr><td><b>GPS Øst</b></td><td>11.099957</td></tr><tr><td><b>Placering</b></td><td>Spor 112/113</td></tr><tr><td><b>Stander</b></td><td>FN38</td></tr><tr><td><b>Kilometrering</b></td><td>109.93</td></tr><tr><td><b>Tilgængelighed</b></td><td>Frit tilgængelig</td></tr><tr><td><b>Idriftsættelsesdato</b></td><td>Fri Apr 15 2011 00:00:00 GMT+0200 (Central European Summer Time)</td></tr><tr><td><b>Forsyningstavle</b></td><td>053.000.B1.1</td></tr><tr><td><b>Antal spor</b></td><td>2</td></tr><tr><td><b>Antal stik</b></td><td>2</td></tr><tr><td><b>Sporgruppe</b></td><td>112-113</td></tr><tr><td><b>Fremmednetstik type</b></td><td>9300/9800 Powerflex</td></tr><tr><td><b>Note</b></td><td></td></tr>
</table>
]]>
</description>
  <Point>
    <coordinates>11.099957,55.677692,0</coordinates>
  </Point>
</Placemark>

<Placemark>
  <name>10524169</name>
  <styleUrl>#s</styleUrl>
  <description>
<![CDATA[
<table border="1" style="border-collapse:collapse;width:100%">
<tr><td><b>Strækning</b></td><td>51</td></tr><tr><td><b>TIB</b></td><td>5</td></tr><tr><td><b>Navn</b></td><td>Kalundborg</td></tr><tr><td><b>Forkortelse</b></td><td>Kb</td></tr><tr><td><b>Datagennemgang</b></td><td>Match</td></tr><tr><td><b>GPS Nord</b></td><td>55.677685</td></tr><tr><td><b>GPS Øst</b></td><td>11.099575</td></tr><tr><td><b>Placering</b></td><td>Spor 112/113</td></tr><tr><td><b>Stander</b></td><td>FN39</td></tr><tr><td><b>Kilometrering</b></td><td>109.94</td></tr><tr><td><b>Tilgængelighed</b></td><td>Frit tilgængelig</td></tr><tr><td><b>Idriftsættelsesdato</b></td><td>Sat Apr 16 2011 00:00:00 GMT+0200 (Central European Summer Time)</td></tr><tr><td><b>Forsyningstavle</b></td><td>053.000.B1.1</td></tr><tr><td><b>Antal spor</b></td><td>2</td></tr><tr><td><b>Antal stik</b></td><td>2</td></tr><tr><td><b>Sporgruppe</b></td><td>112-113</td></tr><tr><td><b>Fremmednetstik type</b></td><td>9300/9800 Powerflex</td></tr><tr><td><b>Note</b></td><td></td></tr>
</table>
]]>
</description>
  <Point>
    <coordinates>11.099575,55.677685,0</coordinates>
  </Point>
</Placemark>

<Placemark>
  <name>10524170</name>
  <styleUrl>#s</styleUrl>
  <description>
<![CDATA[
<table border="1" style="border-collapse:collapse;width:100%">
<tr><td><b>Strækning</b></td><td>51</td></tr><tr><td><b>TIB</b></td><td>5</td></tr><tr><td><b>Navn</b></td><td>Kalundborg</td></tr><tr><td><b>Forkortelse</b></td><td>Kb</td></tr><tr><td><b>Datagennemgang</b></td><td>Match</td></tr><tr><td><b>GPS Nord</b></td><td>55.677696</td></tr><tr><td><b>GPS Øst</b></td><td>11.099199</td></tr><tr><td><b>Placering</b></td><td>Spor 112/113</td></tr><tr><td><b>Stander</b></td><td>FN40</td></tr><tr><td><b>Kilometrering</b></td><td>109.95</td></tr><tr><td><b>Tilgængelighed</b></td><td>Frit tilgængelig</td></tr><tr><td><b>Idriftsættelsesdato</b></td><td>Sun Apr 17 2011 00:00:00 GMT+0200 (Central European Summer Time)</td></tr><tr><td><b>Forsyningstavle</b></td><td>053.000.B1.1</td></tr><tr><td><b>Antal spor</b></td><td>2</td></tr><tr><td><b>Antal stik</b></td><td>2</td></tr><tr><td><b>Sporgruppe</b></td><td>112-113</td></tr><tr><td><b>Fremmednetstik type</b></td><td>9300/9800 Powerflex</td></tr><tr><td><b>Note</b></td><td></td></tr>
</table>
]]>
</description>
  <Point>
    <coordinates>11.099199,55.677696,0</coordinates>
  </Point>
</Placemark>

<Placemark>
  <name>10524171</name>
  <styleUrl>#s</styleUrl>
  <description>
<![CDATA[
<table border="1" style="border-collapse:collapse;width:100%">
<tr><td><b>Strækning</b></td><td>51</td></tr><tr><td><b>TIB</b></td><td>5</td></tr><tr><td><b>Navn</b></td><td>Kalundborg</td></tr><tr><td><b>Forkortelse</b></td><td>Kb</td></tr><tr><td><b>Datagennemgang</b></td><td>Match</td></tr><tr><td><b>GPS Nord</b></td><td>55.677681</td></tr><tr><td><b>GPS Øst</b></td><td>11.098812</td></tr><tr><td><b>Placering</b></td><td>Spor 112/113</td></tr><tr><td><b>Stander</b></td><td>FN41</td></tr><tr><td><b>Kilometrering</b></td><td>109.98</td></tr><tr><td><b>Tilgængelighed</b></td><td>Frit tilgængelig</td></tr><tr><td><b>Idriftsættelsesdato</b></td><td>Mon Apr 18 2011 00:00:00 GMT+0200 (Central European Summer Time)</td></tr><tr><td><b>Forsyningstavle</b></td><td>053.000.B1.1</td></tr><tr><td><b>Antal spor</b></td><td>2</td></tr><tr><td><b>Antal stik</b></td><td>2</td></tr><tr><td><b>Sporgruppe</b></td><td>112-113</td></tr><tr><td><b>Fremmednetstik type</b></td><td>9300/9800 Powerflex</td></tr><tr><td><b>Note</b></td><td></td></tr>
</table>
]]>
</description>
  <Point>
    <coordinates>11.098812,55.677681,0</coordinates>
  </Point>
</Placemark>

<Placemark>
  <name>10524172</name>
  <styleUrl>#s</styleUrl>
  <description>
<![CDATA[
<table border="1" style="border-collapse:collapse;width:100%">
<tr><td><b>Strækning</b></td><td>51</td></tr><tr><td><b>TIB</b></td><td>5</td></tr><tr><td><b>Navn</b></td><td>Kalundborg</td></tr><tr><td><b>Forkortelse</b></td><td>Kb</td></tr><tr><td><b>Datagennemgang</b></td><td>Match</td></tr><tr><td><b>GPS Nord</b></td><td>55.677605</td></tr><tr><td><b>GPS Øst</b></td><td>11.09883</td></tr><tr><td><b>Placering</b></td><td>Spor 110/111</td></tr><tr><td><b>Stander</b></td><td>FN31</td></tr><tr><td><b>Kilometrering</b></td><td>109.985</td></tr><tr><td><b>Tilgængelighed</b></td><td>Frit tilgængelig</td></tr><tr><td><b>Idriftsættelsesdato</b></td><td>Tue Apr 19 2011 00:00:00 GMT+0200 (Central European Summer Time)</td></tr><tr><td><b>Forsyningstavle</b></td><td>053.000.B1.1</td></tr><tr><td><b>Antal spor</b></td><td>2</td></tr><tr><td><b>Antal stik</b></td><td>2</td></tr><tr><td><b>Sporgruppe</b></td><td>110-111</td></tr><tr><td><b>Fremmednetstik type</b></td><td>9300/9800 Powerflex</td></tr><tr><td><b>Note</b></td><td></td></tr>
</table>
]]>
</description>
  <Point>
    <coordinates>11.09883,55.677605,0</coordinates>
  </Point>
</Placemark>

<Placemark>
  <name>10524173</name>
  <styleUrl>#s</styleUrl>
  <description>
<![CDATA[
<table border="1" style="border-collapse:collapse;width:100%">
<tr><td><b>Strækning</b></td><td>51</td></tr><tr><td><b>TIB</b></td><td>5</td></tr><tr><td><b>Navn</b></td><td>Kalundborg</td></tr><tr><td><b>Forkortelse</b></td><td>Kb</td></tr><tr><td><b>Datagennemgang</b></td><td>Match</td></tr><tr><td><b>GPS Nord</b></td><td>55.677605</td></tr><tr><td><b>GPS Øst</b></td><td>11.0992</td></tr><tr><td><b>Placering</b></td><td>Spor 110/111</td></tr><tr><td><b>Stander</b></td><td>FN30</td></tr><tr><td><b>Kilometrering</b></td><td>109.98</td></tr><tr><td><b>Tilgængelighed</b></td><td>Frit tilgængelig</td></tr><tr><td><b>Idriftsættelsesdato</b></td><td>Wed Apr 20 2011 00:00:00 GMT+0200 (Central European Summer Time)</td></tr><tr><td><b>Forsyningstavle</b></td><td>053.000.B1.1</td></tr><tr><td><b>Antal spor</b></td><td>2</td></tr><tr><td><b>Antal stik</b></td><td>2</td></tr><tr><td><b>Sporgruppe</b></td><td>110-111</td></tr><tr><td><b>Fremmednetstik type</b></td><td>9300/9800 Powerflex</td></tr><tr><td><b>Note</b></td><td></td></tr>
</table>
]]>
</description>
  <Point>
    <coordinates>11.0992,55.677605,0</coordinates>
  </Point>
</Placemark>

<Placemark>
  <name>10524174</name>
  <styleUrl>#s</styleUrl>
  <description>
<![CDATA[
<table border="1" style="border-collapse:collapse;width:100%">
<tr><td><b>Strækning</b></td><td>51</td></tr><tr><td><b>TIB</b></td><td>5</td></tr><tr><td><b>Navn</b></td><td>Kalundborg</td></tr><tr><td><b>Forkortelse</b></td><td>Kb</td></tr><tr><td><b>Datagennemgang</b></td><td>Match</td></tr><tr><td><b>GPS Nord</b></td><td>55.677601</td></tr><tr><td><b>GPS Øst</b></td><td>11.099579</td></tr><tr><td><b>Placering</b></td><td>Spor 110/111</td></tr><tr><td><b>Stander</b></td><td>FN29</td></tr><tr><td><b>Kilometrering</b></td><td>109.95</td></tr><tr><td><b>Tilgængelighed</b></td><td>Frit tilgængelig</td></tr><tr><td><b>Idriftsættelsesdato</b></td><td>Thu Apr 21 2011 00:00:00 GMT+0200 (Central European Summer Time)</td></tr><tr><td><b>Forsyningstavle</b></td><td>053.000.B1.1</td></tr><tr><td><b>Antal spor</b></td><td>2</td></tr><tr><td><b>Antal stik</b></td><td>2</td></tr><tr><td><b>Sporgruppe</b></td><td>110-111</td></tr><tr><td><b>Fremmednetstik type</b></td><td>9300/9800 Powerflex</td></tr><tr><td><b>Note</b></td><td></td></tr>
</table>
]]>
</description>
  <Point>
    <coordinates>11.099579,55.677601,0</coordinates>
  </Point>
</Placemark>

<Placemark>
  <name>10524175</name>
  <styleUrl>#s</styleUrl>
  <description>
<![CDATA[
<table border="1" style="border-collapse:collapse;width:100%">
<tr><td><b>Strækning</b></td><td>51</td></tr><tr><td><b>TIB</b></td><td>5</td></tr><tr><td><b>Navn</b></td><td>Kalundborg</td></tr><tr><td><b>Forkortelse</b></td><td>Kb</td></tr><tr><td><b>Datagennemgang</b></td><td>Match</td></tr><tr><td><b>GPS Nord</b></td><td>55.677597</td></tr><tr><td><b>GPS Øst</b></td><td>11.099964</td></tr><tr><td><b>Placering</b></td><td>Spor 110/111</td></tr><tr><td><b>Stander</b></td><td>FN28</td></tr><tr><td><b>Kilometrering</b></td><td>109.94</td></tr><tr><td><b>Tilgængelighed</b></td><td>Frit tilgængelig</td></tr><tr><td><b>Idriftsættelsesdato</b></td><td>Fri Apr 22 2011 00:00:00 GMT+0200 (Central European Summer Time)</td></tr><tr><td><b>Forsyningstavle</b></td><td>053.000.B1.1</td></tr><tr><td><b>Antal spor</b></td><td>2</td></tr><tr><td><b>Antal stik</b></td><td>2</td></tr><tr><td><b>Sporgruppe</b></td><td>110-111</td></tr><tr><td><b>Fremmednetstik type</b></td><td>9300/9800 Powerflex</td></tr><tr><td><b>Note</b></td><td></td></tr>
</table>
]]>
</description>
  <Point>
    <coordinates>11.099964,55.677597,0</coordinates>
  </Point>
</Placemark>

<Placemark>
  <name>10524176</name>
  <styleUrl>#s</styleUrl>
  <description>
<![CDATA[
<table border="1" style="border-collapse:collapse;width:100%">
<tr><td><b>Strækning</b></td><td>51</td></tr><tr><td><b>TIB</b></td><td>5</td></tr><tr><td><b>Navn</b></td><td>Kalundborg</td></tr><tr><td><b>Forkortelse</b></td><td>Kb</td></tr><tr><td><b>Datagennemgang</b></td><td>Match</td></tr><tr><td><b>GPS Nord</b></td><td>55.677597</td></tr><tr><td><b>GPS Øst</b></td><td>11.100347</td></tr><tr><td><b>Placering</b></td><td>Spor 110/111</td></tr><tr><td><b>Stander</b></td><td>FN27</td></tr><tr><td><b>Kilometrering</b></td><td>109.92</td></tr><tr><td><b>Tilgængelighed</b></td><td>Frit tilgængelig</td></tr><tr><td><b>Idriftsættelsesdato</b></td><td>Sat Apr 23 2011 00:00:00 GMT+0200 (Central European Summer Time)</td></tr><tr><td><b>Forsyningstavle</b></td><td>053.000.B1.1</td></tr><tr><td><b>Antal spor</b></td><td>2</td></tr><tr><td><b>Antal stik</b></td><td>2</td></tr><tr><td><b>Sporgruppe</b></td><td>110-111</td></tr><tr><td><b>Fremmednetstik type</b></td><td>9300/9800 Powerflex</td></tr><tr><td><b>Note</b></td><td></td></tr>
</table>
]]>
</description>
  <Point>
    <coordinates>11.100347,55.677597,0</coordinates>
  </Point>
</Placemark>

<Placemark>
  <name>10524177</name>
  <styleUrl>#s</styleUrl>
  <description>
<![CDATA[
<table border="1" style="border-collapse:collapse;width:100%">
<tr><td><b>Strækning</b></td><td>51</td></tr><tr><td><b>TIB</b></td><td>5</td></tr><tr><td><b>Navn</b></td><td>Kalundborg</td></tr><tr><td><b>Forkortelse</b></td><td>Kb</td></tr><tr><td><b>Datagennemgang</b></td><td>Match</td></tr><tr><td><b>GPS Nord</b></td><td>55.677593</td></tr><tr><td><b>GPS Øst</b></td><td>11.100729</td></tr><tr><td><b>Placering</b></td><td>Spor 110/111</td></tr><tr><td><b>Stander</b></td><td>FN26</td></tr><tr><td><b>Kilometrering</b></td><td>109.895</td></tr><tr><td><b>Tilgængelighed</b></td><td>Frit tilgængelig</td></tr><tr><td><b>Idriftsættelsesdato</b></td><td>Sun Apr 24 2011 00:00:00 GMT+0200 (Central European Summer Time)</td></tr><tr><td><b>Forsyningstavle</b></td><td>053.000.B1.1</td></tr><tr><td><b>Antal spor</b></td><td>2</td></tr><tr><td><b>Antal stik</b></td><td>2</td></tr><tr><td><b>Sporgruppe</b></td><td>110-111</td></tr><tr><td><b>Fremmednetstik type</b></td><td>9300/9800 Powerflex</td></tr><tr><td><b>Note</b></td><td></td></tr>
</table>
]]>
</description>
  <Point>
    <coordinates>11.100729,55.677593,0</coordinates>
  </Point>
</Placemark>

<Placemark>
  <name>10524178</name>
  <styleUrl>#s</styleUrl>
  <description>
<![CDATA[
<table border="1" style="border-collapse:collapse;width:100%">
<tr><td><b>Strækning</b></td><td>51</td></tr><tr><td><b>TIB</b></td><td>5</td></tr><tr><td><b>Navn</b></td><td>Kalundborg</td></tr><tr><td><b>Forkortelse</b></td><td>Kb</td></tr><tr><td><b>Datagennemgang</b></td><td>Match</td></tr><tr><td><b>GPS Nord</b></td><td>55.677586</td></tr><tr><td><b>GPS Øst</b></td><td>11.101103</td></tr><tr><td><b>Placering</b></td><td>Spor 110/111</td></tr><tr><td><b>Stander</b></td><td>FN25</td></tr><tr><td><b>Kilometrering</b></td><td>109.885</td></tr><tr><td><b>Tilgængelighed</b></td><td>Frit tilgængelig</td></tr><tr><td><b>Idriftsættelsesdato</b></td><td>Mon Apr 25 2011 00:00:00 GMT+0200 (Central European Summer Time)</td></tr><tr><td><b>Forsyningstavle</b></td><td>053.000.B1.1</td></tr><tr><td><b>Antal spor</b></td><td>2</td></tr><tr><td><b>Antal stik</b></td><td>2</td></tr><tr><td><b>Sporgruppe</b></td><td>110-111</td></tr><tr><td><b>Fremmednetstik type</b></td><td>9300/9800 Powerflex</td></tr><tr><td><b>Note</b></td><td></td></tr>
</table>
]]>
</description>
  <Point>
    <coordinates>11.101103,55.677586,0</coordinates>
  </Point>
</Placemark>

<Placemark>
  <name>10524179</name>
  <styleUrl>#s</styleUrl>
  <description>
<![CDATA[
<table border="1" style="border-collapse:collapse;width:100%">
<tr><td><b>Strækning</b></td><td>51</td></tr><tr><td><b>TIB</b></td><td>5</td></tr><tr><td><b>Navn</b></td><td>Kalundborg</td></tr><tr><td><b>Forkortelse</b></td><td>Kb</td></tr><tr><td><b>Datagennemgang</b></td><td>Match</td></tr><tr><td><b>GPS Nord</b></td><td>55.677578</td></tr><tr><td><b>GPS Øst</b></td><td>11.101485</td></tr><tr><td><b>Placering</b></td><td>Spor 110/111</td></tr><tr><td><b>Stander</b></td><td>FN24</td></tr><tr><td><b>Kilometrering</b></td><td>109.82</td></tr><tr><td><b>Tilgængelighed</b></td><td>Frit tilgængelig</td></tr><tr><td><b>Idriftsættelsesdato</b></td><td>Tue Apr 26 2011 00:00:00 GMT+0200 (Central European Summer Time)</td></tr><tr><td><b>Forsyningstavle</b></td><td>053.000.B1.1</td></tr><tr><td><b>Antal spor</b></td><td>2</td></tr><tr><td><b>Antal stik</b></td><td>2</td></tr><tr><td><b>Sporgruppe</b></td><td>110-111</td></tr><tr><td><b>Fremmednetstik type</b></td><td>9300/9800 Powerflex</td></tr><tr><td><b>Note</b></td><td></td></tr>
</table>
]]>
</description>
  <Point>
    <coordinates>11.101485,55.677578,0</coordinates>
  </Point>
</Placemark>

<Placemark>
  <name>10524180</name>
  <styleUrl>#s</styleUrl>
  <description>
<![CDATA[
<table border="1" style="border-collapse:collapse;width:100%">
<tr><td><b>Strækning</b></td><td>51</td></tr><tr><td><b>TIB</b></td><td>5</td></tr><tr><td><b>Navn</b></td><td>Kalundborg</td></tr><tr><td><b>Forkortelse</b></td><td>Kb</td></tr><tr><td><b>Datagennemgang</b></td><td>Match</td></tr><tr><td><b>GPS Nord</b></td><td>55.677574</td></tr><tr><td><b>GPS Øst</b></td><td>11.101867</td></tr><tr><td><b>Placering</b></td><td>Spor 110/111</td></tr><tr><td><b>Stander</b></td><td>FN23</td></tr><tr><td><b>Kilometrering</b></td><td>109.795</td></tr><tr><td><b>Tilgængelighed</b></td><td>Frit tilgængelig</td></tr><tr><td><b>Idriftsættelsesdato</b></td><td>Wed Apr 27 2011 00:00:00 GMT+0200 (Central European Summer Time)</td></tr><tr><td><b>Forsyningstavle</b></td><td>053.000.B1.1</td></tr><tr><td><b>Antal spor</b></td><td>2</td></tr><tr><td><b>Antal stik</b></td><td>2</td></tr><tr><td><b>Sporgruppe</b></td><td>110-111</td></tr><tr><td><b>Fremmednetstik type</b></td><td>9300/9800 Powerflex</td></tr><tr><td><b>Note</b></td><td></td></tr>
</table>
]]>
</description>
  <Point>
    <coordinates>11.101867,55.677574,0</coordinates>
  </Point>
</Placemark>

<Placemark>
  <name>10524181</name>
  <styleUrl>#s</styleUrl>
  <description>
<![CDATA[
<table border="1" style="border-collapse:collapse;width:100%">
<tr><td><b>Strækning</b></td><td>51</td></tr><tr><td><b>TIB</b></td><td>5</td></tr><tr><td><b>Navn</b></td><td>Kalundborg</td></tr><tr><td><b>Forkortelse</b></td><td>Kb</td></tr><tr><td><b>Datagennemgang</b></td><td>Match</td></tr><tr><td><b>GPS Nord</b></td><td>55.677567</td></tr><tr><td><b>GPS Øst</b></td><td>11.102253</td></tr><tr><td><b>Placering</b></td><td>Spor 110/111</td></tr><tr><td><b>Stander</b></td><td>FN22</td></tr><tr><td><b>Kilometrering</b></td><td>109.785</td></tr><tr><td><b>Tilgængelighed</b></td><td>Frit tilgængelig</td></tr><tr><td><b>Idriftsættelsesdato</b></td><td>Thu Apr 28 2011 00:00:00 GMT+0200 (Central European Summer Time)</td></tr><tr><td><b>Forsyningstavle</b></td><td>053.000.B1.1</td></tr><tr><td><b>Antal spor</b></td><td>2</td></tr><tr><td><b>Antal stik</b></td><td>2</td></tr><tr><td><b>Sporgruppe</b></td><td>110-111</td></tr><tr><td><b>Fremmednetstik type</b></td><td>9300/9800 Powerflex</td></tr><tr><td><b>Note</b></td><td></td></tr>
</table>
]]>
</description>
  <Point>
    <coordinates>11.102253,55.677567,0</coordinates>
  </Point>
</Placemark>

<Placemark>
  <name>10524182</name>
  <styleUrl>#s</styleUrl>
  <description>
<![CDATA[
<table border="1" style="border-collapse:collapse;width:100%">
<tr><td><b>Strækning</b></td><td>51</td></tr><tr><td><b>TIB</b></td><td>5</td></tr><tr><td><b>Navn</b></td><td>Kalundborg</td></tr><tr><td><b>Forkortelse</b></td><td>Kb</td></tr><tr><td><b>Datagennemgang</b></td><td>Match</td></tr><tr><td><b>GPS Nord</b></td><td>55.677559</td></tr><tr><td><b>GPS Øst</b></td><td>11.102636</td></tr><tr><td><b>Placering</b></td><td>Spor 110/111</td></tr><tr><td><b>Stander</b></td><td>FN21</td></tr><tr><td><b>Kilometrering</b></td><td>109.69</td></tr><tr><td><b>Tilgængelighed</b></td><td>Frit tilgængelig</td></tr><tr><td><b>Idriftsættelsesdato</b></td><td>Fri Apr 29 2011 00:00:00 GMT+0200 (Central European Summer Time)</td></tr><tr><td><b>Forsyningstavle</b></td><td>053.000.B1.1</td></tr><tr><td><b>Antal spor</b></td><td>2</td></tr><tr><td><b>Antal stik</b></td><td>2</td></tr><tr><td><b>Sporgruppe</b></td><td>110-111</td></tr><tr><td><b>Fremmednetstik type</b></td><td>9300/9800 Powerflex</td></tr><tr><td><b>Note</b></td><td></td></tr>
</table>
]]>
</description>
  <Point>
    <coordinates>11.102636,55.677559,0</coordinates>
  </Point>
</Placemark>

<Placemark>
  <name>10524183</name>
  <styleUrl>#s</styleUrl>
  <description>
<![CDATA[
<table border="1" style="border-collapse:collapse;width:100%">
<tr><td><b>Strækning</b></td><td>51</td></tr><tr><td><b>TIB</b></td><td>5</td></tr><tr><td><b>Navn</b></td><td>Kalundborg</td></tr><tr><td><b>Forkortelse</b></td><td>Kb</td></tr><tr><td><b>Datagennemgang</b></td><td>Match</td></tr><tr><td><b>GPS Nord</b></td><td>55.677551</td></tr><tr><td><b>GPS Øst</b></td><td>11.103018</td></tr><tr><td><b>Placering</b></td><td>Spor 110/111</td></tr><tr><td><b>Stander</b></td><td>FN20</td></tr><tr><td><b>Kilometrering</b></td><td>109.74</td></tr><tr><td><b>Tilgængelighed</b></td><td>Frit tilgængelig</td></tr><tr><td><b>Idriftsættelsesdato</b></td><td>Sat Apr 30 2011 00:00:00 GMT+0200 (Central European Summer Time)</td></tr><tr><td><b>Forsyningstavle</b></td><td>053.000.B1.1</td></tr><tr><td><b>Antal spor</b></td><td>2</td></tr><tr><td><b>Antal stik</b></td><td>2</td></tr><tr><td><b>Sporgruppe</b></td><td>110-111</td></tr><tr><td><b>Fremmednetstik type</b></td><td>9300/9800 Powerflex</td></tr><tr><td><b>Note</b></td><td></td></tr>
</table>
]]>
</description>
  <Point>
    <coordinates>11.103018,55.677551,0</coordinates>
  </Point>
</Placemark>

<Placemark>
  <name>10524184</name>
  <styleUrl>#s</styleUrl>
  <description>
<![CDATA[
<table border="1" style="border-collapse:collapse;width:100%">
<tr><td><b>Strækning</b></td><td>51</td></tr><tr><td><b>TIB</b></td><td>5</td></tr><tr><td><b>Navn</b></td><td>Kalundborg</td></tr><tr><td><b>Forkortelse</b></td><td>Kb</td></tr><tr><td><b>Datagennemgang</b></td><td>Match</td></tr><tr><td><b>GPS Nord</b></td><td>55.677544</td></tr><tr><td><b>GPS Øst</b></td><td>11.103374</td></tr><tr><td><b>Placering</b></td><td>Spor 110/111</td></tr><tr><td><b>Stander</b></td><td>FN19</td></tr><tr><td><b>Kilometrering</b></td><td>109.71</td></tr><tr><td><b>Tilgængelighed</b></td><td>Frit tilgængelig</td></tr><tr><td><b>Idriftsættelsesdato</b></td><td>Sun May 01 2011 00:00:00 GMT+0200 (Central European Summer Time)</td></tr><tr><td><b>Forsyningstavle</b></td><td>053.000.B1.1</td></tr><tr><td><b>Antal spor</b></td><td>2</td></tr><tr><td><b>Antal stik</b></td><td>2</td></tr><tr><td><b>Sporgruppe</b></td><td>110-111</td></tr><tr><td><b>Fremmednetstik type</b></td><td>9300/9800 Powerflex</td></tr><tr><td><b>Note</b></td><td></td></tr>
</table>
]]>
</description>
  <Point>
    <coordinates>11.103374,55.677544,0</coordinates>
  </Point>
</Placemark>

<Placemark>
  <name>10524185</name>
  <styleUrl>#s</styleUrl>
  <description>
<![CDATA[
<table border="1" style="border-collapse:collapse;width:100%">
<tr><td><b>Strækning</b></td><td>51</td></tr><tr><td><b>TIB</b></td><td>5</td></tr><tr><td><b>Navn</b></td><td>Kalundborg</td></tr><tr><td><b>Forkortelse</b></td><td>Kb</td></tr><tr><td><b>Datagennemgang</b></td><td>Match</td></tr><tr><td><b>GPS Nord</b></td><td>55.67754</td></tr><tr><td><b>GPS Øst</b></td><td>11.103684</td></tr><tr><td><b>Placering</b></td><td>Spor 110/111</td></tr><tr><td><b>Stander</b></td><td>FN18</td></tr><tr><td><b>Kilometrering</b></td><td>109.675</td></tr><tr><td><b>Tilgængelighed</b></td><td>Frit tilgængelig</td></tr><tr><td><b>Idriftsættelsesdato</b></td><td>Mon May 02 2011 00:00:00 GMT+0200 (Central European Summer Time)</td></tr><tr><td><b>Forsyningstavle</b></td><td>053.000.B1.1</td></tr><tr><td><b>Antal spor</b></td><td>2</td></tr><tr><td><b>Antal stik</b></td><td>2</td></tr><tr><td><b>Sporgruppe</b></td><td>110-111</td></tr><tr><td><b>Fremmednetstik type</b></td><td>9300/9800 Powerflex</td></tr><tr><td><b>Note</b></td><td></td></tr>
</table>
]]>
</description>
  <Point>
    <coordinates>11.103684,55.67754,0</coordinates>
  </Point>
</Placemark>

<Placemark>
  <name>10524186</name>
  <styleUrl>#s</styleUrl>
  <description>
<![CDATA[
<table border="1" style="border-collapse:collapse;width:100%">
<tr><td><b>Strækning</b></td><td>51</td></tr><tr><td><b>TIB</b></td><td>5</td></tr><tr><td><b>Navn</b></td><td>Kalundborg</td></tr><tr><td><b>Forkortelse</b></td><td>Kb</td></tr><tr><td><b>Datagennemgang</b></td><td>Match</td></tr><tr><td><b>GPS Nord</b></td><td>55.677429</td></tr><tr><td><b>GPS Øst</b></td><td>11.102649</td></tr><tr><td><b>Placering</b></td><td>Spor 104/106</td></tr><tr><td><b>Stander</b></td><td>FN1</td></tr><tr><td><b>Kilometrering</b></td><td>109.775</td></tr><tr><td><b>Tilgængelighed</b></td><td>Frit tilgængelig</td></tr><tr><td><b>Idriftsættelsesdato</b></td><td>Tue May 03 2011 00:00:00 GMT+0200 (Central European Summer Time)</td></tr><tr><td><b>Forsyningstavle</b></td><td>053.000.B1.2</td></tr><tr><td><b>Antal spor</b></td><td>2</td></tr><tr><td><b>Antal stik</b></td><td>2</td></tr><tr><td><b>Sporgruppe</b></td><td>104/106</td></tr><tr><td><b>Fremmednetstik type</b></td><td>9300/9800 Powerflex</td></tr><tr><td><b>Note</b></td><td></td></tr>
</table>
]]>
</description>
  <Point>
    <coordinates>11.102649,55.677429,0</coordinates>
  </Point>
</Placemark>

<Placemark>
  <name>10524187</name>
  <styleUrl>#s</styleUrl>
  <description>
<![CDATA[
<table border="1" style="border-collapse:collapse;width:100%">
<tr><td><b>Strækning</b></td><td>51</td></tr><tr><td><b>TIB</b></td><td>5</td></tr><tr><td><b>Navn</b></td><td>Kalundborg</td></tr><tr><td><b>Forkortelse</b></td><td>Kb</td></tr><tr><td><b>Datagennemgang</b></td><td>Match</td></tr><tr><td><b>GPS Nord</b></td><td>55.677444</td></tr><tr><td><b>GPS Øst</b></td><td>11.102261</td></tr><tr><td><b>Placering</b></td><td>Spor 104/106</td></tr><tr><td><b>Stander</b></td><td>FN2</td></tr><tr><td><b>Kilometrering</b></td><td>109.785</td></tr><tr><td><b>Tilgængelighed</b></td><td>Frit tilgængelig</td></tr><tr><td><b>Idriftsættelsesdato</b></td><td>Wed May 04 2011 00:00:00 GMT+0200 (Central European Summer Time)</td></tr><tr><td><b>Forsyningstavle</b></td><td>053.000.B1.2</td></tr><tr><td><b>Antal spor</b></td><td>2</td></tr><tr><td><b>Antal stik</b></td><td>2</td></tr><tr><td><b>Sporgruppe</b></td><td>104/106</td></tr><tr><td><b>Fremmednetstik type</b></td><td>9300/9800 Powerflex</td></tr><tr><td><b>Note</b></td><td></td></tr>
</table>
]]>
</description>
  <Point>
    <coordinates>11.102261,55.677444,0</coordinates>
  </Point>
</Placemark>

<Placemark>
  <name>10524188</name>
  <styleUrl>#s</styleUrl>
  <description>
<![CDATA[
<table border="1" style="border-collapse:collapse;width:100%">
<tr><td><b>Strækning</b></td><td>51</td></tr><tr><td><b>TIB</b></td><td>5</td></tr><tr><td><b>Navn</b></td><td>Kalundborg</td></tr><tr><td><b>Forkortelse</b></td><td>Kb</td></tr><tr><td><b>Datagennemgang</b></td><td>Match</td></tr><tr><td><b>GPS Nord</b></td><td>55.677444</td></tr><tr><td><b>GPS Øst</b></td><td>11.101885</td></tr><tr><td><b>Placering</b></td><td>Spor 104/106</td></tr><tr><td><b>Stander</b></td><td>FN3</td></tr><tr><td><b>Kilometrering</b></td><td>109.8</td></tr><tr><td><b>Tilgængelighed</b></td><td>Frit tilgængelig</td></tr><tr><td><b>Idriftsættelsesdato</b></td><td>Thu May 05 2011 00:00:00 GMT+0200 (Central European Summer Time)</td></tr><tr><td><b>Forsyningstavle</b></td><td>053.000.B1.2</td></tr><tr><td><b>Antal spor</b></td><td>2</td></tr><tr><td><b>Antal stik</b></td><td>2</td></tr><tr><td><b>Sporgruppe</b></td><td>104/106</td></tr><tr><td><b>Fremmednetstik type</b></td><td>9300/9800 Powerflex</td></tr><tr><td><b>Note</b></td><td></td></tr>
</table>
]]>
</description>
  <Point>
    <coordinates>11.101885,55.677444,0</coordinates>
  </Point>
</Placemark>

<Placemark>
  <name>10524189</name>
  <styleUrl>#s</styleUrl>
  <description>
<![CDATA[
<table border="1" style="border-collapse:collapse;width:100%">
<tr><td><b>Strækning</b></td><td>51</td></tr><tr><td><b>TIB</b></td><td>5</td></tr><tr><td><b>Navn</b></td><td>Kalundborg</td></tr><tr><td><b>Forkortelse</b></td><td>Kb</td></tr><tr><td><b>Datagennemgang</b></td><td>Match</td></tr><tr><td><b>GPS Nord</b></td><td>55.677456</td></tr><tr><td><b>GPS Øst</b></td><td>11.101518</td></tr><tr><td><b>Placering</b></td><td>Spor 104/106</td></tr><tr><td><b>Stander</b></td><td>FN4</td></tr><tr><td><b>Kilometrering</b></td><td>109.82</td></tr><tr><td><b>Tilgængelighed</b></td><td>Frit tilgængelig</td></tr><tr><td><b>Idriftsættelsesdato</b></td><td>Fri May 06 2011 00:00:00 GMT+0200 (Central European Summer Time)</td></tr><tr><td><b>Forsyningstavle</b></td><td>053.000.B1.2</td></tr><tr><td><b>Antal spor</b></td><td>2</td></tr><tr><td><b>Antal stik</b></td><td>2</td></tr><tr><td><b>Sporgruppe</b></td><td>104/106</td></tr><tr><td><b>Fremmednetstik type</b></td><td>9300/9800 Powerflex</td></tr><tr><td><b>Note</b></td><td></td></tr>
</table>
]]>
</description>
  <Point>
    <coordinates>11.101518,55.677456,0</coordinates>
  </Point>
</Placemark>

<Placemark>
  <name>10524190</name>
  <styleUrl>#s</styleUrl>
  <description>
<![CDATA[
<table border="1" style="border-collapse:collapse;width:100%">
<tr><td><b>Strækning</b></td><td>51</td></tr><tr><td><b>TIB</b></td><td>5</td></tr><tr><td><b>Navn</b></td><td>Kalundborg</td></tr><tr><td><b>Forkortelse</b></td><td>Kb</td></tr><tr><td><b>Datagennemgang</b></td><td>Match</td></tr><tr><td><b>GPS Nord</b></td><td>55.677467</td></tr><tr><td><b>GPS Øst</b></td><td>11.101116</td></tr><tr><td><b>Placering</b></td><td>Spor 104/106</td></tr><tr><td><b>Stander</b></td><td>FN5</td></tr><tr><td><b>Kilometrering</b></td><td>109.845</td></tr><tr><td><b>Tilgængelighed</b></td><td>Frit tilgængelig</td></tr><tr><td><b>Idriftsættelsesdato</b></td><td>Sat May 07 2011 00:00:00 GMT+0200 (Central European Summer Time)</td></tr><tr><td><b>Forsyningstavle</b></td><td>053.000.B1.2</td></tr><tr><td><b>Antal spor</b></td><td>2</td></tr><tr><td><b>Antal stik</b></td><td>2</td></tr><tr><td><b>Sporgruppe</b></td><td>104/106</td></tr><tr><td><b>Fremmednetstik type</b></td><td>9300/9800 Powerflex</td></tr><tr><td><b>Note</b></td><td></td></tr>
</table>
]]>
</description>
  <Point>
    <coordinates>11.101116,55.677467,0</coordinates>
  </Point>
</Placemark>

<Placemark>
  <name>10524191</name>
  <styleUrl>#s</styleUrl>
  <description>
<![CDATA[
<table border="1" style="border-collapse:collapse;width:100%">
<tr><td><b>Strækning</b></td><td>51</td></tr><tr><td><b>TIB</b></td><td>5</td></tr><tr><td><b>Navn</b></td><td>Kalundborg</td></tr><tr><td><b>Forkortelse</b></td><td>Kb</td></tr><tr><td><b>Datagennemgang</b></td><td>Match</td></tr><tr><td><b>GPS Nord</b></td><td>55.677471</td></tr><tr><td><b>GPS Øst</b></td><td>11.100743</td></tr><tr><td><b>Placering</b></td><td>Spor 104/106</td></tr><tr><td><b>Stander</b></td><td>FN6</td></tr><tr><td><b>Kilometrering</b></td><td>109.895</td></tr><tr><td><b>Tilgængelighed</b></td><td>Frit tilgængelig</td></tr><tr><td><b>Idriftsættelsesdato</b></td><td>Sun May 08 2011 00:00:00 GMT+0200 (Central European Summer Time)</td></tr><tr><td><b>Forsyningstavle</b></td><td>053.000.B1.2</td></tr><tr><td><b>Antal spor</b></td><td>2</td></tr><tr><td><b>Antal stik</b></td><td>2</td></tr><tr><td><b>Sporgruppe</b></td><td>104/106</td></tr><tr><td><b>Fremmednetstik type</b></td><td>9300/9800 Powerflex</td></tr><tr><td><b>Note</b></td><td></td></tr>
</table>
]]>
</description>
  <Point>
    <coordinates>11.100743,55.677471,0</coordinates>
  </Point>
</Placemark>

<Placemark>
  <name>10524192</name>
  <styleUrl>#s</styleUrl>
  <description>
<![CDATA[
<table border="1" style="border-collapse:collapse;width:100%">
<tr><td><b>Strækning</b></td><td>51</td></tr><tr><td><b>TIB</b></td><td>5</td></tr><tr><td><b>Navn</b></td><td>Kalundborg</td></tr><tr><td><b>Forkortelse</b></td><td>Kb</td></tr><tr><td><b>Datagennemgang</b></td><td>Match</td></tr><tr><td><b>GPS Nord</b></td><td>55.677471</td></tr><tr><td><b>GPS Øst</b></td><td>11.100368</td></tr><tr><td><b>Placering</b></td><td>Spor 104/106</td></tr><tr><td><b>Stander</b></td><td>FN7</td></tr><tr><td><b>Kilometrering</b></td><td>109.91</td></tr><tr><td><b>Tilgængelighed</b></td><td>Frit tilgængelig</td></tr><tr><td><b>Idriftsættelsesdato</b></td><td>Mon May 09 2011 00:00:00 GMT+0200 (Central European Summer Time)</td></tr><tr><td><b>Forsyningstavle</b></td><td>053.000.B1.2</td></tr><tr><td><b>Antal spor</b></td><td>2</td></tr><tr><td><b>Antal stik</b></td><td>2</td></tr><tr><td><b>Sporgruppe</b></td><td>104/106</td></tr><tr><td><b>Fremmednetstik type</b></td><td>9300/9800 Powerflex</td></tr><tr><td><b>Note</b></td><td></td></tr>
</table>
]]>
</description>
  <Point>
    <coordinates>11.100368,55.677471,0</coordinates>
  </Point>
</Placemark>

<Placemark>
  <name>10524193</name>
  <styleUrl>#s</styleUrl>
  <description>
<![CDATA[
<table border="1" style="border-collapse:collapse;width:100%">
<tr><td><b>Strækning</b></td><td>51</td></tr><tr><td><b>TIB</b></td><td>5</td></tr><tr><td><b>Navn</b></td><td>Kalundborg</td></tr><tr><td><b>Forkortelse</b></td><td>Kb</td></tr><tr><td><b>Datagennemgang</b></td><td>Match</td></tr><tr><td><b>GPS Nord</b></td><td>55.677471</td></tr><tr><td><b>GPS Øst</b></td><td>11.099977</td></tr><tr><td><b>Placering</b></td><td>Spor 104/106</td></tr><tr><td><b>Stander</b></td><td>FN8</td></tr><tr><td><b>Kilometrering</b></td><td>109.925</td></tr><tr><td><b>Tilgængelighed</b></td><td>Frit tilgængelig</td></tr><tr><td><b>Idriftsættelsesdato</b></td><td>Tue May 10 2011 00:00:00 GMT+0200 (Central European Summer Time)</td></tr><tr><td><b>Forsyningstavle</b></td><td>053.000.B1.2</td></tr><tr><td><b>Antal spor</b></td><td>2</td></tr><tr><td><b>Antal stik</b></td><td>2</td></tr><tr><td><b>Sporgruppe</b></td><td>104/106</td></tr><tr><td><b>Fremmednetstik type</b></td><td>9300/9800 Powerflex</td></tr><tr><td><b>Note</b></td><td></td></tr>
</table>
]]>
</description>
  <Point>
    <coordinates>11.099977,55.677471,0</coordinates>
  </Point>
</Placemark>

<Placemark>
  <name>10524194</name>
  <styleUrl>#s</styleUrl>
  <description>
<![CDATA[
<table border="1" style="border-collapse:collapse;width:100%">
<tr><td><b>Strækning</b></td><td>51</td></tr><tr><td><b>TIB</b></td><td>5</td></tr><tr><td><b>Navn</b></td><td>Kalundborg</td></tr><tr><td><b>Forkortelse</b></td><td>Kb</td></tr><tr><td><b>Datagennemgang</b></td><td>Match</td></tr><tr><td><b>GPS Nord</b></td><td>55.677467</td></tr><tr><td><b>GPS Øst</b></td><td>11.099589</td></tr><tr><td><b>Placering</b></td><td>Spor 104/106</td></tr><tr><td><b>Stander</b></td><td>FN9</td></tr><tr><td><b>Kilometrering</b></td><td>109.95</td></tr><tr><td><b>Tilgængelighed</b></td><td>Frit tilgængelig</td></tr><tr><td><b>Idriftsættelsesdato</b></td><td>Wed May 11 2011 00:00:00 GMT+0200 (Central European Summer Time)</td></tr><tr><td><b>Forsyningstavle</b></td><td>053.000.B1.2</td></tr><tr><td><b>Antal spor</b></td><td>2</td></tr><tr><td><b>Antal stik</b></td><td>2</td></tr><tr><td><b>Sporgruppe</b></td><td>104/106</td></tr><tr><td><b>Fremmednetstik type</b></td><td>9300/9800 Powerflex</td></tr><tr><td><b>Note</b></td><td></td></tr>
</table>
]]>
</description>
  <Point>
    <coordinates>11.099589,55.677467,0</coordinates>
  </Point>
</Placemark>

<Placemark>
  <name>10524195</name>
  <styleUrl>#s</styleUrl>
  <description>
<![CDATA[
<table border="1" style="border-collapse:collapse;width:100%">
<tr><td><b>Strækning</b></td><td>51</td></tr><tr><td><b>TIB</b></td><td>5</td></tr><tr><td><b>Navn</b></td><td>Kalundborg</td></tr><tr><td><b>Forkortelse</b></td><td>Kb</td></tr><tr><td><b>Datagennemgang</b></td><td>Match</td></tr><tr><td><b>GPS Nord</b></td><td>55.677471</td></tr><tr><td><b>GPS Øst</b></td><td>11.099212</td></tr><tr><td><b>Placering</b></td><td>Spor 104/106</td></tr><tr><td><b>Stander</b></td><td>FN10</td></tr><tr><td><b>Kilometrering</b></td><td>109.965</td></tr><tr><td><b>Tilgængelighed</b></td><td>Frit tilgængelig</td></tr><tr><td><b>Idriftsættelsesdato</b></td><td>Thu May 12 2011 00:00:00 GMT+0200 (Central European Summer Time)</td></tr><tr><td><b>Forsyningstavle</b></td><td>053.000.B1.2</td></tr><tr><td><b>Antal spor</b></td><td>2</td></tr><tr><td><b>Antal stik</b></td><td>2</td></tr><tr><td><b>Sporgruppe</b></td><td>104/106</td></tr><tr><td><b>Fremmednetstik type</b></td><td>9300/9800 Powerflex</td></tr><tr><td><b>Note</b></td><td></td></tr>
</table>
]]>
</description>
  <Point>
    <coordinates>11.099212,55.677471,0</coordinates>
  </Point>
</Placemark>

<Placemark>
  <name>10524196</name>
  <styleUrl>#s</styleUrl>
  <description>
<![CDATA[
<table border="1" style="border-collapse:collapse;width:100%">
<tr><td><b>Strækning</b></td><td>51</td></tr><tr><td><b>TIB</b></td><td>5</td></tr><tr><td><b>Navn</b></td><td>Kalundborg</td></tr><tr><td><b>Forkortelse</b></td><td>Kb</td></tr><tr><td><b>Datagennemgang</b></td><td>Match</td></tr><tr><td><b>GPS Nord</b></td><td>55.677471</td></tr><tr><td><b>GPS Øst</b></td><td>11.098838</td></tr><tr><td><b>Placering</b></td><td>Spor 104/106</td></tr><tr><td><b>Stander</b></td><td>FN11</td></tr><tr><td><b>Kilometrering</b></td><td>109.9</td></tr><tr><td><b>Tilgængelighed</b></td><td>Frit tilgængelig</td></tr><tr><td><b>Idriftsættelsesdato</b></td><td>Fri May 13 2011 00:00:00 GMT+0200 (Central European Summer Time)</td></tr><tr><td><b>Forsyningstavle</b></td><td>053.000.B1.2</td></tr><tr><td><b>Antal spor</b></td><td>2</td></tr><tr><td><b>Antal stik</b></td><td>2</td></tr><tr><td><b>Sporgruppe</b></td><td>104/106</td></tr><tr><td><b>Fremmednetstik type</b></td><td>9300/9800 Powerflex</td></tr><tr><td><b>Note</b></td><td></td></tr>
</table>
]]>
</description>
  <Point>
    <coordinates>11.098838,55.677471,0</coordinates>
  </Point>
</Placemark>

<Placemark>
  <name>10524197</name>
  <styleUrl>#s</styleUrl>
  <description>
<![CDATA[
<table border="1" style="border-collapse:collapse;width:100%">
<tr><td><b>Strækning</b></td><td>51</td></tr><tr><td><b>TIB</b></td><td>5</td></tr><tr><td><b>Navn</b></td><td>Kalundborg</td></tr><tr><td><b>Forkortelse</b></td><td>Kb</td></tr><tr><td><b>Datagennemgang</b></td><td>Match</td></tr><tr><td><b>GPS Nord</b></td><td>55.677471</td></tr><tr><td><b>GPS Øst</b></td><td>11.098457</td></tr><tr><td><b>Placering</b></td><td>Spor 104/106</td></tr><tr><td><b>Stander</b></td><td>FN12</td></tr><tr><td><b>Kilometrering</b></td><td>110.1</td></tr><tr><td><b>Tilgængelighed</b></td><td>Frit tilgængelig</td></tr><tr><td><b>Idriftsættelsesdato</b></td><td>Sat May 14 2011 00:00:00 GMT+0200 (Central European Summer Time)</td></tr><tr><td><b>Forsyningstavle</b></td><td>053.000.B1.2</td></tr><tr><td><b>Antal spor</b></td><td>2</td></tr><tr><td><b>Antal stik</b></td><td>2</td></tr><tr><td><b>Sporgruppe</b></td><td>104/106</td></tr><tr><td><b>Fremmednetstik type</b></td><td>9300/9800 Powerflex</td></tr><tr><td><b>Note</b></td><td></td></tr>
</table>
]]>
</description>
  <Point>
    <coordinates>11.098457,55.677471,0</coordinates>
  </Point>
</Placemark>

<Placemark>
  <name>10524198</name>
  <styleUrl>#s</styleUrl>
  <description>
<![CDATA[
<table border="1" style="border-collapse:collapse;width:100%">
<tr><td><b>Strækning</b></td><td>51</td></tr><tr><td><b>TIB</b></td><td>5</td></tr><tr><td><b>Navn</b></td><td>Kalundborg</td></tr><tr><td><b>Forkortelse</b></td><td>Kb</td></tr><tr><td><b>Datagennemgang</b></td><td>Match</td></tr><tr><td><b>GPS Nord</b></td><td>55.677471</td></tr><tr><td><b>GPS Øst</b></td><td>11.098071</td></tr><tr><td><b>Placering</b></td><td>Spor 104/106</td></tr><tr><td><b>Stander</b></td><td>FN13</td></tr><tr><td><b>Kilometrering</b></td><td>110.3</td></tr><tr><td><b>Tilgængelighed</b></td><td>Frit tilgængelig</td></tr><tr><td><b>Idriftsættelsesdato</b></td><td>Sun May 15 2011 00:00:00 GMT+0200 (Central European Summer Time)</td></tr><tr><td><b>Forsyningstavle</b></td><td>053.000.B1.2</td></tr><tr><td><b>Antal spor</b></td><td>2</td></tr><tr><td><b>Antal stik</b></td><td>2</td></tr><tr><td><b>Sporgruppe</b></td><td>104/106</td></tr><tr><td><b>Fremmednetstik type</b></td><td>9300/9800 Powerflex</td></tr><tr><td><b>Note</b></td><td></td></tr>
</table>
]]>
</description>
  <Point>
    <coordinates>11.098071,55.677471,0</coordinates>
  </Point>
</Placemark>

<Placemark>
  <name>10524199</name>
  <styleUrl>#s</styleUrl>
  <description>
<![CDATA[
<table border="1" style="border-collapse:collapse;width:100%">
<tr><td><b>Strækning</b></td><td>51</td></tr><tr><td><b>TIB</b></td><td>5</td></tr><tr><td><b>Navn</b></td><td>Kalundborg</td></tr><tr><td><b>Forkortelse</b></td><td>Kb</td></tr><tr><td><b>Datagennemgang</b></td><td>Match</td></tr><tr><td><b>GPS Nord</b></td><td>55.677467</td></tr><tr><td><b>GPS Øst</b></td><td>11.09769</td></tr><tr><td><b>Placering</b></td><td>Spor 104/106</td></tr><tr><td><b>Stander</b></td><td>FN14</td></tr><tr><td><b>Kilometrering</b></td><td>110.095</td></tr><tr><td><b>Tilgængelighed</b></td><td>Frit tilgængelig</td></tr><tr><td><b>Idriftsættelsesdato</b></td><td>Mon May 16 2011 00:00:00 GMT+0200 (Central European Summer Time)</td></tr><tr><td><b>Forsyningstavle</b></td><td>053.000.B1.2</td></tr><tr><td><b>Antal spor</b></td><td>2</td></tr><tr><td><b>Antal stik</b></td><td>2</td></tr><tr><td><b>Sporgruppe</b></td><td>104/106</td></tr><tr><td><b>Fremmednetstik type</b></td><td>9300/9800 Powerflex</td></tr><tr><td><b>Note</b></td><td></td></tr>
</table>
]]>
</description>
  <Point>
    <coordinates>11.09769,55.677467,0</coordinates>
  </Point>
</Placemark>

<Placemark>
  <name>10524200</name>
  <styleUrl>#s</styleUrl>
  <description>
<![CDATA[
<table border="1" style="border-collapse:collapse;width:100%">
<tr><td><b>Strækning</b></td><td>51</td></tr><tr><td><b>TIB</b></td><td>5</td></tr><tr><td><b>Navn</b></td><td>Kalundborg</td></tr><tr><td><b>Forkortelse</b></td><td>Kb</td></tr><tr><td><b>Datagennemgang</b></td><td>Match</td></tr><tr><td><b>GPS Nord</b></td><td>55.677467</td></tr><tr><td><b>GPS Øst</b></td><td>11.097312</td></tr><tr><td><b>Placering</b></td><td>Spor 104/106</td></tr><tr><td><b>Stander</b></td><td>FN15</td></tr><tr><td><b>Kilometrering</b></td><td>110.1</td></tr><tr><td><b>Tilgængelighed</b></td><td>Frit tilgængelig</td></tr><tr><td><b>Idriftsættelsesdato</b></td><td>Tue May 17 2011 00:00:00 GMT+0200 (Central European Summer Time)</td></tr><tr><td><b>Forsyningstavle</b></td><td>053.000.B1.2</td></tr><tr><td><b>Antal spor</b></td><td>2</td></tr><tr><td><b>Antal stik</b></td><td>2</td></tr><tr><td><b>Sporgruppe</b></td><td>104/106</td></tr><tr><td><b>Fremmednetstik type</b></td><td>9300/9800 Powerflex</td></tr><tr><td><b>Note</b></td><td></td></tr>
</table>
]]>
</description>
  <Point>
    <coordinates>11.097312,55.677467,0</coordinates>
  </Point>
</Placemark>

<Placemark>
  <name>10524201</name>
  <styleUrl>#s</styleUrl>
  <description>
<![CDATA[
<table border="1" style="border-collapse:collapse;width:100%">
<tr><td><b>Strækning</b></td><td>51</td></tr><tr><td><b>TIB</b></td><td>5</td></tr><tr><td><b>Navn</b></td><td>Kalundborg</td></tr><tr><td><b>Forkortelse</b></td><td>Kb</td></tr><tr><td><b>Datagennemgang</b></td><td>Match</td></tr><tr><td><b>GPS Nord</b></td><td>55.677471</td></tr><tr><td><b>GPS Øst</b></td><td>11.096928</td></tr><tr><td><b>Placering</b></td><td>Spor 104/106</td></tr><tr><td><b>Stander</b></td><td>FN16</td></tr><tr><td><b>Kilometrering</b></td><td>110.13</td></tr><tr><td><b>Tilgængelighed</b></td><td>Frit tilgængelig</td></tr><tr><td><b>Idriftsættelsesdato</b></td><td>Wed May 18 2011 00:00:00 GMT+0200 (Central European Summer Time)</td></tr><tr><td><b>Forsyningstavle</b></td><td>053.000.B1.2</td></tr><tr><td><b>Antal spor</b></td><td>2</td></tr><tr><td><b>Antal stik</b></td><td>2</td></tr><tr><td><b>Sporgruppe</b></td><td>104/106</td></tr><tr><td><b>Fremmednetstik type</b></td><td>9300/9800 Powerflex</td></tr><tr><td><b>Note</b></td><td></td></tr>
</table>
]]>
</description>
  <Point>
    <coordinates>11.096928,55.677471,0</coordinates>
  </Point>
</Placemark>

<Placemark>
  <name>10524202</name>
  <styleUrl>#s</styleUrl>
  <description>
<![CDATA[
<table border="1" style="border-collapse:collapse;width:100%">
<tr><td><b>Strækning</b></td><td>51</td></tr><tr><td><b>TIB</b></td><td>5</td></tr><tr><td><b>Navn</b></td><td>Kalundborg</td></tr><tr><td><b>Forkortelse</b></td><td>Kb</td></tr><tr><td><b>Datagennemgang</b></td><td>Match</td></tr><tr><td><b>GPS Nord</b></td><td>55.677467</td></tr><tr><td><b>GPS Øst</b></td><td>11.096546</td></tr><tr><td><b>Placering</b></td><td>Spor 104/106</td></tr><tr><td><b>Stander</b></td><td>FN17</td></tr><tr><td><b>Kilometrering</b></td><td>110.13</td></tr><tr><td><b>Tilgængelighed</b></td><td>Frit tilgængelig</td></tr><tr><td><b>Idriftsættelsesdato</b></td><td>Thu May 19 2011 00:00:00 GMT+0200 (Central European Summer Time)</td></tr><tr><td><b>Forsyningstavle</b></td><td>053.000.B1.2</td></tr><tr><td><b>Antal spor</b></td><td>2</td></tr><tr><td><b>Antal stik</b></td><td>2</td></tr><tr><td><b>Sporgruppe</b></td><td>104/106</td></tr><tr><td><b>Fremmednetstik type</b></td><td>9300/9800 Powerflex</td></tr><tr><td><b>Note</b></td><td></td></tr>
</table>
]]>
</description>
  <Point>
    <coordinates>11.096546,55.677467,0</coordinates>
  </Point>
</Placemark>
</Document></kml>