<?xml version="1.0" encoding="UTF-8"?><kml xmlns="http://www.opengis.net/kml/2.2"><Document>
<name>Pumper - PUMPER</name>

<Style id="s">
  <IconStyle>
    <scale>1.1</scale>
    <Icon>
      <href>https://raw.githubusercontent.com/Deja4100/Ikoner/main/Pumpeanl%C3%A6g.png</href>
    </Icon>
  </IconStyle>
</Style>

<Placemark>
  <name>Teknikrum i perrontunnel</name>
  <styleUrl>#s</styleUrl>
  <description>
<![CDATA[
<table border="1" style="border-collapse:collapse;width:100%">
<tr><td><b>Bane</b></td><td>12</td></tr><tr><td><b>TIB</b></td><td>1</td></tr><tr><td><b>Navn</b></td><td>Borup</td></tr><tr><td><b>Forkortelse</b></td><td>Bo</td></tr><tr><td><b>Uddybende placering</b></td><td>Teknikrum i perrontunnel</td></tr><tr><td><b>Equipment</b></td><td>10753486</td></tr><tr><td><b>Datagennemgang</b></td><td>Not Found</td></tr><tr><td><b>Forsyningstavle</b></td><td>014.049.E</td></tr><tr><td><b>Kilometrering</b></td><td>49.740</td></tr><tr><td><b>Idriftsættelses dato</b></td><td>01-07-2013</td></tr><tr><td><b>GPS Nord</b></td><td>55.494506000</td></tr><tr><td><b>GPS Øst</b></td><td>11.972406000</td></tr><tr><td><b>Pumpeeffekt (kW)</b></td><td>1.25</td></tr><tr><td><b>Antal årlige eftersyn</b></td><td>1</td></tr><tr><td><b>Indendørs/udendørs</b></td><td>Indendørs</td></tr><tr><td><b>Jernbanesikkerhed</b></td><td>1</td></tr><tr><td><b>Skal overvåges</b></td><td>Ja</td></tr><tr><td><b>Styring fabrikat</b></td><td>Ingen styring</td></tr><tr><td><b>Styring model</b></td><td></td></tr><tr><td><b>Overvågning</b></td><td>Multiguard</td></tr><tr><td><b>Grundfos konverting</b></td><td>CIU+kort+batteri+antenne</td></tr><tr><td><b>Grundfos Utility Connect (IMEI)</b></td><td></td></tr><tr><td><b>Multiguard SIM kort nummer</b></td><td>89450136240527194997</td></tr><tr><td><b>Multiguard tlf. nr.</b></td><td>23628797</td></tr><tr><td><b>Multiguard PIN/PUK</b></td><td>16444068</td></tr>
</table>
]]>
</description>
  <Point>
    <coordinates>11.972406000,55.494506000,0</coordinates>
  </Point>
</Placemark>

<Placemark>
  <name>P1 - Under Næstvedvejbroen</name>
  <styleUrl>#s</styleUrl>
  <description>
<![CDATA[
<table border="1" style="border-collapse:collapse;width:100%">
<tr><td><b>Bane</b></td><td>12</td></tr><tr><td><b>TIB</b></td><td>1</td></tr><tr><td><b>Navn</b></td><td>Ringsted</td></tr><tr><td><b>Forkortelse</b></td><td>Rg</td></tr><tr><td><b>Uddybende placering</b></td><td>P1 - Under Næstvedvejbroen</td></tr><tr><td><b>Equipment</b></td><td>10753487</td></tr><tr><td><b>Datagennemgang</b></td><td>Not Found</td></tr><tr><td><b>Forsyningstavle</b></td><td>015.000.C4</td></tr><tr><td><b>Kilometrering</b></td><td>63.525</td></tr><tr><td><b>Idriftsættelses dato</b></td><td>01-08-2020</td></tr><tr><td><b>GPS Nord</b></td><td>55.438474000</td></tr><tr><td><b>GPS Øst</b></td><td>11.792437000</td></tr><tr><td><b>Pumpeeffekt (kW)</b></td><td>9</td></tr><tr><td><b>Antal årlige eftersyn</b></td><td>1</td></tr><tr><td><b>Indendørs/udendørs</b></td><td>Udendørs</td></tr><tr><td><b>Jernbanesikkerhed</b></td><td>3</td></tr><tr><td><b>Skal overvåges</b></td><td>Ja</td></tr><tr><td><b>Styring fabrikat</b></td><td>Flygt</td></tr><tr><td><b>Styring model</b></td><td>MyConnect</td></tr><tr><td><b>Overvågning</b></td><td>Multiguard</td></tr><tr><td><b>Grundfos konverting</b></td><td>CIU+kort+batteri+antenne</td></tr><tr><td><b>Grundfos Utility Connect (IMEI)</b></td><td></td></tr><tr><td><b>Multiguard SIM kort nummer</b></td><td>89450136241206622738</td></tr><tr><td><b>Multiguard tlf. nr.</b></td><td>40499284</td></tr><tr><td><b>Multiguard PIN/PUK</b></td><td>9813/60701768</td></tr>
</table>
]]>
</description>
  <Point>
    <coordinates>11.792437000,55.438474000,0</coordinates>
  </Point>
</Placemark>

<Placemark>
  <name>P2 - Under Næstvedvejbroen</name>
  <styleUrl>#s</styleUrl>
  <description>
<![CDATA[
<table border="1" style="border-collapse:collapse;width:100%">
<tr><td><b>Bane</b></td><td>12</td></tr><tr><td><b>TIB</b></td><td>1</td></tr><tr><td><b>Navn</b></td><td>Ringsted</td></tr><tr><td><b>Forkortelse</b></td><td>Rg</td></tr><tr><td><b>Uddybende placering</b></td><td>P2 - Under Næstvedvejbroen</td></tr><tr><td><b>Equipment</b></td><td>10753488</td></tr><tr><td><b>Datagennemgang</b></td><td>Not Found</td></tr><tr><td><b>Forsyningstavle</b></td><td>015.000.C4</td></tr><tr><td><b>Kilometrering</b></td><td>63.525</td></tr><tr><td><b>Idriftsættelses dato</b></td><td>01-08-2020</td></tr><tr><td><b>GPS Nord</b></td><td>55.438474000</td></tr><tr><td><b>GPS Øst</b></td><td>11.792437000</td></tr><tr><td><b>Pumpeeffekt (kW)</b></td><td>9</td></tr><tr><td><b>Antal årlige eftersyn</b></td><td>1</td></tr><tr><td><b>Indendørs/udendørs</b></td><td>Udendørs</td></tr><tr><td><b>Jernbanesikkerhed</b></td><td>3</td></tr><tr><td><b>Skal overvåges</b></td><td>Ja</td></tr><tr><td><b>Styring fabrikat</b></td><td>Flygt</td></tr><tr><td><b>Styring model</b></td><td>MyConnect</td></tr><tr><td><b>Overvågning</b></td><td>Multiguard</td></tr><tr><td><b>Grundfos konverting</b></td><td></td></tr><tr><td><b>Grundfos Utility Connect (IMEI)</b></td><td></td></tr><tr><td><b>Multiguard SIM kort nummer</b></td><td>89450136241206622738</td></tr><tr><td><b>Multiguard tlf. nr.</b></td><td>40499284</td></tr><tr><td><b>Multiguard PIN/PUK</b></td><td>9813/60701768</td></tr>
</table>
]]>
</description>
  <Point>
    <coordinates>11.792437000,55.438474000,0</coordinates>
  </Point>
</Placemark>

<Placemark>
  <name>Perron 2, trappeopgang vest - kabelbrønd</name>
  <styleUrl>#s</styleUrl>
  <description>
<![CDATA[
<table border="1" style="border-collapse:collapse;width:100%">
<tr><td><b>Bane</b></td><td>12</td></tr><tr><td><b>TIB</b></td><td>1</td></tr><tr><td><b>Navn</b></td><td>Ringsted</td></tr><tr><td><b>Forkortelse</b></td><td>Rg</td></tr><tr><td><b>Uddybende placering</b></td><td>Perron 2, trappeopgang vest - kabelbrønd</td></tr><tr><td><b>Equipment</b></td><td>10753489</td></tr><tr><td><b>Datagennemgang</b></td><td>Not Found</td></tr><tr><td><b>Forsyningstavle</b></td><td>015.000.A2</td></tr><tr><td><b>Kilometrering</b></td><td>63.927</td></tr><tr><td><b>Idriftsættelses dato</b></td><td>01-10-2020</td></tr><tr><td><b>GPS Nord</b></td><td>55.438075000</td></tr><tr><td><b>GPS Øst</b></td><td>11.786251000</td></tr><tr><td><b>Pumpeeffekt (kW)</b></td><td>0.3</td></tr><tr><td><b>Antal årlige eftersyn</b></td><td>1</td></tr><tr><td><b>Indendørs/udendørs</b></td><td>Udendørs</td></tr><tr><td><b>Jernbanesikkerhed</b></td><td>3</td></tr><tr><td><b>Skal overvåges</b></td><td>Ja</td></tr><tr><td><b>Styring fabrikat</b></td><td>Ingen Styring</td></tr><tr><td><b>Styring model</b></td><td></td></tr><tr><td><b>Overvågning</b></td><td></td></tr><tr><td><b>Grundfos konverting</b></td><td>CIU+kort+batteri+antenne</td></tr><tr><td><b>Grundfos Utility Connect (IMEI)</b></td><td></td></tr><tr><td><b>Multiguard SIM kort nummer</b></td><td>89450136240527194989</td></tr><tr><td><b>Multiguard tlf. nr.</b></td><td>91179615</td></tr><tr><td><b>Multiguard PIN/PUK</b></td><td>4228/66839505</td></tr>
</table>
]]>
</description>
  <Point>
    <coordinates>11.786251000,55.438075000,0</coordinates>
  </Point>
</Placemark>

<Placemark>
  <name>Perron 3, trappeopgang vest - kabelbrønd</name>
  <styleUrl>#s</styleUrl>
  <description>
<![CDATA[
<table border="1" style="border-collapse:collapse;width:100%">
<tr><td><b>Bane</b></td><td>12</td></tr><tr><td><b>TIB</b></td><td>1</td></tr><tr><td><b>Navn</b></td><td>Ringsted</td></tr><tr><td><b>Forkortelse</b></td><td>Rg</td></tr><tr><td><b>Uddybende placering</b></td><td>Perron 3, trappeopgang vest - kabelbrønd</td></tr><tr><td><b>Equipment</b></td><td>10753490</td></tr><tr><td><b>Datagennemgang</b></td><td>Not Found</td></tr><tr><td><b>Forsyningstavle</b></td><td>015.000.A2</td></tr><tr><td><b>Kilometrering</b></td><td>63.925</td></tr><tr><td><b>Idriftsættelses dato</b></td><td>01-10-2020</td></tr><tr><td><b>GPS Nord</b></td><td>55.437958000</td></tr><tr><td><b>GPS Øst</b></td><td>11.786327000</td></tr><tr><td><b>Pumpeeffekt (kW)</b></td><td>0.3</td></tr><tr><td><b>Antal årlige eftersyn</b></td><td>1</td></tr><tr><td><b>Indendørs/udendørs</b></td><td>Udendørs</td></tr><tr><td><b>Jernbanesikkerhed</b></td><td>3</td></tr><tr><td><b>Skal overvåges</b></td><td>Ja</td></tr><tr><td><b>Styring fabrikat</b></td><td>Ingen Styring</td></tr><tr><td><b>Styring model</b></td><td></td></tr><tr><td><b>Overvågning</b></td><td></td></tr><tr><td><b>Grundfos konverting</b></td><td>CIU+kort+batteri+antenne</td></tr><tr><td><b>Grundfos Utility Connect (IMEI)</b></td><td></td></tr><tr><td><b>Multiguard SIM kort nummer</b></td><td>89450136240527194989</td></tr><tr><td><b>Multiguard tlf. nr.</b></td><td>91179615</td></tr><tr><td><b>Multiguard PIN/PUK</b></td><td>4228/66839505</td></tr>
</table>
]]>
</description>
  <Point>
    <coordinates>11.786327000,55.437958000,0</coordinates>
  </Point>
</Placemark>

<Placemark>
  <name>P1 - Ved GSM-R mast - Godsbanevej 2 i P-Plads</name>
  <styleUrl>#s</styleUrl>
  <description>
<![CDATA[
<table border="1" style="border-collapse:collapse;width:100%">
<tr><td><b>Bane</b></td><td>12</td></tr><tr><td><b>TIB</b></td><td>1</td></tr><tr><td><b>Navn</b></td><td>Ringsted</td></tr><tr><td><b>Forkortelse</b></td><td>Rg</td></tr><tr><td><b>Uddybende placering</b></td><td>P1 - Ved GSM-R mast - Godsbanevej 2 i P-Plads</td></tr><tr><td><b>Equipment</b></td><td>10753491</td></tr><tr><td><b>Datagennemgang</b></td><td>Not Found</td></tr><tr><td><b>Forsyningstavle</b></td><td>015.000.B5</td></tr><tr><td><b>Kilometrering</b></td><td>63.724</td></tr><tr><td><b>Idriftsættelses dato</b></td><td>01-06-2020</td></tr><tr><td><b>GPS Nord</b></td><td>55.437609000</td></tr><tr><td><b>GPS Øst</b></td><td>11.789010000</td></tr><tr><td><b>Pumpeeffekt (kW)</b></td><td>9</td></tr><tr><td><b>Antal årlige eftersyn</b></td><td>1</td></tr><tr><td><b>Indendørs/udendørs</b></td><td>Udendørs</td></tr><tr><td><b>Jernbanesikkerhed</b></td><td>2</td></tr><tr><td><b>Skal overvåges</b></td><td>Ja</td></tr><tr><td><b>Styring fabrikat</b></td><td>Flygt</td></tr><tr><td><b>Styring model</b></td><td>MyConnect</td></tr><tr><td><b>Overvågning</b></td><td>Multiguard</td></tr><tr><td><b>Grundfos konverting</b></td><td>CIU+kort+batteri+antenne</td></tr><tr><td><b>Grundfos Utility Connect (IMEI)</b></td><td></td></tr><tr><td><b>Multiguard SIM kort nummer</b></td><td>89450130211222155126</td></tr><tr><td><b>Multiguard tlf. nr.</b></td><td>20571068</td></tr><tr><td><b>Multiguard PIN/PUK</b></td><td>9326/32541595</td></tr>
</table>
]]>
</description>
  <Point>
    <coordinates>11.789010000,55.437609000,0</coordinates>
  </Point>
</Placemark>

<Placemark>
  <name>P2 - Ved GSM-R mast - Godsbanevej 2 i P-Plads</name>
  <styleUrl>#s</styleUrl>
  <description>
<![CDATA[
<table border="1" style="border-collapse:collapse;width:100%">
<tr><td><b>Bane</b></td><td>12</td></tr><tr><td><b>TIB</b></td><td>1</td></tr><tr><td><b>Navn</b></td><td>Ringsted</td></tr><tr><td><b>Forkortelse</b></td><td>Rg</td></tr><tr><td><b>Uddybende placering</b></td><td>P2 - Ved GSM-R mast - Godsbanevej 2 i P-Plads</td></tr><tr><td><b>Equipment</b></td><td>10753492</td></tr><tr><td><b>Datagennemgang</b></td><td>Not Found</td></tr><tr><td><b>Forsyningstavle</b></td><td>015.000.B5</td></tr><tr><td><b>Kilometrering</b></td><td>63.724</td></tr><tr><td><b>Idriftsættelses dato</b></td><td>01-06-2020</td></tr><tr><td><b>GPS Nord</b></td><td>55.437598000</td></tr><tr><td><b>GPS Øst</b></td><td>11.788972000</td></tr><tr><td><b>Pumpeeffekt (kW)</b></td><td>9</td></tr><tr><td><b>Antal årlige eftersyn</b></td><td>1</td></tr><tr><td><b>Indendørs/udendørs</b></td><td>Udendørs</td></tr><tr><td><b>Jernbanesikkerhed</b></td><td>2</td></tr><tr><td><b>Skal overvåges</b></td><td>Ja</td></tr><tr><td><b>Styring fabrikat</b></td><td>Flygt</td></tr><tr><td><b>Styring model</b></td><td>MyConnect</td></tr><tr><td><b>Overvågning</b></td><td>Multiguard</td></tr><tr><td><b>Grundfos konverting</b></td><td></td></tr><tr><td><b>Grundfos Utility Connect (IMEI)</b></td><td></td></tr><tr><td><b>Multiguard SIM kort nummer</b></td><td>89450130211222155126</td></tr><tr><td><b>Multiguard tlf. nr.</b></td><td>20571068</td></tr><tr><td><b>Multiguard PIN/PUK</b></td><td>9326/32541595</td></tr>
</table>
]]>
</description>
  <Point>
    <coordinates>11.788972000,55.437598000,0</coordinates>
  </Point>
</Placemark>

<Placemark>
  <name>P1 - Ud for Dyssegårdsvej 17 - 5m fra spor</name>
  <styleUrl>#s</styleUrl>
  <description>
<![CDATA[
<table border="1" style="border-collapse:collapse;width:100%">
<tr><td><b>Bane</b></td><td>12</td></tr><tr><td><b>TIB</b></td><td>1</td></tr><tr><td><b>Navn</b></td><td>Ringsted</td></tr><tr><td><b>Forkortelse</b></td><td>Rg</td></tr><tr><td><b>Uddybende placering</b></td><td>P1 - Ud for Dyssegårdsvej 17 - 5m fra spor</td></tr><tr><td><b>Equipment</b></td><td>10753493</td></tr><tr><td><b>Datagennemgang</b></td><td>Not Found</td></tr><tr><td><b>Forsyningstavle</b></td><td>015.000.K3</td></tr><tr><td><b>Kilometrering</b></td><td>62.342</td></tr><tr><td><b>Idriftsættelses dato</b></td><td>01-03-2017</td></tr><tr><td><b>GPS Nord</b></td><td>55.439018000</td></tr><tr><td><b>GPS Øst</b></td><td>11.811219000</td></tr><tr><td><b>Pumpeeffekt (kW)</b></td><td>2.7</td></tr><tr><td><b>Antal årlige eftersyn</b></td><td>1</td></tr><tr><td><b>Indendørs/udendørs</b></td><td>Udendørs</td></tr><tr><td><b>Jernbanesikkerhed</b></td><td>2</td></tr><tr><td><b>Skal overvåges</b></td><td>Ja</td></tr><tr><td><b>Styring fabrikat</b></td><td>Grundfos </td></tr><tr><td><b>Styring model</b></td><td>Cu362/IO351</td></tr><tr><td><b>Overvågning</b></td><td></td></tr><tr><td><b>Grundfos konverting</b></td><td>CIU+kort+batteri+antenne</td></tr><tr><td><b>Grundfos Utility Connect (IMEI)</b></td><td></td></tr><tr><td><b>Multiguard SIM kort nummer</b></td><td>89450136240527195036</td></tr><tr><td><b>Multiguard tlf. nr.</b></td><td>51521759</td></tr><tr><td><b>Multiguard PIN/PUK</b></td><td>3341/47566666</td></tr>
</table>
]]>
</description>
  <Point>
    <coordinates>11.811219000,55.439018000,0</coordinates>
  </Point>
</Placemark>

<Placemark>
  <name>P2 - Ud for Dyssegårdsvej 17 - 5m fra spor</name>
  <styleUrl>#s</styleUrl>
  <description>
<![CDATA[
<table border="1" style="border-collapse:collapse;width:100%">
<tr><td><b>Bane</b></td><td>12</td></tr><tr><td><b>TIB</b></td><td>1</td></tr><tr><td><b>Navn</b></td><td>Ringsted</td></tr><tr><td><b>Forkortelse</b></td><td>Rg</td></tr><tr><td><b>Uddybende placering</b></td><td>P2 - Ud for Dyssegårdsvej 17 - 5m fra spor</td></tr><tr><td><b>Equipment</b></td><td>10753494</td></tr><tr><td><b>Datagennemgang</b></td><td>Not Found</td></tr><tr><td><b>Forsyningstavle</b></td><td>015.000.K3</td></tr><tr><td><b>Kilometrering</b></td><td>62.342</td></tr><tr><td><b>Idriftsættelses dato</b></td><td>01-03-2017</td></tr><tr><td><b>GPS Nord</b></td><td>55.439018000</td></tr><tr><td><b>GPS Øst</b></td><td>11.811219000</td></tr><tr><td><b>Pumpeeffekt (kW)</b></td><td>2.7</td></tr><tr><td><b>Antal årlige eftersyn</b></td><td>1</td></tr><tr><td><b>Indendørs/udendørs</b></td><td>Udendørs</td></tr><tr><td><b>Jernbanesikkerhed</b></td><td>2</td></tr><tr><td><b>Skal overvåges</b></td><td>Ja</td></tr><tr><td><b>Styring fabrikat</b></td><td>Grundfos </td></tr><tr><td><b>Styring model</b></td><td>Cu362/IO351</td></tr><tr><td><b>Overvågning</b></td><td></td></tr><tr><td><b>Grundfos konverting</b></td><td>CIU+kort+batteri+antenne</td></tr><tr><td><b>Grundfos Utility Connect (IMEI)</b></td><td></td></tr><tr><td><b>Multiguard SIM kort nummer</b></td><td></td></tr><tr><td><b>Multiguard tlf. nr.</b></td><td></td></tr><tr><td><b>Multiguard PIN/PUK</b></td><td></td></tr>
</table>
]]>
</description>
  <Point>
    <coordinates>11.811219000,55.439018000,0</coordinates>
  </Point>
</Placemark>

<Placemark>
  <name>P1 - Nedenfor Mellem Broerne 10</name>
  <styleUrl>#s</styleUrl>
  <description>
<![CDATA[
<table border="1" style="border-collapse:collapse;width:100%">
<tr><td><b>Bane</b></td><td>12</td></tr><tr><td><b>TIB</b></td><td>1</td></tr><tr><td><b>Navn</b></td><td>Ringsted</td></tr><tr><td><b>Forkortelse</b></td><td>Rg</td></tr><tr><td><b>Uddybende placering</b></td><td>P1 - Nedenfor Mellem Broerne 10</td></tr><tr><td><b>Equipment</b></td><td>10753495</td></tr><tr><td><b>Datagennemgang</b></td><td>Not Found</td></tr><tr><td><b>Forsyningstavle</b></td><td>015.000.G1</td></tr><tr><td><b>Kilometrering</b></td><td>63.391</td></tr><tr><td><b>Idriftsættelses dato</b></td><td>01-03-2017</td></tr><tr><td><b>GPS Nord</b></td><td>55.438225000</td></tr><tr><td><b>GPS Øst</b></td><td>11.794719000</td></tr><tr><td><b>Pumpeeffekt (kW)</b></td><td>2.7</td></tr><tr><td><b>Antal årlige eftersyn</b></td><td>1</td></tr><tr><td><b>Indendørs/udendørs</b></td><td>Udendørs</td></tr><tr><td><b>Jernbanesikkerhed</b></td><td>3</td></tr><tr><td><b>Skal overvåges</b></td><td>Ja</td></tr><tr><td><b>Styring fabrikat</b></td><td>Grundfos </td></tr><tr><td><b>Styring model</b></td><td>Cu362/IO351</td></tr><tr><td><b>Overvågning</b></td><td>Multiguard</td></tr><tr><td><b>Grundfos konverting</b></td><td>Kort+batteri</td></tr><tr><td><b>Grundfos Utility Connect (IMEI)</b></td><td></td></tr><tr><td><b>Multiguard SIM kort nummer</b></td><td>89450130170606333396</td></tr><tr><td><b>Multiguard tlf. nr.</b></td><td>24842172</td></tr><tr><td><b>Multiguard PIN/PUK</b></td><td>6687/32059762</td></tr>
</table>
]]>
</description>
  <Point>
    <coordinates>11.794719000,55.438225000,0</coordinates>
  </Point>
</Placemark>

<Placemark>
  <name>P2 - Nedenfor Mellem Broerne 10</name>
  <styleUrl>#s</styleUrl>
  <description>
<![CDATA[
<table border="1" style="border-collapse:collapse;width:100%">
<tr><td><b>Bane</b></td><td>12</td></tr><tr><td><b>TIB</b></td><td>1</td></tr><tr><td><b>Navn</b></td><td>Ringsted</td></tr><tr><td><b>Forkortelse</b></td><td>Rg</td></tr><tr><td><b>Uddybende placering</b></td><td>P2 - Nedenfor Mellem Broerne 10</td></tr><tr><td><b>Equipment</b></td><td>10753496</td></tr><tr><td><b>Datagennemgang</b></td><td>Not Found</td></tr><tr><td><b>Forsyningstavle</b></td><td>015.000.G1</td></tr><tr><td><b>Kilometrering</b></td><td>63.391</td></tr><tr><td><b>Idriftsættelses dato</b></td><td>01-03-2017</td></tr><tr><td><b>GPS Nord</b></td><td>55.438225000</td></tr><tr><td><b>GPS Øst</b></td><td>11.794719000</td></tr><tr><td><b>Pumpeeffekt (kW)</b></td><td>2.7</td></tr><tr><td><b>Antal årlige eftersyn</b></td><td>1</td></tr><tr><td><b>Indendørs/udendørs</b></td><td>Udendørs</td></tr><tr><td><b>Jernbanesikkerhed</b></td><td>3</td></tr><tr><td><b>Skal overvåges</b></td><td>Ja</td></tr><tr><td><b>Styring fabrikat</b></td><td>Grundfos </td></tr><tr><td><b>Styring model</b></td><td>Cu362/IO351</td></tr><tr><td><b>Overvågning</b></td><td>Multiguard</td></tr><tr><td><b>Grundfos konverting</b></td><td></td></tr><tr><td><b>Grundfos Utility Connect (IMEI)</b></td><td></td></tr><tr><td><b>Multiguard SIM kort nummer</b></td><td>89450130170606333397</td></tr><tr><td><b>Multiguard tlf. nr.</b></td><td>24842172</td></tr><tr><td><b>Multiguard PIN/PUK</b></td><td>6687/32059762</td></tr>
</table>
]]>
</description>
  <Point>
    <coordinates>11.794719000,55.438225000,0</coordinates>
  </Point>
</Placemark>

<Placemark>
  <name>Pumpebrønd i fortorv</name>
  <styleUrl>#s</styleUrl>
  <description>
<![CDATA[
<table border="1" style="border-collapse:collapse;width:100%">
<tr><td><b>Bane</b></td><td>12</td></tr><tr><td><b>TIB</b></td><td>1</td></tr><tr><td><b>Navn</b></td><td>Viby Sjælland</td></tr><tr><td><b>Forkortelse</b></td><td>Vy</td></tr><tr><td><b>Uddybende placering</b></td><td>Pumpebrønd i fortorv</td></tr><tr><td><b>Equipment</b></td><td>10825515</td></tr><tr><td><b>Datagennemgang</b></td><td>Not Found</td></tr><tr><td><b>Forsyningstavle</b></td><td>014.043.A8</td></tr><tr><td><b>Kilometrering</b></td><td>42.496</td></tr><tr><td><b>Idriftsættelses dato</b></td><td>18-11-2019</td></tr><tr><td><b>GPS Nord</b></td><td>55.549487000</td></tr><tr><td><b>GPS Øst</b></td><td>12.024272000</td></tr><tr><td><b>Pumpeeffekt (kW)</b></td><td>1.09</td></tr><tr><td><b>Antal årlige eftersyn</b></td><td>1</td></tr><tr><td><b>Indendørs/udendørs</b></td><td>Udendørs</td></tr><tr><td><b>Jernbanesikkerhed</b></td><td>1</td></tr><tr><td><b>Skal overvåges</b></td><td>Ja</td></tr><tr><td><b>Styring fabrikat</b></td><td>Flygt</td></tr><tr><td><b>Styring model</b></td><td>FGC313</td></tr><tr><td><b>Overvågning</b></td><td></td></tr><tr><td><b>Grundfos konverting</b></td><td></td></tr><tr><td><b>Grundfos Utility Connect (IMEI)</b></td><td></td></tr><tr><td><b>Multiguard SIM kort nummer</b></td><td>89450136240527195010</td></tr><tr><td><b>Multiguard tlf. nr.</b></td><td>21844078</td></tr><tr><td><b>Multiguard PIN/PUK</b></td><td>6823/03088406</td></tr>
</table>
]]>
</description>
  <Point>
    <coordinates>12.024272000,55.549487000,0</coordinates>
  </Point>
</Placemark>

<Placemark>
  <name>P1 - 33.2 m, ved parkering, kolonnehus</name>
  <styleUrl>#s</styleUrl>
  <description>
<![CDATA[
<table border="1" style="border-collapse:collapse;width:100%">
<tr><td><b>Bane</b></td><td>13</td></tr><tr><td><b>TIB</b></td><td>1</td></tr><tr><td><b>Navn</b></td><td>Slagelse</td></tr><tr><td><b>Forkortelse</b></td><td>Sg</td></tr><tr><td><b>Uddybende placering</b></td><td>P1 - 33.2 m, ved parkering, kolonnehus</td></tr><tr><td><b>Equipment</b></td><td>10860998</td></tr><tr><td><b>Datagennemgang</b></td><td>Not Found</td></tr><tr><td><b>Forsyningstavle</b></td><td>016.093.A10</td></tr><tr><td><b>Kilometrering</b></td><td>92.393</td></tr><tr><td><b>Idriftsættelses dato</b></td><td>Wed Jan 11 2023 00:00:00 GMT+0100 (Central European Standard Time)</td></tr><tr><td><b>GPS Nord</b></td><td>55.407933000</td></tr><tr><td><b>GPS Øst</b></td><td>11.350635000</td></tr><tr><td><b>Pumpeeffekt (kW)</b></td><td>17</td></tr><tr><td><b>Antal årlige eftersyn</b></td><td>1</td></tr><tr><td><b>Indendørs/udendørs</b></td><td>Udendørs</td></tr><tr><td><b>Jernbanesikkerhed</b></td><td>2</td></tr><tr><td><b>Skal overvåges</b></td><td>Ja</td></tr><tr><td><b>Styring fabrikat</b></td><td>Grundfos </td></tr><tr><td><b>Styring model</b></td><td>LC241</td></tr><tr><td><b>Overvågning</b></td><td>Multiguard</td></tr><tr><td><b>Grundfos konverting</b></td><td></td></tr><tr><td><b>Grundfos Utility Connect (IMEI)</b></td><td></td></tr><tr><td><b>Multiguard SIM kort nummer</b></td><td>89450130211222155175</td></tr><tr><td><b>Multiguard tlf. nr.</b></td><td>21553831</td></tr><tr><td><b>Multiguard PIN/PUK</b></td><td>93762319</td></tr>
</table>
]]>
</description>
  <Point>
    <coordinates>11.350635000,55.407933000,0</coordinates>
  </Point>
</Placemark>

<Placemark>
  <name>P2 - 33.2 m, ved parkering, kolonnehus</name>
  <styleUrl>#s</styleUrl>
  <description>
<![CDATA[
<table border="1" style="border-collapse:collapse;width:100%">
<tr><td><b>Bane</b></td><td>13</td></tr><tr><td><b>TIB</b></td><td>1</td></tr><tr><td><b>Navn</b></td><td>Slagelse</td></tr><tr><td><b>Forkortelse</b></td><td>Sg</td></tr><tr><td><b>Uddybende placering</b></td><td>P2 - 33.2 m, ved parkering, kolonnehus</td></tr><tr><td><b>Equipment</b></td><td>10860999</td></tr><tr><td><b>Datagennemgang</b></td><td>Not Found</td></tr><tr><td><b>Forsyningstavle</b></td><td>016.093.A10</td></tr><tr><td><b>Kilometrering</b></td><td>92.393</td></tr><tr><td><b>Idriftsættelses dato</b></td><td>Wed Jan 11 2023 00:00:00 GMT+0100 (Central European Standard Time)</td></tr><tr><td><b>GPS Nord</b></td><td>55.407933000</td></tr><tr><td><b>GPS Øst</b></td><td>11.350635000</td></tr><tr><td><b>Pumpeeffekt (kW)</b></td><td>15</td></tr><tr><td><b>Antal årlige eftersyn</b></td><td>1</td></tr><tr><td><b>Indendørs/udendørs</b></td><td>Udendørs</td></tr><tr><td><b>Jernbanesikkerhed</b></td><td>2</td></tr><tr><td><b>Skal overvåges</b></td><td>Ja</td></tr><tr><td><b>Styring fabrikat</b></td><td>Grundfos </td></tr><tr><td><b>Styring model</b></td><td>LC241</td></tr><tr><td><b>Overvågning</b></td><td>Multiguard</td></tr><tr><td><b>Grundfos konverting</b></td><td></td></tr><tr><td><b>Grundfos Utility Connect (IMEI)</b></td><td></td></tr><tr><td><b>Multiguard SIM kort nummer</b></td><td>89450130211222155175</td></tr><tr><td><b>Multiguard tlf. nr.</b></td><td>21553831</td></tr><tr><td><b>Multiguard PIN/PUK</b></td><td>93762319</td></tr>
</table>
]]>
</description>
  <Point>
    <coordinates>11.350635000,55.407933000,0</coordinates>
  </Point>
</Placemark>

<Placemark>
  <name>P1 - 33.4 m, under jernbanegadebroen</name>
  <styleUrl>#s</styleUrl>
  <description>
<![CDATA[
<table border="1" style="border-collapse:collapse;width:100%">
<tr><td><b>Bane</b></td><td>13</td></tr><tr><td><b>TIB</b></td><td>1</td></tr><tr><td><b>Navn</b></td><td>Slagelse</td></tr><tr><td><b>Forkortelse</b></td><td>Sg</td></tr><tr><td><b>Uddybende placering</b></td><td>P1 - 33.4 m, under jernbanegadebroen</td></tr><tr><td><b>Equipment</b></td><td>10861000</td></tr><tr><td><b>Datagennemgang</b></td><td>Not Found</td></tr><tr><td><b>Forsyningstavle</b></td><td>016.093.F2</td></tr><tr><td><b>Kilometrering</b></td><td>92.671</td></tr><tr><td><b>Idriftsættelses dato</b></td><td>Wed Jan 11 2023 00:00:00 GMT+0100 (Central European Standard Time)</td></tr><tr><td><b>GPS Nord</b></td><td>55.408106000</td></tr><tr><td><b>GPS Øst</b></td><td>11.352525000</td></tr><tr><td><b>Pumpeeffekt (kW)</b></td><td>17</td></tr><tr><td><b>Antal årlige eftersyn</b></td><td>1</td></tr><tr><td><b>Indendørs/udendørs</b></td><td>Udendørs</td></tr><tr><td><b>Jernbanesikkerhed</b></td><td>2</td></tr><tr><td><b>Skal overvåges</b></td><td>Ja</td></tr><tr><td><b>Styring fabrikat</b></td><td>Grundfos </td></tr><tr><td><b>Styring model</b></td><td>LC241</td></tr><tr><td><b>Overvågning</b></td><td>Multiguard</td></tr><tr><td><b>Grundfos konverting</b></td><td></td></tr><tr><td><b>Grundfos Utility Connect (IMEI)</b></td><td></td></tr><tr><td><b>Multiguard SIM kort nummer</b></td><td>89450130170606333388</td></tr><tr><td><b>Multiguard tlf. nr.</b></td><td>24755747</td></tr><tr><td><b>Multiguard PIN/PUK</b></td><td>0725/89972715</td></tr>
</table>
]]>
</description>
  <Point>
    <coordinates>11.352525000,55.408106000,0</coordinates>
  </Point>
</Placemark>

<Placemark>
  <name>P2 - 33.4 m, under jernbanegadebroen</name>
  <styleUrl>#s</styleUrl>
  <description>
<![CDATA[
<table border="1" style="border-collapse:collapse;width:100%">
<tr><td><b>Bane</b></td><td>13</td></tr><tr><td><b>TIB</b></td><td>1</td></tr><tr><td><b>Navn</b></td><td>Slagelse</td></tr><tr><td><b>Forkortelse</b></td><td>Sg</td></tr><tr><td><b>Uddybende placering</b></td><td>P2 - 33.4 m, under jernbanegadebroen</td></tr><tr><td><b>Equipment</b></td><td>10861001</td></tr><tr><td><b>Datagennemgang</b></td><td>Not Found</td></tr><tr><td><b>Forsyningstavle</b></td><td>016.093.F2</td></tr><tr><td><b>Kilometrering</b></td><td>92.671</td></tr><tr><td><b>Idriftsættelses dato</b></td><td>Wed Jan 11 2023 00:00:00 GMT+0100 (Central European Standard Time)</td></tr><tr><td><b>GPS Nord</b></td><td>55.408106000</td></tr><tr><td><b>GPS Øst</b></td><td>11.352525000</td></tr><tr><td><b>Pumpeeffekt (kW)</b></td><td>15</td></tr><tr><td><b>Antal årlige eftersyn</b></td><td>1</td></tr><tr><td><b>Indendørs/udendørs</b></td><td>Udendørs</td></tr><tr><td><b>Jernbanesikkerhed</b></td><td>2</td></tr><tr><td><b>Skal overvåges</b></td><td>Ja</td></tr><tr><td><b>Styring fabrikat</b></td><td>Grundfos </td></tr><tr><td><b>Styring model</b></td><td>LC241</td></tr><tr><td><b>Overvågning</b></td><td>Multiguard</td></tr><tr><td><b>Grundfos konverting</b></td><td></td></tr><tr><td><b>Grundfos Utility Connect (IMEI)</b></td><td></td></tr><tr><td><b>Multiguard SIM kort nummer</b></td><td>89450130170606333388</td></tr><tr><td><b>Multiguard tlf. nr.</b></td><td>24755747</td></tr><tr><td><b>Multiguard PIN/PUK</b></td><td>0725/89972715</td></tr>
</table>
]]>
</description>
  <Point>
    <coordinates>11.352525000,55.408106000,0</coordinates>
  </Point>
</Placemark>

<Placemark>
  <name>P1 - Rosenkildevej ved spor</name>
  <styleUrl>#s</styleUrl>
  <description>
<![CDATA[
<table border="1" style="border-collapse:collapse;width:100%">
<tr><td><b>Bane</b></td><td>13</td></tr><tr><td><b>TIB</b></td><td>1</td></tr><tr><td><b>Navn</b></td><td>Slagelse</td></tr><tr><td><b>Forkortelse</b></td><td>Sg</td></tr><tr><td><b>Uddybende placering</b></td><td>P1 - Rosenkildevej ved spor</td></tr><tr><td><b>Equipment</b></td><td>10753502</td></tr><tr><td><b>Datagennemgang</b></td><td>Not Found</td></tr><tr><td><b>Forsyningstavle</b></td><td>016.093.B2</td></tr><tr><td><b>Kilometrering</b></td><td>91.929</td></tr><tr><td><b>Idriftsættelses dato</b></td><td>Thu May 01 2008 00:00:00 GMT+0200 (Central European Summer Time)</td></tr><tr><td><b>GPS Nord</b></td><td>55.411544000</td></tr><tr><td><b>GPS Øst</b></td><td>11.362336000</td></tr><tr><td><b>Pumpeeffekt (kW)</b></td><td>2.9</td></tr><tr><td><b>Antal årlige eftersyn</b></td><td>1</td></tr><tr><td><b>Indendørs/udendørs</b></td><td>Udendørs</td></tr><tr><td><b>Jernbanesikkerhed</b></td><td>2</td></tr><tr><td><b>Skal overvåges</b></td><td>Ja</td></tr><tr><td><b>Styring fabrikat</b></td><td></td></tr><tr><td><b>Styring model</b></td><td></td></tr><tr><td><b>Overvågning</b></td><td></td></tr><tr><td><b>Grundfos konverting</b></td><td></td></tr><tr><td><b>Grundfos Utility Connect (IMEI)</b></td><td></td></tr><tr><td><b>Multiguard SIM kort nummer</b></td><td>89450136240527195028</td></tr><tr><td><b>Multiguard tlf. nr.</b></td><td>21777651</td></tr><tr><td><b>Multiguard PIN/PUK</b></td><td>1228/25912776</td></tr>
</table>
]]>
</description>
  <Point>
    <coordinates>11.362336000,55.411544000,0</coordinates>
  </Point>
</Placemark>

<Placemark>
  <name>P2 - Rosenkildevej ved spor</name>
  <styleUrl>#s</styleUrl>
  <description>
<![CDATA[
<table border="1" style="border-collapse:collapse;width:100%">
<tr><td><b>Bane</b></td><td>13</td></tr><tr><td><b>TIB</b></td><td>1</td></tr><tr><td><b>Navn</b></td><td>Slagelse</td></tr><tr><td><b>Forkortelse</b></td><td>Sg</td></tr><tr><td><b>Uddybende placering</b></td><td>P2 - Rosenkildevej ved spor</td></tr><tr><td><b>Equipment</b></td><td>10753503</td></tr><tr><td><b>Datagennemgang</b></td><td>Not Found</td></tr><tr><td><b>Forsyningstavle</b></td><td>016.093.B2</td></tr><tr><td><b>Kilometrering</b></td><td>91.929</td></tr><tr><td><b>Idriftsættelses dato</b></td><td>Thu May 01 2008 00:00:00 GMT+0200 (Central European Summer Time)</td></tr><tr><td><b>GPS Nord</b></td><td>55.411544000</td></tr><tr><td><b>GPS Øst</b></td><td>11.362336000</td></tr><tr><td><b>Pumpeeffekt (kW)</b></td><td>2.9</td></tr><tr><td><b>Antal årlige eftersyn</b></td><td>1</td></tr><tr><td><b>Indendørs/udendørs</b></td><td>Udendørs</td></tr><tr><td><b>Jernbanesikkerhed</b></td><td>2</td></tr><tr><td><b>Skal overvåges</b></td><td>Ja</td></tr><tr><td><b>Styring fabrikat</b></td><td></td></tr><tr><td><b>Styring model</b></td><td></td></tr><tr><td><b>Overvågning</b></td><td></td></tr><tr><td><b>Grundfos konverting</b></td><td></td></tr><tr><td><b>Grundfos Utility Connect (IMEI)</b></td><td></td></tr><tr><td><b>Multiguard SIM kort nummer</b></td><td>89450136240527195028</td></tr><tr><td><b>Multiguard tlf. nr.</b></td><td>21777651</td></tr><tr><td><b>Multiguard PIN/PUK</b></td><td>1228/25912776</td></tr>
</table>
]]>
</description>
  <Point>
    <coordinates>11.362336000,55.411544000,0</coordinates>
  </Point>
</Placemark>

<Placemark>
  <name>Kabelbrønd kolonnehus</name>
  <styleUrl>#s</styleUrl>
  <description>
<![CDATA[
<table border="1" style="border-collapse:collapse;width:100%">
<tr><td><b>Bane</b></td><td>13</td></tr><tr><td><b>TIB</b></td><td>1</td></tr><tr><td><b>Navn</b></td><td>Slagelse</td></tr><tr><td><b>Forkortelse</b></td><td>Sg</td></tr><tr><td><b>Uddybende placering</b></td><td>Kabelbrønd kolonnehus</td></tr><tr><td><b>Equipment</b></td><td>10905805</td></tr><tr><td><b>Datagennemgang</b></td><td>Not Found</td></tr><tr><td><b>Forsyningstavle</b></td><td>016.093.A2</td></tr><tr><td><b>Kilometrering</b></td><td>92.823</td></tr><tr><td><b>Idriftsættelses dato</b></td><td>Tue Sep 23 2025 00:00:00 GMT+0200 (Central European Summer Time)</td></tr><tr><td><b>GPS Nord</b></td><td>55.408149000</td></tr><tr><td><b>GPS Øst</b></td><td>11.350273000</td></tr><tr><td><b>Pumpeeffekt (kW)</b></td><td>0.3</td></tr><tr><td><b>Antal årlige eftersyn</b></td><td>1</td></tr><tr><td><b>Indendørs/udendørs</b></td><td>Udendørs</td></tr><tr><td><b>Jernbanesikkerhed</b></td><td>1</td></tr><tr><td><b>Skal overvåges</b></td><td>Ja</td></tr><tr><td><b>Styring fabrikat</b></td><td></td></tr><tr><td><b>Styring model</b></td><td></td></tr><tr><td><b>Overvågning</b></td><td></td></tr><tr><td><b>Grundfos konverting</b></td><td></td></tr><tr><td><b>Grundfos Utility Connect (IMEI)</b></td><td></td></tr><tr><td><b>Multiguard SIM kort nummer</b></td><td></td></tr><tr><td><b>Multiguard tlf. nr.</b></td><td></td></tr><tr><td><b>Multiguard PIN/PUK</b></td><td></td></tr>
</table>
]]>
</description>
  <Point>
    <coordinates>11.350273000,55.408149000,0</coordinates>
  </Point>
</Placemark>

<Placemark>
  <name>Teknikrum i perrontunnel</name>
  <styleUrl>#s</styleUrl>
  <description>
<![CDATA[
<table border="1" style="border-collapse:collapse;width:100%">
<tr><td><b>Bane</b></td><td>13</td></tr><tr><td><b>TIB</b></td><td>1</td></tr><tr><td><b>Navn</b></td><td>Sorø</td></tr><tr><td><b>Forkortelse</b></td><td>So</td></tr><tr><td><b>Uddybende placering</b></td><td>Teknikrum i perrontunnel</td></tr><tr><td><b>Equipment</b></td><td>10753497</td></tr><tr><td><b>Datagennemgang</b></td><td>Not Found</td></tr><tr><td><b>Forsyningstavle</b></td><td>016.093.A</td></tr><tr><td><b>Kilometrering</b></td><td>78.355</td></tr><tr><td><b>Idriftsættelses dato</b></td><td>01-06-2016</td></tr><tr><td><b>GPS Nord</b></td><td>55.419036000</td></tr><tr><td><b>GPS Øst</b></td><td>11.568974000</td></tr><tr><td><b>Pumpeeffekt (kW)</b></td><td>1.2</td></tr><tr><td><b>Antal årlige eftersyn</b></td><td>1</td></tr><tr><td><b>Indendørs/udendørs</b></td><td>Indendørs</td></tr><tr><td><b>Jernbanesikkerhed</b></td><td>1</td></tr><tr><td><b>Skal overvåges</b></td><td>Ja</td></tr><tr><td><b>Styring fabrikat</b></td><td>Grundfos </td></tr><tr><td><b>Styring model</b></td><td>CIU</td></tr><tr><td><b>Overvågning</b></td><td>Multiguard</td></tr><tr><td><b>Grundfos konverting</b></td><td>Kort+batteri</td></tr><tr><td><b>Grundfos Utility Connect (IMEI)</b></td><td></td></tr><tr><td><b>Multiguard SIM kort nummer</b></td><td>89450130170606345002</td></tr><tr><td><b>Multiguard tlf. nr.</b></td><td>52304661</td></tr><tr><td><b>Multiguard PIN/PUK</b></td><td>50884558</td></tr>
</table>
]]>
</description>
  <Point>
    <coordinates>11.568974000,55.419036000,0</coordinates>
  </Point>
</Placemark>

<Placemark>
  <name>P1 - Syd for sporet i terræn</name>
  <styleUrl>#s</styleUrl>
  <description>
<![CDATA[
<table border="1" style="border-collapse:collapse;width:100%">
<tr><td><b>Bane</b></td><td>13</td></tr><tr><td><b>TIB</b></td><td>1</td></tr><tr><td><b>Navn</b></td><td>Sorø</td></tr><tr><td><b>Forkortelse</b></td><td>So</td></tr><tr><td><b>Uddybende placering</b></td><td>P1 - Syd for sporet i terræn</td></tr><tr><td><b>Equipment</b></td><td>10753498</td></tr><tr><td><b>Datagennemgang</b></td><td>Not Found</td></tr><tr><td><b>Forsyningstavle</b></td><td>016.079.D</td></tr><tr><td><b>Kilometrering</b></td><td>78.183</td></tr><tr><td><b>Idriftsættelses dato</b></td><td>01-08-2009</td></tr><tr><td><b>GPS Nord</b></td><td>55.419215000</td></tr><tr><td><b>GPS Øst</b></td><td>11.571705000</td></tr><tr><td><b>Pumpeeffekt (kW)</b></td><td>4.9</td></tr><tr><td><b>Antal årlige eftersyn</b></td><td>1</td></tr><tr><td><b>Indendørs/udendørs</b></td><td>Udendørs</td></tr><tr><td><b>Jernbanesikkerhed</b></td><td>1</td></tr><tr><td><b>Skal overvåges</b></td><td>Ja</td></tr><tr><td><b>Styring fabrikat</b></td><td>Flygt</td></tr><tr><td><b>Styring model</b></td><td>MyConnect</td></tr><tr><td><b>Overvågning</b></td><td>Multiguard</td></tr><tr><td><b>Grundfos konverting</b></td><td>CIU+kort+batteri+antenne</td></tr><tr><td><b>Grundfos Utility Connect (IMEI)</b></td><td></td></tr><tr><td><b>Multiguard SIM kort nummer</b></td><td>89450130170606333891</td></tr><tr><td><b>Multiguard tlf. nr.</b></td><td>40209568</td></tr><tr><td><b>Multiguard PIN/PUK</b></td><td>31196123</td></tr>
</table>
]]>
</description>
  <Point>
    <coordinates>11.571705000,55.419215000,0</coordinates>
  </Point>
</Placemark>

<Placemark>
  <name>P2 - Syd for sporet i terræn</name>
  <styleUrl>#s</styleUrl>
  <description>
<![CDATA[
<table border="1" style="border-collapse:collapse;width:100%">
<tr><td><b>Bane</b></td><td>13</td></tr><tr><td><b>TIB</b></td><td>1</td></tr><tr><td><b>Navn</b></td><td>Sorø</td></tr><tr><td><b>Forkortelse</b></td><td>So</td></tr><tr><td><b>Uddybende placering</b></td><td>P2 - Syd for sporet i terræn</td></tr><tr><td><b>Equipment</b></td><td>10753499</td></tr><tr><td><b>Datagennemgang</b></td><td>Not Found</td></tr><tr><td><b>Forsyningstavle</b></td><td>016.079.D</td></tr><tr><td><b>Kilometrering</b></td><td>78.183</td></tr><tr><td><b>Idriftsættelses dato</b></td><td>01-08-2009</td></tr><tr><td><b>GPS Nord</b></td><td>55.419215000</td></tr><tr><td><b>GPS Øst</b></td><td>11.571705000</td></tr><tr><td><b>Pumpeeffekt (kW)</b></td><td>4.9</td></tr><tr><td><b>Antal årlige eftersyn</b></td><td>1</td></tr><tr><td><b>Indendørs/udendørs</b></td><td>Udendørs</td></tr><tr><td><b>Jernbanesikkerhed</b></td><td>1</td></tr><tr><td><b>Skal overvåges</b></td><td>Ja</td></tr><tr><td><b>Styring fabrikat</b></td><td>Flygt</td></tr><tr><td><b>Styring model</b></td><td>MyConnect</td></tr><tr><td><b>Overvågning</b></td><td>Multiguard</td></tr><tr><td><b>Grundfos konverting</b></td><td></td></tr><tr><td><b>Grundfos Utility Connect (IMEI)</b></td><td></td></tr><tr><td><b>Multiguard SIM kort nummer</b></td><td>89450130170606333891</td></tr><tr><td><b>Multiguard tlf. nr.</b></td><td>40209568</td></tr><tr><td><b>Multiguard PIN/PUK</b></td><td>31196123</td></tr>
</table>
]]>
</description>
  <Point>
    <coordinates>11.571705000,55.419215000,0</coordinates>
  </Point>
</Placemark>

<Placemark>
  <name>P1 - På mark ved Masnedøvej - øst for banedæmning</name>
  <styleUrl>#s</styleUrl>
  <description>
<![CDATA[
<table border="1" style="border-collapse:collapse;width:100%">
<tr><td><b>Bane</b></td><td>21</td></tr><tr><td><b>TIB</b></td><td>2</td></tr><tr><td><b>Navn</b></td><td>Masnedø</td></tr><tr><td><b>Forkortelse</b></td><td>Mn</td></tr><tr><td><b>Uddybende placering</b></td><td>P1 - På mark ved Masnedøvej - øst for banedæmning</td></tr><tr><td><b>Equipment</b></td><td>10753508</td></tr><tr><td><b>Datagennemgang</b></td><td>Not Found</td></tr><tr><td><b>Forsyningstavle</b></td><td>024.123.B</td></tr><tr><td><b>Kilometrering</b></td><td>121.573</td></tr><tr><td><b>Idriftsættelses dato</b></td><td>01-02-2013</td></tr><tr><td><b>GPS Nord</b></td><td>54.985043000</td></tr><tr><td><b>GPS Øst</b></td><td>11.892843000</td></tr><tr><td><b>Pumpeeffekt (kW)</b></td><td>1.25</td></tr><tr><td><b>Antal årlige eftersyn</b></td><td>1</td></tr><tr><td><b>Indendørs/udendørs</b></td><td>Udendørs</td></tr><tr><td><b>Jernbanesikkerhed</b></td><td>1</td></tr><tr><td><b>Skal overvåges</b></td><td>Ja</td></tr><tr><td><b>Styring fabrikat</b></td><td>MJK</td></tr><tr><td><b>Styring model</b></td><td>704</td></tr><tr><td><b>Overvågning</b></td><td></td></tr><tr><td><b>Grundfos konverting</b></td><td>CIU+kort+batteri+antenne</td></tr><tr><td><b>Grundfos Utility Connect (IMEI)</b></td><td></td></tr><tr><td><b>Multiguard SIM kort nummer</b></td><td>89450136240527286223</td></tr><tr><td><b>Multiguard tlf. nr.</b></td><td>51487447</td></tr><tr><td><b>Multiguard PIN/PUK</b></td><td>5483/81501907</td></tr>
</table>
]]>
</description>
  <Point>
    <coordinates>11.892843000,54.985043000,0</coordinates>
  </Point>
</Placemark>

<Placemark>
  <name>P2 - På mark ved Masnedøvej - øst for banedæmning</name>
  <styleUrl>#s</styleUrl>
  <description>
<![CDATA[
<table border="1" style="border-collapse:collapse;width:100%">
<tr><td><b>Bane</b></td><td>21</td></tr><tr><td><b>TIB</b></td><td>2</td></tr><tr><td><b>Navn</b></td><td>Masnedø</td></tr><tr><td><b>Forkortelse</b></td><td>Mn</td></tr><tr><td><b>Uddybende placering</b></td><td>P2 - På mark ved Masnedøvej - øst for banedæmning</td></tr><tr><td><b>Equipment</b></td><td>10753509</td></tr><tr><td><b>Datagennemgang</b></td><td>Not Found</td></tr><tr><td><b>Forsyningstavle</b></td><td>024.123.B</td></tr><tr><td><b>Kilometrering</b></td><td>121.573</td></tr><tr><td><b>Idriftsættelses dato</b></td><td>01-02-2013</td></tr><tr><td><b>GPS Nord</b></td><td>54.985043000</td></tr><tr><td><b>GPS Øst</b></td><td>11.892843000</td></tr><tr><td><b>Pumpeeffekt (kW)</b></td><td>1.25</td></tr><tr><td><b>Antal årlige eftersyn</b></td><td>1</td></tr><tr><td><b>Indendørs/udendørs</b></td><td>Udendørs</td></tr><tr><td><b>Jernbanesikkerhed</b></td><td>1</td></tr><tr><td><b>Skal overvåges</b></td><td>Ja</td></tr><tr><td><b>Styring fabrikat</b></td><td>MJK</td></tr><tr><td><b>Styring model</b></td><td>704</td></tr><tr><td><b>Overvågning</b></td><td></td></tr><tr><td><b>Grundfos konverting</b></td><td></td></tr><tr><td><b>Grundfos Utility Connect (IMEI)</b></td><td></td></tr><tr><td><b>Multiguard SIM kort nummer</b></td><td>89450136240527286223</td></tr><tr><td><b>Multiguard tlf. nr.</b></td><td>51487447</td></tr><tr><td><b>Multiguard PIN/PUK</b></td><td>5483/81501907</td></tr>
</table>
]]>
</description>
  <Point>
    <coordinates>11.892843000,54.985043000,0</coordinates>
  </Point>
</Placemark>

<Placemark>
  <name>I perrontunnel bag endevæg</name>
  <styleUrl>#s</styleUrl>
  <description>
<![CDATA[
<table border="1" style="border-collapse:collapse;width:100%">
<tr><td><b>Bane</b></td><td>21</td></tr><tr><td><b>TIB</b></td><td>2</td></tr><tr><td><b>Navn</b></td><td>Næstved</td></tr><tr><td><b>Forkortelse</b></td><td>Næ</td></tr><tr><td><b>Uddybende placering</b></td><td>I perrontunnel bag endevæg</td></tr><tr><td><b>Equipment</b></td><td>10753504</td></tr><tr><td><b>Datagennemgang</b></td><td>Not Found</td></tr><tr><td><b>Forsyningstavle</b></td><td>023.000.A5</td></tr><tr><td><b>Kilometrering</b></td><td>90.677</td></tr><tr><td><b>Idriftsættelses dato</b></td><td>01-02-2013</td></tr><tr><td><b>GPS Nord</b></td><td>55.231623000</td></tr><tr><td><b>GPS Øst</b></td><td>11.767465000</td></tr><tr><td><b>Pumpeeffekt (kW)</b></td><td>0.48</td></tr><tr><td><b>Antal årlige eftersyn</b></td><td>1</td></tr><tr><td><b>Indendørs/udendørs</b></td><td>Udendørs</td></tr><tr><td><b>Jernbanesikkerhed</b></td><td>1</td></tr><tr><td><b>Skal overvåges</b></td><td>Ja</td></tr><tr><td><b>Styring fabrikat</b></td><td>Ingen Styring</td></tr><tr><td><b>Styring model</b></td><td></td></tr><tr><td><b>Overvågning</b></td><td>Lübcke SAN</td></tr><tr><td><b>Grundfos konverting</b></td><td>CIU+kort+batteri+antenne</td></tr><tr><td><b>Grundfos Utility Connect (IMEI)</b></td><td></td></tr><tr><td><b>Multiguard SIM kort nummer</b></td><td></td></tr><tr><td><b>Multiguard tlf. nr.</b></td><td></td></tr><tr><td><b>Multiguard PIN/PUK</b></td><td></td></tr>
</table>
]]>
</description>
  <Point>
    <coordinates>11.767465000,55.231623000,0</coordinates>
  </Point>
</Placemark>

<Placemark>
  <name>P1 - Nord ved fækalieanlæg</name>
  <styleUrl>#s</styleUrl>
  <description>
<![CDATA[
<table border="1" style="border-collapse:collapse;width:100%">
<tr><td><b>Bane</b></td><td>21</td></tr><tr><td><b>TIB</b></td><td>2</td></tr><tr><td><b>Navn</b></td><td>Næstved</td></tr><tr><td><b>Forkortelse</b></td><td>Næ</td></tr><tr><td><b>Uddybende placering</b></td><td>P1 - Nord ved fækalieanlæg</td></tr><tr><td><b>Equipment</b></td><td>10877609</td></tr><tr><td><b>Datagennemgang</b></td><td>Not Found</td></tr><tr><td><b>Forsyningstavle</b></td><td>023.000.P1</td></tr><tr><td><b>Kilometrering</b></td><td>90.345</td></tr><tr><td><b>Idriftsættelses dato</b></td><td>26-08-2024</td></tr><tr><td><b>GPS Nord</b></td><td>55.226555000</td></tr><tr><td><b>GPS Øst</b></td><td>11.773101000</td></tr><tr><td><b>Pumpeeffekt (kW)</b></td><td>1.3</td></tr><tr><td><b>Antal årlige eftersyn</b></td><td>1</td></tr><tr><td><b>Indendørs/udendørs</b></td><td>Udendørs</td></tr><tr><td><b>Jernbanesikkerhed</b></td><td>1</td></tr><tr><td><b>Skal overvåges</b></td><td>Ja</td></tr><tr><td><b>Styring fabrikat</b></td><td>Grundfos</td></tr><tr><td><b>Styring model</b></td><td></td></tr><tr><td><b>Overvågning</b></td><td>Multiguard</td></tr><tr><td><b>Grundfos konverting</b></td><td></td></tr><tr><td><b>Grundfos Utility Connect (IMEI)</b></td><td></td></tr><tr><td><b>Multiguard SIM kort nummer</b></td><td>89450136240527286231</td></tr><tr><td><b>Multiguard tlf. nr.</b></td><td>81733326</td></tr><tr><td><b>Multiguard PIN/PUK</b></td><td>49563045</td></tr>
</table>
]]>
</description>
  <Point>
    <coordinates>11.773101000,55.226555000,0</coordinates>
  </Point>
</Placemark>

<Placemark>
  <name>P1 - Syd for fækalieanlæg</name>
  <styleUrl>#s</styleUrl>
  <description>
<![CDATA[
<table border="1" style="border-collapse:collapse;width:100%">
<tr><td><b>Bane</b></td><td>21</td></tr><tr><td><b>TIB</b></td><td>2</td></tr><tr><td><b>Navn</b></td><td>Næstved</td></tr><tr><td><b>Forkortelse</b></td><td>Næ</td></tr><tr><td><b>Uddybende placering</b></td><td>P1 - Syd for fækalieanlæg</td></tr><tr><td><b>Equipment</b></td><td>10877610</td></tr><tr><td><b>Datagennemgang</b></td><td>Not Found</td></tr><tr><td><b>Forsyningstavle</b></td><td>023.000.P2</td></tr><tr><td><b>Kilometrering</b></td><td>90.472</td></tr><tr><td><b>Idriftsættelses dato</b></td><td>26-08-2024</td></tr><tr><td><b>GPS Nord</b></td><td>55.225813000</td></tr><tr><td><b>GPS Øst</b></td><td>11.774551000</td></tr><tr><td><b>Pumpeeffekt (kW)</b></td><td>0.9</td></tr><tr><td><b>Antal årlige eftersyn</b></td><td>1</td></tr><tr><td><b>Indendørs/udendørs</b></td><td>Udendørs</td></tr><tr><td><b>Jernbanesikkerhed</b></td><td>1</td></tr><tr><td><b>Skal overvåges</b></td><td>Ja</td></tr><tr><td><b>Styring fabrikat</b></td><td>Grundfos</td></tr><tr><td><b>Styring model</b></td><td></td></tr><tr><td><b>Overvågning</b></td><td>Multiguard</td></tr><tr><td><b>Grundfos konverting</b></td><td></td></tr><tr><td><b>Grundfos Utility Connect (IMEI)</b></td><td></td></tr><tr><td><b>Multiguard SIM kort nummer</b></td><td>89450136240527286249</td></tr><tr><td><b>Multiguard tlf. nr.</b></td><td>51468902</td></tr><tr><td><b>Multiguard PIN/PUK</b></td><td>80137125</td></tr>
</table>
]]>
</description>
  <Point>
    <coordinates>11.774551000,55.225813000,0</coordinates>
  </Point>
</Placemark>

<Placemark>
  <name>P2 - I sporet, nord for Vesterskovvej</name>
  <styleUrl>#s</styleUrl>
  <description>
<![CDATA[
<table border="1" style="border-collapse:collapse;width:100%">
<tr><td><b>Bane</b></td><td>21</td></tr><tr><td><b>TIB</b></td><td>2</td></tr><tr><td><b>Navn</b></td><td>Nykøbing F</td></tr><tr><td><b>Forkortelse</b></td><td>Nf</td></tr><tr><td><b>Uddybende placering</b></td><td>P2 - I sporet, nord for Vesterskovvej</td></tr><tr><td><b>Equipment</b></td><td>10753510</td></tr><tr><td><b>Datagennemgang</b></td><td>Not Found</td></tr><tr><td><b>Forsyningstavle</b></td><td>027.000.B8</td></tr><tr><td><b>Kilometrering</b></td><td>146.759</td></tr><tr><td><b>Idriftsættelses dato</b></td><td>01-06-2012</td></tr><tr><td><b>GPS Nord</b></td><td>54.767342000</td></tr><tr><td><b>GPS Øst</b></td><td>11.878820000</td></tr><tr><td><b>Pumpeeffekt (kW)</b></td><td>0.71</td></tr><tr><td><b>Antal årlige eftersyn</b></td><td>1</td></tr><tr><td><b>Indendørs/udendørs</b></td><td>Udendørs</td></tr><tr><td><b>Jernbanesikkerhed</b></td><td>3</td></tr><tr><td><b>Skal overvåges</b></td><td>Ja</td></tr><tr><td><b>Styring fabrikat</b></td><td>Flygt</td></tr><tr><td><b>Styring model</b></td><td>FGC313</td></tr><tr><td><b>Overvågning</b></td><td></td></tr><tr><td><b>Grundfos konverting</b></td><td>CIU+kort+batteri+antenne</td></tr><tr><td><b>Grundfos Utility Connect (IMEI)</b></td><td></td></tr><tr><td><b>Multiguard SIM kort nummer</b></td><td>89450136241206767350</td></tr><tr><td><b>Multiguard tlf. nr.</b></td><td>29348791</td></tr><tr><td><b>Multiguard PIN/PUK</b></td><td>4661/72142533</td></tr>
</table>
]]>
</description>
  <Point>
    <coordinates>11.878820000,54.767342000,0</coordinates>
  </Point>
</Placemark>

<Placemark>
  <name>P5 - Vest for DSB depot - pumpe 1</name>
  <styleUrl>#s</styleUrl>
  <description>
<![CDATA[
<table border="1" style="border-collapse:collapse;width:100%">
<tr><td><b>Bane</b></td><td>21</td></tr><tr><td><b>TIB</b></td><td>2</td></tr><tr><td><b>Navn</b></td><td>Nykøbing F</td></tr><tr><td><b>Forkortelse</b></td><td>Nf</td></tr><tr><td><b>Uddybende placering</b></td><td>P5 - Vest for DSB depot - pumpe 1</td></tr><tr><td><b>Equipment</b></td><td>10753511</td></tr><tr><td><b>Datagennemgang</b></td><td>Not Found</td></tr><tr><td><b>Forsyningstavle</b></td><td>027.000.H3</td></tr><tr><td><b>Kilometrering</b></td><td>145.552</td></tr><tr><td><b>Idriftsættelses dato</b></td><td>01-07-2013</td></tr><tr><td><b>GPS Nord</b></td><td>54.777470000</td></tr><tr><td><b>GPS Øst</b></td><td>11.884786000</td></tr><tr><td><b>Pumpeeffekt (kW)</b></td><td>1</td></tr><tr><td><b>Antal årlige eftersyn</b></td><td>1</td></tr><tr><td><b>Indendørs/udendørs</b></td><td>Udendørs</td></tr><tr><td><b>Jernbanesikkerhed</b></td><td>3</td></tr><tr><td><b>Skal overvåges</b></td><td>Ja</td></tr><tr><td><b>Styring fabrikat</b></td><td>MJK</td></tr><tr><td><b>Styring model</b></td><td>704</td></tr><tr><td><b>Overvågning</b></td><td></td></tr><tr><td><b>Grundfos konverting</b></td><td>CIU+kort+batteri+antenne</td></tr><tr><td><b>Grundfos Utility Connect (IMEI)</b></td><td></td></tr><tr><td><b>Multiguard SIM kort nummer</b></td><td>89450136240819265828</td></tr><tr><td><b>Multiguard tlf. nr.</b></td><td>51605565</td></tr><tr><td><b>Multiguard PIN/PUK</b></td><td>5106/54353042</td></tr>
</table>
]]>
</description>
  <Point>
    <coordinates>11.884786000,54.777470000,0</coordinates>
  </Point>
</Placemark>

<Placemark>
  <name>P5 - Vest for DSB depot - pumpe 2</name>
  <styleUrl>#s</styleUrl>
  <description>
<![CDATA[
<table border="1" style="border-collapse:collapse;width:100%">
<tr><td><b>Bane</b></td><td>21</td></tr><tr><td><b>TIB</b></td><td>2</td></tr><tr><td><b>Navn</b></td><td>Nykøbing F</td></tr><tr><td><b>Forkortelse</b></td><td>Nf</td></tr><tr><td><b>Uddybende placering</b></td><td>P5 - Vest for DSB depot - pumpe 2</td></tr><tr><td><b>Equipment</b></td><td>10878536</td></tr><tr><td><b>Datagennemgang</b></td><td>Not Found</td></tr><tr><td><b>Forsyningstavle</b></td><td>027.000.H3</td></tr><tr><td><b>Kilometrering</b></td><td>145.552</td></tr><tr><td><b>Idriftsættelses dato</b></td><td>01-07-2013</td></tr><tr><td><b>GPS Nord</b></td><td>54.777470000</td></tr><tr><td><b>GPS Øst</b></td><td>11.884786000</td></tr><tr><td><b>Pumpeeffekt (kW)</b></td><td>1</td></tr><tr><td><b>Antal årlige eftersyn</b></td><td>1</td></tr><tr><td><b>Indendørs/udendørs</b></td><td>Udendørs</td></tr><tr><td><b>Jernbanesikkerhed</b></td><td>3</td></tr><tr><td><b>Skal overvåges</b></td><td>Ja</td></tr><tr><td><b>Styring fabrikat</b></td><td>MJK</td></tr><tr><td><b>Styring model</b></td><td>704</td></tr><tr><td><b>Overvågning</b></td><td></td></tr><tr><td><b>Grundfos konverting</b></td><td></td></tr><tr><td><b>Grundfos Utility Connect (IMEI)</b></td><td></td></tr><tr><td><b>Multiguard SIM kort nummer</b></td><td>89450136240819265828</td></tr><tr><td><b>Multiguard tlf. nr.</b></td><td>51605565</td></tr><tr><td><b>Multiguard PIN/PUK</b></td><td>5106/54353042</td></tr>
</table>
]]>
</description>
  <Point>
    <coordinates>11.884786000,54.777470000,0</coordinates>
  </Point>
</Placemark>

<Placemark>
  <name>P1 - Kohaven, ved indhegning - pumpe 1</name>
  <styleUrl>#s</styleUrl>
  <description>
<![CDATA[
<table border="1" style="border-collapse:collapse;width:100%">
<tr><td><b>Bane</b></td><td>21</td></tr><tr><td><b>TIB</b></td><td>2</td></tr><tr><td><b>Navn</b></td><td>Nykøbing F</td></tr><tr><td><b>Forkortelse</b></td><td>Nf</td></tr><tr><td><b>Uddybende placering</b></td><td>P1 - Kohaven, ved indhegning - pumpe 1</td></tr><tr><td><b>Equipment</b></td><td>10753512</td></tr><tr><td><b>Datagennemgang</b></td><td>Not Found</td></tr><tr><td><b>Forsyningstavle</b></td><td>027.000.F6</td></tr><tr><td><b>Kilometrering</b></td><td>146.479</td></tr><tr><td><b>Idriftsættelses dato</b></td><td>01-06-2012</td></tr><tr><td><b>GPS Nord</b></td><td>54.769611000</td></tr><tr><td><b>GPS Øst</b></td><td>11.880765000</td></tr><tr><td><b>Pumpeeffekt (kW)</b></td><td>0.55</td></tr><tr><td><b>Antal årlige eftersyn</b></td><td>1</td></tr><tr><td><b>Indendørs/udendørs</b></td><td>Udendørs</td></tr><tr><td><b>Jernbanesikkerhed</b></td><td>3</td></tr><tr><td><b>Skal overvåges</b></td><td>Ja</td></tr><tr><td><b>Styring fabrikat</b></td><td>Flygt</td></tr><tr><td><b>Styring model</b></td><td>FGC323</td></tr><tr><td><b>Overvågning</b></td><td></td></tr><tr><td><b>Grundfos konverting</b></td><td>CIU+kort+batteri+antenne</td></tr><tr><td><b>Grundfos Utility Connect (IMEI)</b></td><td></td></tr><tr><td><b>Multiguard SIM kort nummer</b></td><td>89450136241206767400</td></tr><tr><td><b>Multiguard tlf. nr.</b></td><td>24763371</td></tr><tr><td><b>Multiguard PIN/PUK</b></td><td>6926/07644211</td></tr>
</table>
]]>
</description>
  <Point>
    <coordinates>11.880765000,54.769611000,0</coordinates>
  </Point>
</Placemark>

<Placemark>
  <name>P1 - Kohaven, ved indhegning - pumpe 2</name>
  <styleUrl>#s</styleUrl>
  <description>
<![CDATA[
<table border="1" style="border-collapse:collapse;width:100%">
<tr><td><b>Bane</b></td><td>21</td></tr><tr><td><b>TIB</b></td><td>2</td></tr><tr><td><b>Navn</b></td><td>Nykøbing F</td></tr><tr><td><b>Forkortelse</b></td><td>Nf</td></tr><tr><td><b>Uddybende placering</b></td><td>P1 - Kohaven, ved indhegning - pumpe 2</td></tr><tr><td><b>Equipment</b></td><td>10753513</td></tr><tr><td><b>Datagennemgang</b></td><td>Not Found</td></tr><tr><td><b>Forsyningstavle</b></td><td>027.000.F6</td></tr><tr><td><b>Kilometrering</b></td><td>146.479</td></tr><tr><td><b>Idriftsættelses dato</b></td><td>01-06-2012</td></tr><tr><td><b>GPS Nord</b></td><td>54.769611000</td></tr><tr><td><b>GPS Øst</b></td><td>11.880765000</td></tr><tr><td><b>Pumpeeffekt (kW)</b></td><td>0.55</td></tr><tr><td><b>Antal årlige eftersyn</b></td><td>1</td></tr><tr><td><b>Indendørs/udendørs</b></td><td>Udendørs</td></tr><tr><td><b>Jernbanesikkerhed</b></td><td>3</td></tr><tr><td><b>Skal overvåges</b></td><td>Ja</td></tr><tr><td><b>Styring fabrikat</b></td><td>Flygt</td></tr><tr><td><b>Styring model</b></td><td>FGC323</td></tr><tr><td><b>Overvågning</b></td><td></td></tr><tr><td><b>Grundfos konverting</b></td><td></td></tr><tr><td><b>Grundfos Utility Connect (IMEI)</b></td><td></td></tr><tr><td><b>Multiguard SIM kort nummer</b></td><td>89450136241206767400</td></tr><tr><td><b>Multiguard tlf. nr.</b></td><td>24763371</td></tr><tr><td><b>Multiguard PIN/PUK</b></td><td>6926/07644211</td></tr>
</table>
]]>
</description>
  <Point>
    <coordinates>11.880765000,54.769611000,0</coordinates>
  </Point>
</Placemark>

<Placemark>
  <name>P6 - nær rensningsanlæg</name>
  <styleUrl>#s</styleUrl>
  <description>
<![CDATA[
<table border="1" style="border-collapse:collapse;width:100%">
<tr><td><b>Bane</b></td><td>21</td></tr><tr><td><b>TIB</b></td><td>2</td></tr><tr><td><b>Navn</b></td><td>Nykøbing F</td></tr><tr><td><b>Forkortelse</b></td><td>Nf</td></tr><tr><td><b>Uddybende placering</b></td><td>P6 - nær rensningsanlæg</td></tr><tr><td><b>Equipment</b></td><td>10878537</td></tr><tr><td><b>Datagennemgang</b></td><td>Not Found</td></tr><tr><td><b>Forsyningstavle</b></td><td>DSB tavle</td></tr><tr><td><b>Kilometrering</b></td><td>145.995</td></tr><tr><td><b>Idriftsættelses dato</b></td><td>01-01-2018</td></tr><tr><td><b>GPS Nord</b></td><td>54.773788000</td></tr><tr><td><b>GPS Øst</b></td><td>11.882601000</td></tr><tr><td><b>Pumpeeffekt (kW)</b></td><td></td></tr><tr><td><b>Antal årlige eftersyn</b></td><td>1</td></tr><tr><td><b>Indendørs/udendørs</b></td><td>Udendørs</td></tr><tr><td><b>Jernbanesikkerhed</b></td><td>1</td></tr><tr><td><b>Skal overvåges</b></td><td>Ja</td></tr><tr><td><b>Styring fabrikat</b></td><td>MJK</td></tr><tr><td><b>Styring model</b></td><td>704</td></tr><tr><td><b>Overvågning</b></td><td>Lübcke SAN</td></tr><tr><td><b>Grundfos konverting</b></td><td></td></tr><tr><td><b>Grundfos Utility Connect (IMEI)</b></td><td></td></tr><tr><td><b>Multiguard SIM kort nummer</b></td><td></td></tr><tr><td><b>Multiguard tlf. nr.</b></td><td></td></tr><tr><td><b>Multiguard PIN/PUK</b></td><td></td></tr>
</table>
]]>
</description>
  <Point>
    <coordinates>11.882601000,54.773788000,0</coordinates>
  </Point>
</Placemark>

<Placemark>
  <name>P4 - For enden af perron 3 - syd</name>
  <styleUrl>#s</styleUrl>
  <description>
<![CDATA[
<table border="1" style="border-collapse:collapse;width:100%">
<tr><td><b>Bane</b></td><td>21</td></tr><tr><td><b>TIB</b></td><td>2</td></tr><tr><td><b>Navn</b></td><td>Nykøbing F</td></tr><tr><td><b>Forkortelse</b></td><td>Nf</td></tr><tr><td><b>Uddybende placering</b></td><td>P4 - For enden af perron 3 - syd</td></tr><tr><td><b>Equipment</b></td><td>10753514</td></tr><tr><td><b>Datagennemgang</b></td><td>Not Found</td></tr><tr><td><b>Forsyningstavle</b></td><td>027.000.G4</td></tr><tr><td><b>Kilometrering</b></td><td>147.014</td></tr><tr><td><b>Idriftsættelses dato</b></td><td>01-06-2012</td></tr><tr><td><b>GPS Nord</b></td><td>54.765488000</td></tr><tr><td><b>GPS Øst</b></td><td>11.876549000</td></tr><tr><td><b>Pumpeeffekt (kW)</b></td><td>0.55</td></tr><tr><td><b>Antal årlige eftersyn</b></td><td>1</td></tr><tr><td><b>Indendørs/udendørs</b></td><td>Udendørs</td></tr><tr><td><b>Jernbanesikkerhed</b></td><td>3</td></tr><tr><td><b>Skal overvåges</b></td><td>Ja</td></tr><tr><td><b>Styring fabrikat</b></td><td>Flygt</td></tr><tr><td><b>Styring model</b></td><td>FGC313</td></tr><tr><td><b>Overvågning</b></td><td></td></tr><tr><td><b>Grundfos konverting</b></td><td>CIU+kort+batteri+antenne</td></tr><tr><td><b>Grundfos Utility Connect (IMEI)</b></td><td></td></tr><tr><td><b>Multiguard SIM kort nummer</b></td><td>89450136241206767368</td></tr><tr><td><b>Multiguard tlf. nr.</b></td><td>29553213</td></tr><tr><td><b>Multiguard PIN/PUK</b></td><td>7915/53270143</td></tr>
</table>
]]>
</description>
  <Point>
    <coordinates>11.876549000,54.765488000,0</coordinates>
  </Point>
</Placemark>

<Placemark>
  <name>P3 - Km 147.120, syd for perron 1 - pumpe 1</name>
  <styleUrl>#s</styleUrl>
  <description>
<![CDATA[
<table border="1" style="border-collapse:collapse;width:100%">
<tr><td><b>Bane</b></td><td>21</td></tr><tr><td><b>TIB</b></td><td>2</td></tr><tr><td><b>Navn</b></td><td>Nykøbing F</td></tr><tr><td><b>Forkortelse</b></td><td>Nf</td></tr><tr><td><b>Uddybende placering</b></td><td>P3 - Km 147.120, syd for perron 1 - pumpe 1</td></tr><tr><td><b>Equipment</b></td><td>10753515</td></tr><tr><td><b>Datagennemgang</b></td><td>Not Found</td></tr><tr><td><b>Forsyningstavle</b></td><td>027.000.G3</td></tr><tr><td><b>Kilometrering</b></td><td>147.120</td></tr><tr><td><b>Idriftsættelses dato</b></td><td>01-06-2012</td></tr><tr><td><b>GPS Nord</b></td><td>54.764778000</td></tr><tr><td><b>GPS Øst</b></td><td>11.875353000</td></tr><tr><td><b>Pumpeeffekt (kW)</b></td><td>0.71</td></tr><tr><td><b>Antal årlige eftersyn</b></td><td>1</td></tr><tr><td><b>Indendørs/udendørs</b></td><td>Udendørs</td></tr><tr><td><b>Jernbanesikkerhed</b></td><td>3</td></tr><tr><td><b>Skal overvåges</b></td><td>Ja</td></tr><tr><td><b>Styring fabrikat</b></td><td>Flygt</td></tr><tr><td><b>Styring model</b></td><td>FGC313</td></tr><tr><td><b>Overvågning</b></td><td></td></tr><tr><td><b>Grundfos konverting</b></td><td>CIU+kort+batteri+antenne</td></tr><tr><td><b>Grundfos Utility Connect (IMEI)</b></td><td></td></tr><tr><td><b>Multiguard SIM kort nummer</b></td><td>89450136241206767376</td></tr><tr><td><b>Multiguard tlf. nr.</b></td><td>24466269</td></tr><tr><td><b>Multiguard PIN/PUK</b></td><td>7989/63630358</td></tr>
</table>
]]>
</description>
  <Point>
    <coordinates>11.875353000,54.764778000,0</coordinates>
  </Point>
</Placemark>

<Placemark>
  <name>P3 - Km 147.120, syd for perron 1 - pumpe 2</name>
  <styleUrl>#s</styleUrl>
  <description>
<![CDATA[
<table border="1" style="border-collapse:collapse;width:100%">
<tr><td><b>Bane</b></td><td>21</td></tr><tr><td><b>TIB</b></td><td>2</td></tr><tr><td><b>Navn</b></td><td>Nykøbing F</td></tr><tr><td><b>Forkortelse</b></td><td>Nf</td></tr><tr><td><b>Uddybende placering</b></td><td>P3 - Km 147.120, syd for perron 1 - pumpe 2</td></tr><tr><td><b>Equipment</b></td><td>10878538</td></tr><tr><td><b>Datagennemgang</b></td><td>Not Found</td></tr><tr><td><b>Forsyningstavle</b></td><td>027.000.G3</td></tr><tr><td><b>Kilometrering</b></td><td>147.120</td></tr><tr><td><b>Idriftsættelses dato</b></td><td>01-06-2012</td></tr><tr><td><b>GPS Nord</b></td><td>54.764778000</td></tr><tr><td><b>GPS Øst</b></td><td>11.875353000</td></tr><tr><td><b>Pumpeeffekt (kW)</b></td><td>0.71</td></tr><tr><td><b>Antal årlige eftersyn</b></td><td>1</td></tr><tr><td><b>Indendørs/udendørs</b></td><td>Udendørs</td></tr><tr><td><b>Jernbanesikkerhed</b></td><td>3</td></tr><tr><td><b>Skal overvåges</b></td><td>Ja</td></tr><tr><td><b>Styring fabrikat</b></td><td>Flygt</td></tr><tr><td><b>Styring model</b></td><td>FGC313</td></tr><tr><td><b>Overvågning</b></td><td></td></tr><tr><td><b>Grundfos konverting</b></td><td></td></tr><tr><td><b>Grundfos Utility Connect (IMEI)</b></td><td></td></tr><tr><td><b>Multiguard SIM kort nummer</b></td><td>89450136241206767376</td></tr><tr><td><b>Multiguard tlf. nr.</b></td><td>24466269</td></tr><tr><td><b>Multiguard PIN/PUK</b></td><td>7989/63630358</td></tr>
</table>
]]>
</description>
  <Point>
    <coordinates>11.875353000,54.764778000,0</coordinates>
  </Point>
</Placemark>

<Placemark>
  <name>I perron 1</name>
  <styleUrl>#s</styleUrl>
  <description>
<![CDATA[
<table border="1" style="border-collapse:collapse;width:100%">
<tr><td><b>Bane</b></td><td>21</td></tr><tr><td><b>TIB</b></td><td>2</td></tr><tr><td><b>Navn</b></td><td>Vordingborg</td></tr><tr><td><b>Forkortelse</b></td><td>Vo</td></tr><tr><td><b>Uddybende placering</b></td><td>I perron 1</td></tr><tr><td><b>Equipment</b></td><td>10753505</td></tr><tr><td><b>Datagennemgang</b></td><td>Not Found</td></tr><tr><td><b>Forsyningstavle</b></td><td>024.121.F</td></tr><tr><td><b>Kilometrering</b></td><td>118.143</td></tr><tr><td><b>Idriftsættelses dato</b></td><td>01-10-2018</td></tr><tr><td><b>GPS Nord</b></td><td>55.012026000</td></tr><tr><td><b>GPS Øst</b></td><td>11.899695000</td></tr><tr><td><b>Pumpeeffekt (kW)</b></td><td>1</td></tr><tr><td><b>Antal årlige eftersyn</b></td><td>1</td></tr><tr><td><b>Indendørs/udendørs</b></td><td>Udendørs</td></tr><tr><td><b>Jernbanesikkerhed</b></td><td>2</td></tr><tr><td><b>Skal overvåges</b></td><td>Ja</td></tr><tr><td><b>Styring fabrikat</b></td><td>Ingen Styring</td></tr><tr><td><b>Styring model</b></td><td></td></tr><tr><td><b>Overvågning</b></td><td>Lübcke SAN</td></tr><tr><td><b>Grundfos konverting</b></td><td>CIU+kort+batteri+antenne</td></tr><tr><td><b>Grundfos Utility Connect (IMEI)</b></td><td></td></tr><tr><td><b>Multiguard SIM kort nummer</b></td><td>89450136240527194963</td></tr><tr><td><b>Multiguard tlf. nr.</b></td><td>91163141</td></tr><tr><td><b>Multiguard PIN/PUK</b></td><td>6593/21751960</td></tr>
</table>
]]>
</description>
  <Point>
    <coordinates>11.899695000,55.012026000,0</coordinates>
  </Point>
</Placemark>

<Placemark>
  <name>P4 - Ved GSM-R Mast</name>
  <styleUrl>#s</styleUrl>
  <description>
<![CDATA[
<table border="1" style="border-collapse:collapse;width:100%">
<tr><td><b>Bane</b></td><td>40</td></tr><tr><td><b>TIB</b></td><td>4</td></tr><tr><td><b>Navn</b></td><td>Køge</td></tr><tr><td><b>Forkortelse</b></td><td>Kj</td></tr><tr><td><b>Uddybende placering</b></td><td>P4 - Ved GSM-R Mast</td></tr><tr><td><b>Equipment</b></td><td>10753531</td></tr><tr><td><b>Datagennemgang</b></td><td>Not Found</td></tr><tr><td><b>Forsyningstavle</b></td><td>042.053.A8</td></tr><tr><td><b>Kilometrering</b></td><td>53.403</td></tr><tr><td><b>Idriftsættelses dato</b></td><td>01-04-2007</td></tr><tr><td><b>GPS Nord</b></td><td>55.459774000</td></tr><tr><td><b>GPS Øst</b></td><td>12.187565000</td></tr><tr><td><b>Pumpeeffekt (kW)</b></td><td>0.7</td></tr><tr><td><b>Antal årlige eftersyn</b></td><td>1</td></tr><tr><td><b>Indendørs/udendørs</b></td><td>Udendørs</td></tr><tr><td><b>Jernbanesikkerhed</b></td><td>1</td></tr><tr><td><b>Skal overvåges</b></td><td>Ja</td></tr><tr><td><b>Styring fabrikat</b></td><td>Ingen Styring</td></tr><tr><td><b>Styring model</b></td><td></td></tr><tr><td><b>Overvågning</b></td><td></td></tr><tr><td><b>Grundfos konverting</b></td><td>CIU+kort+batteri+antenne</td></tr><tr><td><b>Grundfos Utility Connect (IMEI)</b></td><td></td></tr><tr><td><b>Multiguard SIM kort nummer</b></td><td></td></tr><tr><td><b>Multiguard tlf. nr.</b></td><td></td></tr><tr><td><b>Multiguard PIN/PUK</b></td><td></td></tr>
</table>
]]>
</description>
  <Point>
    <coordinates>12.187565000,55.459774000,0</coordinates>
  </Point>
</Placemark>

<Placemark>
  <name>P2 - Hegnet område ved relæhytte</name>
  <styleUrl>#s</styleUrl>
  <description>
<![CDATA[
<table border="1" style="border-collapse:collapse;width:100%">
<tr><td><b>Bane</b></td><td>40</td></tr><tr><td><b>TIB</b></td><td>4</td></tr><tr><td><b>Navn</b></td><td>Køge</td></tr><tr><td><b>Forkortelse</b></td><td>Kj</td></tr><tr><td><b>Uddybende placering</b></td><td>P2 - Hegnet område ved relæhytte</td></tr><tr><td><b>Equipment</b></td><td>10753532</td></tr><tr><td><b>Datagennemgang</b></td><td>Not Found</td></tr><tr><td><b>Forsyningstavle</b></td><td>042.053.A</td></tr><tr><td><b>Kilometrering</b></td><td>53.371</td></tr><tr><td><b>Idriftsættelses dato</b></td><td>01-04-2006</td></tr><tr><td><b>GPS Nord</b></td><td>55.460068000</td></tr><tr><td><b>GPS Øst</b></td><td>12.187614000</td></tr><tr><td><b>Pumpeeffekt (kW)</b></td><td>1</td></tr><tr><td><b>Antal årlige eftersyn</b></td><td>1</td></tr><tr><td><b>Indendørs/udendørs</b></td><td>Udendørs</td></tr><tr><td><b>Jernbanesikkerhed</b></td><td>1</td></tr><tr><td><b>Skal overvåges</b></td><td>Ja</td></tr><tr><td><b>Styring fabrikat</b></td><td>Ingen Styring</td></tr><tr><td><b>Styring model</b></td><td></td></tr><tr><td><b>Overvågning</b></td><td>Lübcke SAN</td></tr><tr><td><b>Grundfos konverting</b></td><td>CIU+kort+batteri+antenne</td></tr><tr><td><b>Grundfos Utility Connect (IMEI)</b></td><td></td></tr><tr><td><b>Multiguard SIM kort nummer</b></td><td></td></tr><tr><td><b>Multiguard tlf. nr.</b></td><td></td></tr><tr><td><b>Multiguard PIN/PUK</b></td><td></td></tr>
</table>
]]>
</description>
  <Point>
    <coordinates>12.187614000,55.460068000,0</coordinates>
  </Point>
</Placemark>

<Placemark>
  <name>P3 - Hegnet område bag relæhytte</name>
  <styleUrl>#s</styleUrl>
  <description>
<![CDATA[
<table border="1" style="border-collapse:collapse;width:100%">
<tr><td><b>Bane</b></td><td>40</td></tr><tr><td><b>TIB</b></td><td>4</td></tr><tr><td><b>Navn</b></td><td>Køge</td></tr><tr><td><b>Forkortelse</b></td><td>Kj</td></tr><tr><td><b>Uddybende placering</b></td><td>P3 - Hegnet område bag relæhytte</td></tr><tr><td><b>Equipment</b></td><td>10753533</td></tr><tr><td><b>Datagennemgang</b></td><td>Not Found</td></tr><tr><td><b>Forsyningstavle</b></td><td>042.053.A</td></tr><tr><td><b>Kilometrering</b></td><td>53.371</td></tr><tr><td><b>Idriftsættelses dato</b></td><td>01-04-2006</td></tr><tr><td><b>GPS Nord</b></td><td>55.459928000</td></tr><tr><td><b>GPS Øst</b></td><td>12.187588000</td></tr><tr><td><b>Pumpeeffekt (kW)</b></td><td>0.3</td></tr><tr><td><b>Antal årlige eftersyn</b></td><td>1</td></tr><tr><td><b>Indendørs/udendørs</b></td><td>Udendørs</td></tr><tr><td><b>Jernbanesikkerhed</b></td><td>1</td></tr><tr><td><b>Skal overvåges</b></td><td>Ja</td></tr><tr><td><b>Styring fabrikat</b></td><td>Ingen Styring</td></tr><tr><td><b>Styring model</b></td><td></td></tr><tr><td><b>Overvågning</b></td><td></td></tr><tr><td><b>Grundfos konverting</b></td><td>CIU+kort+batteri+antenne</td></tr><tr><td><b>Grundfos Utility Connect (IMEI)</b></td><td></td></tr><tr><td><b>Multiguard SIM kort nummer</b></td><td></td></tr><tr><td><b>Multiguard tlf. nr.</b></td><td></td></tr><tr><td><b>Multiguard PIN/PUK</b></td><td></td></tr>
</table>
]]>
</description>
  <Point>
    <coordinates>12.187588000,55.459928000,0</coordinates>
  </Point>
</Placemark>

<Placemark>
  <name>Ved overkørsel 115 i spor</name>
  <styleUrl>#s</styleUrl>
  <description>
<![CDATA[
<table border="1" style="border-collapse:collapse;width:100%">
<tr><td><b>Bane</b></td><td>40</td></tr><tr><td><b>TIB</b></td><td>4</td></tr><tr><td><b>Navn</b></td><td>Køge</td></tr><tr><td><b>Forkortelse</b></td><td>Kj</td></tr><tr><td><b>Uddybende placering</b></td><td>Ved overkørsel 115 i spor</td></tr><tr><td><b>Equipment</b></td><td>10753534</td></tr><tr><td><b>Datagennemgang</b></td><td>Not Found</td></tr><tr><td><b>Forsyningstavle</b></td><td>042.053.E1.1</td></tr><tr><td><b>Kilometrering</b></td><td>53.902</td></tr><tr><td><b>Idriftsættelses dato</b></td><td>01-04-2013</td></tr><tr><td><b>GPS Nord</b></td><td>55.455379000</td></tr><tr><td><b>GPS Øst</b></td><td>12.185896000</td></tr><tr><td><b>Pumpeeffekt (kW)</b></td><td>0.25</td></tr><tr><td><b>Antal årlige eftersyn</b></td><td>1</td></tr><tr><td><b>Indendørs/udendørs</b></td><td>Udendørs</td></tr><tr><td><b>Jernbanesikkerhed</b></td><td>3</td></tr><tr><td><b>Skal overvåges</b></td><td>Ja</td></tr><tr><td><b>Styring fabrikat</b></td><td>Ingen Styring</td></tr><tr><td><b>Styring model</b></td><td></td></tr><tr><td><b>Overvågning</b></td><td></td></tr><tr><td><b>Grundfos konverting</b></td><td>CIU+kort+batteri+antenne</td></tr><tr><td><b>Grundfos Utility Connect (IMEI)</b></td><td></td></tr><tr><td><b>Multiguard SIM kort nummer</b></td><td>89450136241206622779</td></tr><tr><td><b>Multiguard tlf. nr.</b></td><td>40484865</td></tr><tr><td><b>Multiguard PIN/PUK</b></td><td>2632/58776611</td></tr>
</table>
]]>
</description>
  <Point>
    <coordinates>12.185896000,55.455379000,0</coordinates>
  </Point>
</Placemark>

<Placemark>
  <name>P1 - Trappe ved relæhytte</name>
  <styleUrl>#s</styleUrl>
  <description>
<![CDATA[
<table border="1" style="border-collapse:collapse;width:100%">
<tr><td><b>Bane</b></td><td>40</td></tr><tr><td><b>TIB</b></td><td>4</td></tr><tr><td><b>Navn</b></td><td>Køge</td></tr><tr><td><b>Forkortelse</b></td><td>Kj</td></tr><tr><td><b>Uddybende placering</b></td><td>P1 - Trappe ved relæhytte</td></tr><tr><td><b>Equipment</b></td><td>10753535</td></tr><tr><td><b>Datagennemgang</b></td><td>Not Found</td></tr><tr><td><b>Forsyningstavle</b></td><td>042.053.A</td></tr><tr><td><b>Kilometrering</b></td><td>53.370</td></tr><tr><td><b>Idriftsættelses dato</b></td><td>01-09-2015</td></tr><tr><td><b>GPS Nord</b></td><td>55.460075000</td></tr><tr><td><b>GPS Øst</b></td><td>12.187714000</td></tr><tr><td><b>Pumpeeffekt (kW)</b></td><td>0.25</td></tr><tr><td><b>Antal årlige eftersyn</b></td><td>1</td></tr><tr><td><b>Indendørs/udendørs</b></td><td>Udendørs</td></tr><tr><td><b>Jernbanesikkerhed</b></td><td>1</td></tr><tr><td><b>Skal overvåges</b></td><td>Ja</td></tr><tr><td><b>Styring fabrikat</b></td><td>Ingen Styring</td></tr><tr><td><b>Styring model</b></td><td></td></tr><tr><td><b>Overvågning</b></td><td></td></tr><tr><td><b>Grundfos konverting</b></td><td>CIU+kort+batteri+antenne</td></tr><tr><td><b>Grundfos Utility Connect (IMEI)</b></td><td></td></tr><tr><td><b>Multiguard SIM kort nummer</b></td><td></td></tr><tr><td><b>Multiguard tlf. nr.</b></td><td></td></tr><tr><td><b>Multiguard PIN/PUK</b></td><td></td></tr>
</table>
]]>
</description>
  <Point>
    <coordinates>12.187714000,55.460075000,0</coordinates>
  </Point>
</Placemark>

<Placemark>
  <name>Syd for tømrerværksted</name>
  <styleUrl>#s</styleUrl>
  <description>
<![CDATA[
<table border="1" style="border-collapse:collapse;width:100%">
<tr><td><b>Bane</b></td><td>40</td></tr><tr><td><b>TIB</b></td><td>4</td></tr><tr><td><b>Navn</b></td><td>Køge</td></tr><tr><td><b>Forkortelse</b></td><td>Kj</td></tr><tr><td><b>Uddybende placering</b></td><td>Syd for tømrerværksted</td></tr><tr><td><b>Equipment</b></td><td>10753536</td></tr><tr><td><b>Datagennemgang</b></td><td>Not Found</td></tr><tr><td><b>Forsyningstavle</b></td><td>042.053.A5</td></tr><tr><td><b>Kilometrering</b></td><td>53.495</td></tr><tr><td><b>Idriftsættelses dato</b></td><td>01-04-2019</td></tr><tr><td><b>GPS Nord</b></td><td>55.458897000</td></tr><tr><td><b>GPS Øst</b></td><td>12.187806000</td></tr><tr><td><b>Pumpeeffekt (kW)</b></td><td>2</td></tr><tr><td><b>Antal årlige eftersyn</b></td><td>1</td></tr><tr><td><b>Indendørs/udendørs</b></td><td>Udendørs</td></tr><tr><td><b>Jernbanesikkerhed</b></td><td>1</td></tr><tr><td><b>Skal overvåges</b></td><td>Ja</td></tr><tr><td><b>Styring fabrikat</b></td><td>Flygt</td></tr><tr><td><b>Styring model</b></td><td>FGC313</td></tr><tr><td><b>Overvågning</b></td><td></td></tr><tr><td><b>Grundfos konverting</b></td><td>CIU+kort+batteri+antenne</td></tr><tr><td><b>Grundfos Utility Connect (IMEI)</b></td><td></td></tr><tr><td><b>Multiguard SIM kort nummer</b></td><td>89450136240527195002</td></tr><tr><td><b>Multiguard tlf. nr.</b></td><td>51558328</td></tr><tr><td><b>Multiguard PIN/PUK</b></td><td>1187/67770225</td></tr>
</table>
]]>
</description>
  <Point>
    <coordinates>12.187806000,55.458897000,0</coordinates>
  </Point>
</Placemark>

<Placemark>
  <name>P5 - Ved vejebod under spor</name>
  <styleUrl>#s</styleUrl>
  <description>
<![CDATA[
<table border="1" style="border-collapse:collapse;width:100%">
<tr><td><b>Bane</b></td><td>40</td></tr><tr><td><b>TIB</b></td><td>4</td></tr><tr><td><b>Navn</b></td><td>Køge</td></tr><tr><td><b>Forkortelse</b></td><td>Kj</td></tr><tr><td><b>Uddybende placering</b></td><td>P5 - Ved vejebod under spor</td></tr><tr><td><b>Equipment</b></td><td>10878535</td></tr><tr><td><b>Datagennemgang</b></td><td>Not Found</td></tr><tr><td><b>Forsyningstavle</b></td><td>042.053.A</td></tr><tr><td><b>Kilometrering</b></td><td>53.413</td></tr><tr><td><b>Idriftsættelses dato</b></td><td>01-01-2018</td></tr><tr><td><b>GPS Nord</b></td><td>55.459681000</td></tr><tr><td><b>GPS Øst</b></td><td>12.187481000</td></tr><tr><td><b>Pumpeeffekt (kW)</b></td><td>0.7</td></tr><tr><td><b>Antal årlige eftersyn</b></td><td>1</td></tr><tr><td><b>Indendørs/udendørs</b></td><td>Udendørs</td></tr><tr><td><b>Jernbanesikkerhed</b></td><td>4</td></tr><tr><td><b>Skal overvåges</b></td><td>Ja</td></tr><tr><td><b>Styring fabrikat</b></td><td>Ingen Styring</td></tr><tr><td><b>Styring model</b></td><td></td></tr><tr><td><b>Overvågning</b></td><td></td></tr><tr><td><b>Grundfos konverting</b></td><td></td></tr><tr><td><b>Grundfos Utility Connect (IMEI)</b></td><td></td></tr><tr><td><b>Multiguard SIM kort nummer</b></td><td></td></tr><tr><td><b>Multiguard tlf. nr.</b></td><td></td></tr><tr><td><b>Multiguard PIN/PUK</b></td><td></td></tr>
</table>
]]>
</description>
  <Point>
    <coordinates>12.187481000,55.459681000,0</coordinates>
  </Point>
</Placemark>

<Placemark>
  <name>P1 - Fortov ved Lucky Star Restaurant</name>
  <styleUrl>#s</styleUrl>
  <description>
<![CDATA[
<table border="1" style="border-collapse:collapse;width:100%">
<tr><td><b>Bane</b></td><td>40</td></tr><tr><td><b>TIB</b></td><td>4</td></tr><tr><td><b>Navn</b></td><td>Køge</td></tr><tr><td><b>Forkortelse</b></td><td>Kj</td></tr><tr><td><b>Uddybende placering</b></td><td>P1 - Fortov ved Lucky Star Restaurant</td></tr><tr><td><b>Equipment</b></td><td>10847913</td></tr><tr><td><b>Datagennemgang</b></td><td>Not Found</td></tr><tr><td><b>Forsyningstavle</b></td><td>042.053.P</td></tr><tr><td><b>Kilometrering</b></td><td>53.686</td></tr><tr><td><b>Idriftsættelses dato</b></td><td>03-02-2023</td></tr><tr><td><b>GPS Nord</b></td><td>55.457337000</td></tr><tr><td><b>GPS Øst</b></td><td>12.185900000</td></tr><tr><td><b>Pumpeeffekt (kW)</b></td><td>0.9</td></tr><tr><td><b>Antal årlige eftersyn</b></td><td>1</td></tr><tr><td><b>Indendørs/udendørs</b></td><td>Udendørs</td></tr><tr><td><b>Jernbanesikkerhed</b></td><td>1</td></tr><tr><td><b>Skal overvåges</b></td><td>Ja</td></tr><tr><td><b>Styring fabrikat</b></td><td>Grundfos</td></tr><tr><td><b>Styring model</b></td><td></td></tr><tr><td><b>Overvågning</b></td><td></td></tr><tr><td><b>Grundfos konverting</b></td><td></td></tr><tr><td><b>Grundfos Utility Connect (IMEI)</b></td><td></td></tr><tr><td><b>Multiguard SIM kort nummer</b></td><td>89450136241206622746</td></tr><tr><td><b>Multiguard tlf. nr.</b></td><td>40468261</td></tr><tr><td><b>Multiguard PIN/PUK</b></td><td>7833/19560562</td></tr>
</table>
]]>
</description>
  <Point>
    <coordinates>12.185900000,55.457337000,0</coordinates>
  </Point>
</Placemark>

<Placemark>
  <name>P2 - Fortov ved Lucky Star Restaurant</name>
  <styleUrl>#s</styleUrl>
  <description>
<![CDATA[
<table border="1" style="border-collapse:collapse;width:100%">
<tr><td><b>Bane</b></td><td>40</td></tr><tr><td><b>TIB</b></td><td>4</td></tr><tr><td><b>Navn</b></td><td>Køge</td></tr><tr><td><b>Forkortelse</b></td><td>Kj</td></tr><tr><td><b>Uddybende placering</b></td><td>P2 - Fortov ved Lucky Star Restaurant</td></tr><tr><td><b>Equipment</b></td><td>10878534</td></tr><tr><td><b>Datagennemgang</b></td><td>Not Found</td></tr><tr><td><b>Forsyningstavle</b></td><td>042.053.P</td></tr><tr><td><b>Kilometrering</b></td><td>53.686</td></tr><tr><td><b>Idriftsættelses dato</b></td><td>03-02-2023</td></tr><tr><td><b>GPS Nord</b></td><td>55.457337000</td></tr><tr><td><b>GPS Øst</b></td><td>12.185900000</td></tr><tr><td><b>Pumpeeffekt (kW)</b></td><td>0.9</td></tr><tr><td><b>Antal årlige eftersyn</b></td><td>1</td></tr><tr><td><b>Indendørs/udendørs</b></td><td>Udendørs</td></tr><tr><td><b>Jernbanesikkerhed</b></td><td>1</td></tr><tr><td><b>Skal overvåges</b></td><td>Ja</td></tr><tr><td><b>Styring fabrikat</b></td><td>Grundfos</td></tr><tr><td><b>Styring model</b></td><td></td></tr><tr><td><b>Overvågning</b></td><td></td></tr><tr><td><b>Grundfos konverting</b></td><td></td></tr><tr><td><b>Grundfos Utility Connect (IMEI)</b></td><td></td></tr><tr><td><b>Multiguard SIM kort nummer</b></td><td>89450136241206622746</td></tr><tr><td><b>Multiguard tlf. nr.</b></td><td>40468261</td></tr><tr><td><b>Multiguard PIN/PUK</b></td><td>7833/19560562</td></tr>
</table>
]]>
</description>
  <Point>
    <coordinates>12.185900000,55.457337000,0</coordinates>
  </Point>
</Placemark>

<Placemark>
  <name>Pumpe 1, 25.3 m</name>
  <styleUrl>#s</styleUrl>
  <description>
<![CDATA[
<table border="1" style="border-collapse:collapse;width:100%">
<tr><td><b>Bane</b></td><td>79</td></tr><tr><td><b>TIB</b></td><td>5</td></tr><tr><td><b>Navn</b></td><td>Holbæk</td></tr><tr><td><b>Forkortelse</b></td><td>Hk</td></tr><tr><td><b>Uddybende placering</b></td><td>Pumpe 1, 25.3 m</td></tr><tr><td><b>Equipment</b></td><td>10860996</td></tr><tr><td><b>Datagennemgang</b></td><td>Not Found</td></tr><tr><td><b>Forsyningstavle</b></td><td>052.068.C1</td></tr><tr><td><b>Kilometrering</b></td><td>70,106</td></tr><tr><td><b>Idriftsættelses dato</b></td><td>11-01-2023</td></tr><tr><td><b>GPS Nord</b></td><td>55.710026000</td></tr><tr><td><b>GPS Øst</b></td><td>11.662959000</td></tr><tr><td><b>Pumpeeffekt (kW)</b></td><td>3.1</td></tr><tr><td><b>Antal årlige eftersyn</b></td><td>1</td></tr><tr><td><b>Indendørs/udendørs</b></td><td>Udendørs</td></tr><tr><td><b>Jernbanesikkerhed</b></td><td>3</td></tr><tr><td><b>Skal overvåges</b></td><td>Ja</td></tr><tr><td><b>Styring fabrikat</b></td><td>Flygt</td></tr><tr><td><b>Styring model</b></td><td>MyConnect</td></tr><tr><td><b>Overvågning</b></td><td></td></tr><tr><td><b>Grundfos konverting</b></td><td></td></tr><tr><td><b>Grundfos Utility Connect (IMEI)</b></td><td></td></tr><tr><td><b>Multiguard SIM kort nummer</b></td><td>89450136240819265810</td></tr><tr><td><b>Multiguard tlf. nr.</b></td><td>51488409</td></tr><tr><td><b>Multiguard PIN/PUK</b></td><td>0517/07464267</td></tr>
</table>
]]>
</description>
  <Point>
    <coordinates>11.662959000,55.710026000,0</coordinates>
  </Point>
</Placemark>

<Placemark>
  <name>Pumpe 2, 25.3 m</name>
  <styleUrl>#s</styleUrl>
  <description>
<![CDATA[
<table border="1" style="border-collapse:collapse;width:100%">
<tr><td><b>Bane</b></td><td>79</td></tr><tr><td><b>TIB</b></td><td>5</td></tr><tr><td><b>Navn</b></td><td>Holbæk</td></tr><tr><td><b>Forkortelse</b></td><td>Hk</td></tr><tr><td><b>Uddybende placering</b></td><td>Pumpe 2, 25.3 m</td></tr><tr><td><b>Equipment</b></td><td>10860997</td></tr><tr><td><b>Datagennemgang</b></td><td>Not Found</td></tr><tr><td><b>Forsyningstavle</b></td><td>052.068.C1</td></tr><tr><td><b>Kilometrering</b></td><td>70,106</td></tr><tr><td><b>Idriftsættelses dato</b></td><td>11-01-2023</td></tr><tr><td><b>GPS Nord</b></td><td>55.710035000</td></tr><tr><td><b>GPS Øst</b></td><td>11.662941000</td></tr><tr><td><b>Pumpeeffekt (kW)</b></td><td>3.1</td></tr><tr><td><b>Antal årlige eftersyn</b></td><td>1</td></tr><tr><td><b>Indendørs/udendørs</b></td><td>Udendørs</td></tr><tr><td><b>Jernbanesikkerhed</b></td><td>3</td></tr><tr><td><b>Skal overvåges</b></td><td>Ja</td></tr><tr><td><b>Styring fabrikat</b></td><td>Flygt</td></tr><tr><td><b>Styring model</b></td><td>MyConnect</td></tr><tr><td><b>Overvågning</b></td><td></td></tr><tr><td><b>Grundfos konverting</b></td><td></td></tr><tr><td><b>Grundfos Utility Connect (IMEI)</b></td><td></td></tr><tr><td><b>Multiguard SIM kort nummer</b></td><td>89450136240819265810</td></tr><tr><td><b>Multiguard tlf. nr.</b></td><td>51488409</td></tr><tr><td><b>Multiguard PIN/PUK</b></td><td>0517/07464267</td></tr>
</table>
]]>
</description>
  <Point>
    <coordinates>11.662941000,55.710035000,0</coordinates>
  </Point>
</Placemark>

<Placemark>
  <name>P1 - Ved indgang til perrontunnel</name>
  <styleUrl>#s</styleUrl>
  <description>
<![CDATA[
<table border="1" style="border-collapse:collapse;width:100%">
<tr><td><b>Bane</b></td><td>79</td></tr><tr><td><b>TIB</b></td><td>5</td></tr><tr><td><b>Navn</b></td><td>Hvalsø</td></tr><tr><td><b>Forkortelse</b></td><td>Hv</td></tr><tr><td><b>Uddybende placering</b></td><td>P1 - Ved indgang til perrontunnel</td></tr><tr><td><b>Equipment</b></td><td>10753518</td></tr><tr><td><b>Datagennemgang</b></td><td>Not Found</td></tr><tr><td><b>Forsyningstavle</b></td><td>052.049.A5</td></tr><tr><td><b>Kilometrering</b></td><td>48.370</td></tr><tr><td><b>Idriftsættelses dato</b></td><td>01-04-2013</td></tr><tr><td><b>GPS Nord</b></td><td>55.595491000</td></tr><tr><td><b>GPS Øst</b></td><td>11.858946000</td></tr><tr><td><b>Pumpeeffekt (kW)</b></td><td>4.9</td></tr><tr><td><b>Antal årlige eftersyn</b></td><td>1</td></tr><tr><td><b>Indendørs/udendørs</b></td><td>Udendørs</td></tr><tr><td><b>Jernbanesikkerhed</b></td><td>1</td></tr><tr><td><b>Skal overvåges</b></td><td>Ja</td></tr><tr><td><b>Styring fabrikat</b></td><td>Grundfos </td></tr><tr><td><b>Styring model</b></td><td>Cu362/IO351</td></tr><tr><td><b>Overvågning</b></td><td></td></tr><tr><td><b>Grundfos konverting</b></td><td>Kort+batteri</td></tr><tr><td><b>Grundfos Utility Connect (IMEI)</b></td><td></td></tr><tr><td><b>Multiguard SIM kort nummer</b></td><td>89450136241206767384</td></tr><tr><td><b>Multiguard tlf. nr.</b></td><td>40312481</td></tr><tr><td><b>Multiguard PIN/PUK</b></td><td>7860/50622197</td></tr>
</table>
]]>
</description>
  <Point>
    <coordinates>11.858946000,55.595491000,0</coordinates>
  </Point>
</Placemark>

<Placemark>
  <name>P2 - Ved indgang til perrontunnel</name>
  <styleUrl>#s</styleUrl>
  <description>
<![CDATA[
<table border="1" style="border-collapse:collapse;width:100%">
<tr><td><b>Bane</b></td><td>79</td></tr><tr><td><b>TIB</b></td><td>5</td></tr><tr><td><b>Navn</b></td><td>Hvalsø</td></tr><tr><td><b>Forkortelse</b></td><td>Hv</td></tr><tr><td><b>Uddybende placering</b></td><td>P2 - Ved indgang til perrontunnel</td></tr><tr><td><b>Equipment</b></td><td>10753519</td></tr><tr><td><b>Datagennemgang</b></td><td>Not Found</td></tr><tr><td><b>Forsyningstavle</b></td><td>052.049.A5</td></tr><tr><td><b>Kilometrering</b></td><td>48.370</td></tr><tr><td><b>Idriftsættelses dato</b></td><td>01-04-2013</td></tr><tr><td><b>GPS Nord</b></td><td>55.595491000</td></tr><tr><td><b>GPS Øst</b></td><td>11.858946000</td></tr><tr><td><b>Pumpeeffekt (kW)</b></td><td>4.9</td></tr><tr><td><b>Antal årlige eftersyn</b></td><td>1</td></tr><tr><td><b>Indendørs/udendørs</b></td><td>Udendørs</td></tr><tr><td><b>Jernbanesikkerhed</b></td><td>1</td></tr><tr><td><b>Skal overvåges</b></td><td>Ja</td></tr><tr><td><b>Styring fabrikat</b></td><td>Grundfos </td></tr><tr><td><b>Styring model</b></td><td>Cu362/IO351</td></tr><tr><td><b>Overvågning</b></td><td></td></tr><tr><td><b>Grundfos konverting</b></td><td></td></tr><tr><td><b>Grundfos Utility Connect (IMEI)</b></td><td></td></tr><tr><td><b>Multiguard SIM kort nummer</b></td><td>89450136241206767384</td></tr><tr><td><b>Multiguard tlf. nr.</b></td><td>40312481</td></tr><tr><td><b>Multiguard PIN/PUK</b></td><td>7860/50622197</td></tr>
</table>
]]>
</description>
  <Point>
    <coordinates>11.858946000,55.595491000,0</coordinates>
  </Point>
</Placemark>

<Placemark>
  <name>P1 - For enden af perron 2 - i terræn 6 meter fra spor</name>
  <styleUrl>#s</styleUrl>
  <description>
<![CDATA[
<table border="1" style="border-collapse:collapse;width:100%">
<tr><td><b>Bane</b></td><td>79</td></tr><tr><td><b>TIB</b></td><td>5</td></tr><tr><td><b>Navn</b></td><td>Hvalsø</td></tr><tr><td><b>Forkortelse</b></td><td>Hv</td></tr><tr><td><b>Uddybende placering</b></td><td>P1 - For enden af perron 2 - i terræn 6 meter fra spor</td></tr><tr><td><b>Equipment</b></td><td>10753520</td></tr><tr><td><b>Datagennemgang</b></td><td>Not Found</td></tr><tr><td><b>Forsyningstavle</b></td><td>052.049.A6</td></tr><tr><td><b>Kilometrering</b></td><td>48.213</td></tr><tr><td><b>Idriftsættelses dato</b></td><td>01-01-2013</td></tr><tr><td><b>GPS Nord</b></td><td>55.595080000</td></tr><tr><td><b>GPS Øst</b></td><td>11.861419000</td></tr><tr><td><b>Pumpeeffekt (kW)</b></td><td>4.9</td></tr><tr><td><b>Antal årlige eftersyn</b></td><td>1</td></tr><tr><td><b>Indendørs/udendørs</b></td><td>Udendørs</td></tr><tr><td><b>Jernbanesikkerhed</b></td><td>1</td></tr><tr><td><b>Skal overvåges</b></td><td>Ja</td></tr><tr><td><b>Styring fabrikat</b></td><td>Grundfos </td></tr><tr><td><b>Styring model</b></td><td>Cu362/IO351</td></tr><tr><td><b>Overvågning</b></td><td></td></tr><tr><td><b>Grundfos konverting</b></td><td>Kort+batteri</td></tr><tr><td><b>Grundfos Utility Connect (IMEI)</b></td><td></td></tr><tr><td><b>Multiguard SIM kort nummer</b></td><td>89450136241206767343</td></tr><tr><td><b>Multiguard tlf. nr.</b></td><td>24702151</td></tr><tr><td><b>Multiguard PIN/PUK</b></td><td>4888/93396523</td></tr>
</table>
]]>
</description>
  <Point>
    <coordinates>11.861419000,55.595080000,0</coordinates>
  </Point>
</Placemark>

<Placemark>
  <name>P2 - For enden af perron 2 - i terræn 6 meter fra spor</name>
  <styleUrl>#s</styleUrl>
  <description>
<![CDATA[
<table border="1" style="border-collapse:collapse;width:100%">
<tr><td><b>Bane</b></td><td>79</td></tr><tr><td><b>TIB</b></td><td>5</td></tr><tr><td><b>Navn</b></td><td>Hvalsø</td></tr><tr><td><b>Forkortelse</b></td><td>Hv</td></tr><tr><td><b>Uddybende placering</b></td><td>P2 - For enden af perron 2 - i terræn 6 meter fra spor</td></tr><tr><td><b>Equipment</b></td><td>10753521</td></tr><tr><td><b>Datagennemgang</b></td><td>Not Found</td></tr><tr><td><b>Forsyningstavle</b></td><td>052.049.A6</td></tr><tr><td><b>Kilometrering</b></td><td>48.213</td></tr><tr><td><b>Idriftsættelses dato</b></td><td>01-01-2013</td></tr><tr><td><b>GPS Nord</b></td><td>55.595080000</td></tr><tr><td><b>GPS Øst</b></td><td>11.861419000</td></tr><tr><td><b>Pumpeeffekt (kW)</b></td><td>4.9</td></tr><tr><td><b>Antal årlige eftersyn</b></td><td>1</td></tr><tr><td><b>Indendørs/udendørs</b></td><td>Udendørs</td></tr><tr><td><b>Jernbanesikkerhed</b></td><td>1</td></tr><tr><td><b>Skal overvåges</b></td><td>Ja</td></tr><tr><td><b>Styring fabrikat</b></td><td>Grundfos </td></tr><tr><td><b>Styring model</b></td><td>Cu362/IO351</td></tr><tr><td><b>Overvågning</b></td><td></td></tr><tr><td><b>Grundfos konverting</b></td><td></td></tr><tr><td><b>Grundfos Utility Connect (IMEI)</b></td><td></td></tr><tr><td><b>Multiguard SIM kort nummer</b></td><td>89450136241206767343</td></tr><tr><td><b>Multiguard tlf. nr.</b></td><td>24702151</td></tr><tr><td><b>Multiguard PIN/PUK</b></td><td>4888/93396523</td></tr>
</table>
]]>
</description>
  <Point>
    <coordinates>11.861419000,55.595080000,0</coordinates>
  </Point>
</Placemark>

<Placemark>
  <name>Pumpebrønd km 47.950 - Nordside af sporet</name>
  <styleUrl>#s</styleUrl>
  <description>
<![CDATA[
<table border="1" style="border-collapse:collapse;width:100%">
<tr><td><b>Bane</b></td><td>79</td></tr><tr><td><b>TIB</b></td><td>5</td></tr><tr><td><b>Navn</b></td><td>Hvalsø</td></tr><tr><td><b>Forkortelse</b></td><td>Hv</td></tr><tr><td><b>Uddybende placering</b></td><td>Pumpebrønd km 47.950 - Nordside af sporet</td></tr><tr><td><b>Equipment</b></td><td>10753522</td></tr><tr><td><b>Datagennemgang</b></td><td>Not Found</td></tr><tr><td><b>Forsyningstavle</b></td><td>052.049.A11</td></tr><tr><td><b>Kilometrering</b></td><td>47.940</td></tr><tr><td><b>Idriftsættelses dato</b></td><td>01-10-2019</td></tr><tr><td><b>GPS Nord</b></td><td>55.594720000</td></tr><tr><td><b>GPS Øst</b></td><td>11.865675000</td></tr><tr><td><b>Pumpeeffekt (kW)</b></td><td>0.2</td></tr><tr><td><b>Antal årlige eftersyn</b></td><td>1</td></tr><tr><td><b>Indendørs/udendørs</b></td><td>Udendørs</td></tr><tr><td><b>Jernbanesikkerhed</b></td><td>2</td></tr><tr><td><b>Skal overvåges</b></td><td>Ja</td></tr><tr><td><b>Styring fabrikat</b></td><td>Ingen Styring</td></tr><tr><td><b>Styring model</b></td><td></td></tr><tr><td><b>Overvågning</b></td><td></td></tr><tr><td><b>Grundfos konverting</b></td><td>CIU+kort+batteri+antenne</td></tr><tr><td><b>Grundfos Utility Connect (IMEI)</b></td><td></td></tr><tr><td><b>Multiguard SIM kort nummer</b></td><td>89450136241206622753</td></tr><tr><td><b>Multiguard tlf. nr.</b></td><td>51278362</td></tr><tr><td><b>Multiguard PIN/PUK</b></td><td>3683/65796630</td></tr>
</table>
]]>
</description>
  <Point>
    <coordinates>11.865675000,55.594720000,0</coordinates>
  </Point>
</Placemark>

<Placemark>
  <name>P1 - Darup Mosevej 5 - 5m fra sporet (stor)</name>
  <styleUrl>#s</styleUrl>
  <description>
<![CDATA[
<table border="1" style="border-collapse:collapse;width:100%">
<tr><td><b>Bane</b></td><td>79</td></tr><tr><td><b>TIB</b></td><td>5</td></tr><tr><td><b>Navn</b></td><td>Roskilde - Lejre</td></tr><tr><td><b>Forkortelse</b></td><td>Ro - Lj</td></tr><tr><td><b>Uddybende placering</b></td><td>P1 - Darup Mosevej 5 - 5m fra sporet (stor)</td></tr><tr><td><b>Equipment</b></td><td>10753537</td></tr><tr><td><b>Datagennemgang</b></td><td>Not Found</td></tr><tr><td><b>Forsyningstavle</b></td><td>052.034.B1</td></tr><tr><td><b>Kilometrering</b></td><td>35.951</td></tr><tr><td><b>Idriftsættelses dato</b></td><td>01-07-2020</td></tr><tr><td><b>GPS Nord</b></td><td>55.606047000</td></tr><tr><td><b>GPS Øst</b></td><td>12.046389000</td></tr><tr><td><b>Pumpeeffekt (kW)</b></td><td>1.9</td></tr><tr><td><b>Antal årlige eftersyn</b></td><td>1</td></tr><tr><td><b>Indendørs/udendørs</b></td><td>Udendørs</td></tr><tr><td><b>Jernbanesikkerhed</b></td><td>1</td></tr><tr><td><b>Skal overvåges</b></td><td>Ja</td></tr><tr><td><b>Styring fabrikat</b></td><td>Grundfos </td></tr><tr><td><b>Styring model</b></td><td>LC231</td></tr><tr><td><b>Overvågning</b></td><td>Multiguard</td></tr><tr><td><b>Grundfos konverting</b></td><td>Kort+batteri</td></tr><tr><td><b>Grundfos Utility Connect (IMEI)</b></td><td></td></tr><tr><td><b>Multiguard SIM kort nummer</b></td><td>89450130211222155233</td></tr><tr><td><b>Multiguard tlf. nr.</b></td><td>24240167</td></tr><tr><td><b>Multiguard PIN/PUK</b></td><td></td></tr>
</table>
]]>
</description>
  <Point>
    <coordinates>12.046389000,55.606047000,0</coordinates>
  </Point>
</Placemark>

<Placemark>
  <name>P2 - Darup Mosevej 5 - 5m fra sporet (stor)</name>
  <styleUrl>#s</styleUrl>
  <description>
<![CDATA[
<table border="1" style="border-collapse:collapse;width:100%">
<tr><td><b>Bane</b></td><td>79</td></tr><tr><td><b>TIB</b></td><td>5</td></tr><tr><td><b>Navn</b></td><td>Roskilde - Lejre</td></tr><tr><td><b>Forkortelse</b></td><td>Ro - Lj</td></tr><tr><td><b>Uddybende placering</b></td><td>P2 - Darup Mosevej 5 - 5m fra sporet (stor)</td></tr><tr><td><b>Equipment</b></td><td>10753538</td></tr><tr><td><b>Datagennemgang</b></td><td>Not Found</td></tr><tr><td><b>Forsyningstavle</b></td><td>052.034.B1</td></tr><tr><td><b>Kilometrering</b></td><td>35.951</td></tr><tr><td><b>Idriftsættelses dato</b></td><td>01-07-2020</td></tr><tr><td><b>GPS Nord</b></td><td>55.606047000</td></tr><tr><td><b>GPS Øst</b></td><td>12.046389000</td></tr><tr><td><b>Pumpeeffekt (kW)</b></td><td>1.9</td></tr><tr><td><b>Antal årlige eftersyn</b></td><td>1</td></tr><tr><td><b>Indendørs/udendørs</b></td><td>Udendørs</td></tr><tr><td><b>Jernbanesikkerhed</b></td><td>1</td></tr><tr><td><b>Skal overvåges</b></td><td>Ja</td></tr><tr><td><b>Styring fabrikat</b></td><td>Grundfos </td></tr><tr><td><b>Styring model</b></td><td>LC231</td></tr><tr><td><b>Overvågning</b></td><td>Multiguard</td></tr><tr><td><b>Grundfos konverting</b></td><td></td></tr><tr><td><b>Grundfos Utility Connect (IMEI)</b></td><td></td></tr><tr><td><b>Multiguard SIM kort nummer</b></td><td>89450130211222155234</td></tr><tr><td><b>Multiguard tlf. nr.</b></td><td>24240167</td></tr><tr><td><b>Multiguard PIN/PUK</b></td><td></td></tr>
</table>
]]>
</description>
  <Point>
    <coordinates>12.046389000,55.606047000,0</coordinates>
  </Point>
</Placemark>

<Placemark>
  <name>P1 - Gammelgårdsvej - 5m fra sporet (lille)</name>
  <styleUrl>#s</styleUrl>
  <description>
<![CDATA[
<table border="1" style="border-collapse:collapse;width:100%">
<tr><td><b>Bane</b></td><td>79</td></tr><tr><td><b>TIB</b></td><td>5</td></tr><tr><td><b>Navn</b></td><td>Roskilde - Lejre</td></tr><tr><td><b>Forkortelse</b></td><td>Ro - Lj</td></tr><tr><td><b>Uddybende placering</b></td><td>P1 - Gammelgårdsvej - 5m fra sporet (lille)</td></tr><tr><td><b>Equipment</b></td><td>10753539</td></tr><tr><td><b>Datagennemgang</b></td><td>Not Found</td></tr><tr><td><b>Forsyningstavle</b></td><td>052.034.C1</td></tr><tr><td><b>Kilometrering</b></td><td>35.553</td></tr><tr><td><b>Idriftsættelses dato</b></td><td>01-07-2020</td></tr><tr><td><b>GPS Nord</b></td><td>55.609299000</td></tr><tr><td><b>GPS Øst</b></td><td>12.049791000</td></tr><tr><td><b>Pumpeeffekt (kW)</b></td><td>1.25</td></tr><tr><td><b>Antal årlige eftersyn</b></td><td>1</td></tr><tr><td><b>Indendørs/udendørs</b></td><td>Udendørs</td></tr><tr><td><b>Jernbanesikkerhed</b></td><td>1</td></tr><tr><td><b>Skal overvåges</b></td><td>Ja</td></tr><tr><td><b>Styring fabrikat</b></td><td>Grundfos </td></tr><tr><td><b>Styring model</b></td><td>LC231</td></tr><tr><td><b>Overvågning</b></td><td>Multiguard</td></tr><tr><td><b>Grundfos konverting</b></td><td>Kort+batteri</td></tr><tr><td><b>Grundfos Utility Connect (IMEI)</b></td><td></td></tr><tr><td><b>Multiguard SIM kort nummer</b></td><td>89450130211222155084</td></tr><tr><td><b>Multiguard tlf. nr.</b></td><td>21150665</td></tr><tr><td><b>Multiguard PIN/PUK</b></td><td></td></tr>
</table>
]]>
</description>
  <Point>
    <coordinates>12.049791000,55.609299000,0</coordinates>
  </Point>
</Placemark>

<Placemark>
  <name>P2 - Gammelgårdsvej - 5m fra sporet (lille)</name>
  <styleUrl>#s</styleUrl>
  <description>
<![CDATA[
<table border="1" style="border-collapse:collapse;width:100%">
<tr><td><b>Bane</b></td><td>79</td></tr><tr><td><b>TIB</b></td><td>5</td></tr><tr><td><b>Navn</b></td><td>Roskilde - Lejre</td></tr><tr><td><b>Forkortelse</b></td><td>Ro - Lj</td></tr><tr><td><b>Uddybende placering</b></td><td>P2 - Gammelgårdsvej - 5m fra sporet (lille)</td></tr><tr><td><b>Equipment</b></td><td>10753540</td></tr><tr><td><b>Datagennemgang</b></td><td>Not Found</td></tr><tr><td><b>Forsyningstavle</b></td><td>052.034.C1</td></tr><tr><td><b>Kilometrering</b></td><td>35.553</td></tr><tr><td><b>Idriftsættelses dato</b></td><td>01-07-2020</td></tr><tr><td><b>GPS Nord</b></td><td>55.609299000</td></tr><tr><td><b>GPS Øst</b></td><td>12.049791000</td></tr><tr><td><b>Pumpeeffekt (kW)</b></td><td>1.25</td></tr><tr><td><b>Antal årlige eftersyn</b></td><td>1</td></tr><tr><td><b>Indendørs/udendørs</b></td><td>Udendørs</td></tr><tr><td><b>Jernbanesikkerhed</b></td><td>1</td></tr><tr><td><b>Skal overvåges</b></td><td>Ja</td></tr><tr><td><b>Styring fabrikat</b></td><td>Grundfos </td></tr><tr><td><b>Styring model</b></td><td>LC231</td></tr><tr><td><b>Overvågning</b></td><td>Multiguard</td></tr><tr><td><b>Grundfos konverting</b></td><td></td></tr><tr><td><b>Grundfos Utility Connect (IMEI)</b></td><td></td></tr><tr><td><b>Multiguard SIM kort nummer</b></td><td>89450130211222155084</td></tr><tr><td><b>Multiguard tlf. nr.</b></td><td>21150665</td></tr><tr><td><b>Multiguard PIN/PUK</b></td><td></td></tr>
</table>
]]>
</description>
  <Point>
    <coordinates>12.049791000,55.609299000,0</coordinates>
  </Point>
</Placemark>

<Placemark>
  <name>P1 - Ved rampe til tunnel - sydvest side</name>
  <styleUrl>#s</styleUrl>
  <description>
<![CDATA[
<table border="1" style="border-collapse:collapse;width:100%">
<tr><td><b>Bane</b></td><td>79</td></tr><tr><td><b>TIB</b></td><td>5</td></tr><tr><td><b>Navn</b></td><td>Tølløse</td></tr><tr><td><b>Forkortelse</b></td><td>Tø</td></tr><tr><td><b>Uddybende placering</b></td><td>P1 - Ved rampe til tunnel - sydvest side</td></tr><tr><td><b>Equipment</b></td><td>10753523</td></tr><tr><td><b>Datagennemgang</b></td><td>Not Found</td></tr><tr><td><b>Forsyningstavle</b></td><td>052.055.G</td></tr><tr><td><b>Kilometrering</b></td><td>54.784</td></tr><tr><td><b>Idriftsættelses dato</b></td><td>01-01-2013</td></tr><tr><td><b>GPS Nord</b></td><td>55.613246000</td></tr><tr><td><b>GPS Øst</b></td><td>11.771023000</td></tr><tr><td><b>Pumpeeffekt (kW)</b></td><td>1.5</td></tr><tr><td><b>Antal årlige eftersyn</b></td><td>1</td></tr><tr><td><b>Indendørs/udendørs</b></td><td>Udendørs</td></tr><tr><td><b>Jernbanesikkerhed</b></td><td>1</td></tr><tr><td><b>Skal overvåges</b></td><td>Ja</td></tr><tr><td><b>Styring fabrikat</b></td><td>Grundfos </td></tr><tr><td><b>Styring model</b></td><td>Cu362/IO351</td></tr><tr><td><b>Overvågning</b></td><td>Grundfos (Gl.)</td></tr><tr><td><b>Grundfos konverting</b></td><td>Kort+batteri</td></tr><tr><td><b>Grundfos Utility Connect (IMEI)</b></td><td></td></tr><tr><td><b>Multiguard SIM kort nummer</b></td><td>89450136241206767392</td></tr><tr><td><b>Multiguard tlf. nr.</b></td><td>40233559</td></tr><tr><td><b>Multiguard PIN/PUK</b></td><td>0500/34003396</td></tr>
</table>
]]>
</description>
  <Point>
    <coordinates>11.771023000,55.613246000,0</coordinates>
  </Point>
</Placemark>

<Placemark>
  <name>P2 - Ved rampe til tunnel - sydvest side</name>
  <styleUrl>#s</styleUrl>
  <description>
<![CDATA[
<table border="1" style="border-collapse:collapse;width:100%">
<tr><td><b>Bane</b></td><td>79</td></tr><tr><td><b>TIB</b></td><td>5</td></tr><tr><td><b>Navn</b></td><td>Tølløse</td></tr><tr><td><b>Forkortelse</b></td><td>Tø</td></tr><tr><td><b>Uddybende placering</b></td><td>P2 - Ved rampe til tunnel - sydvest side</td></tr><tr><td><b>Equipment</b></td><td>10753524</td></tr><tr><td><b>Datagennemgang</b></td><td>Not Found</td></tr><tr><td><b>Forsyningstavle</b></td><td>052.055.G</td></tr><tr><td><b>Kilometrering</b></td><td>54.784</td></tr><tr><td><b>Idriftsættelses dato</b></td><td>01-01-2013</td></tr><tr><td><b>GPS Nord</b></td><td>55.613224000</td></tr><tr><td><b>GPS Øst</b></td><td>11.771015000</td></tr><tr><td><b>Pumpeeffekt (kW)</b></td><td>1.5</td></tr><tr><td><b>Antal årlige eftersyn</b></td><td>1</td></tr><tr><td><b>Indendørs/udendørs</b></td><td>Udendørs</td></tr><tr><td><b>Jernbanesikkerhed</b></td><td>1</td></tr><tr><td><b>Skal overvåges</b></td><td>Ja</td></tr><tr><td><b>Styring fabrikat</b></td><td>Grundfos </td></tr><tr><td><b>Styring model</b></td><td>Cu362/IO351</td></tr><tr><td><b>Overvågning</b></td><td>Grundfos (Gl.)</td></tr><tr><td><b>Grundfos konverting</b></td><td></td></tr><tr><td><b>Grundfos Utility Connect (IMEI)</b></td><td></td></tr><tr><td><b>Multiguard SIM kort nummer</b></td><td></td></tr><tr><td><b>Multiguard tlf. nr.</b></td><td></td></tr><tr><td><b>Multiguard PIN/PUK</b></td><td></td></tr>
</table>
]]>
</description>
  <Point>
    <coordinates>11.771015000,55.613224000,0</coordinates>
  </Point>
</Placemark>

<Placemark>
  <name>P1 - På rampe til tunnel i indhak</name>
  <styleUrl>#s</styleUrl>
  <description>
<![CDATA[
<table border="1" style="border-collapse:collapse;width:100%">
<tr><td><b>Bane</b></td><td>79</td></tr><tr><td><b>TIB</b></td><td>5</td></tr><tr><td><b>Navn</b></td><td>Vipperød</td></tr><tr><td><b>Forkortelse</b></td><td>Pe</td></tr><tr><td><b>Uddybende placering</b></td><td>P1 - På rampe til tunnel i indhak</td></tr><tr><td><b>Equipment</b></td><td>10753525</td></tr><tr><td><b>Datagennemgang</b></td><td>Not Found</td></tr><tr><td><b>Forsyningstavle</b></td><td>052.061.A3</td></tr><tr><td><b>Kilometrering</b></td><td>61.189</td></tr><tr><td><b>Idriftsættelses dato</b></td><td>01-01-2013</td></tr><tr><td><b>GPS Nord</b></td><td>55.667165000</td></tr><tr><td><b>GPS Øst</b></td><td>11.738536000</td></tr><tr><td><b>Pumpeeffekt (kW)</b></td><td>2.1</td></tr><tr><td><b>Antal årlige eftersyn</b></td><td>1</td></tr><tr><td><b>Indendørs/udendørs</b></td><td>Udendørs</td></tr><tr><td><b>Jernbanesikkerhed</b></td><td>1</td></tr><tr><td><b>Skal overvåges</b></td><td>Ja</td></tr><tr><td><b>Styring fabrikat</b></td><td>Grundfos </td></tr><tr><td><b>Styring model</b></td><td>Cu362/IO351</td></tr><tr><td><b>Overvågning</b></td><td>Grundfos (Gl.)</td></tr><tr><td><b>Grundfos konverting</b></td><td>Kort+batteri</td></tr><tr><td><b>Grundfos Utility Connect (IMEI)</b></td><td></td></tr><tr><td><b>Multiguard SIM kort nummer</b></td><td>89450136241206622787</td></tr><tr><td><b>Multiguard tlf. nr.</b></td><td>51213795</td></tr><tr><td><b>Multiguard PIN/PUK</b></td><td>2319/42888992</td></tr>
</table>
]]>
</description>
  <Point>
    <coordinates>11.738536000,55.667165000,0</coordinates>
  </Point>
</Placemark>

<Placemark>
  <name>P2 - På rampe til tunnel i indhak</name>
  <styleUrl>#s</styleUrl>
  <description>
<![CDATA[
<table border="1" style="border-collapse:collapse;width:100%">
<tr><td><b>Bane</b></td><td>79</td></tr><tr><td><b>TIB</b></td><td>5</td></tr><tr><td><b>Navn</b></td><td>Vipperød</td></tr><tr><td><b>Forkortelse</b></td><td>Pe</td></tr><tr><td><b>Uddybende placering</b></td><td>P2 - På rampe til tunnel i indhak</td></tr><tr><td><b>Equipment</b></td><td>10753526</td></tr><tr><td><b>Datagennemgang</b></td><td>Not Found</td></tr><tr><td><b>Forsyningstavle</b></td><td>052.061.A3</td></tr><tr><td><b>Kilometrering</b></td><td>61.189</td></tr><tr><td><b>Idriftsættelses dato</b></td><td>01-01-2013</td></tr><tr><td><b>GPS Nord</b></td><td>55.667165000</td></tr><tr><td><b>GPS Øst</b></td><td>11.738536000</td></tr><tr><td><b>Pumpeeffekt (kW)</b></td><td>2.1</td></tr><tr><td><b>Antal årlige eftersyn</b></td><td>1</td></tr><tr><td><b>Indendørs/udendørs</b></td><td>Udendørs</td></tr><tr><td><b>Jernbanesikkerhed</b></td><td>1</td></tr><tr><td><b>Skal overvåges</b></td><td>Ja</td></tr><tr><td><b>Styring fabrikat</b></td><td>Grundfos </td></tr><tr><td><b>Styring model</b></td><td>Cu362/IO351</td></tr><tr><td><b>Overvågning</b></td><td>Grundfos (Gl.)</td></tr><tr><td><b>Grundfos konverting</b></td><td></td></tr><tr><td><b>Grundfos Utility Connect (IMEI)</b></td><td></td></tr><tr><td><b>Multiguard SIM kort nummer</b></td><td>89450136241206622787</td></tr><tr><td><b>Multiguard tlf. nr.</b></td><td>51213795</td></tr><tr><td><b>Multiguard PIN/PUK</b></td><td>2319/42888992</td></tr>
</table>
]]>
</description>
  <Point>
    <coordinates>11.738536000,55.667165000,0</coordinates>
  </Point>
</Placemark>

<Placemark>
  <name>P1 - I gang- og cykeltunnel - Asmindrupvej</name>
  <styleUrl>#s</styleUrl>
  <description>
<![CDATA[
<table border="1" style="border-collapse:collapse;width:100%">
<tr><td><b>Bane</b></td><td>79</td></tr><tr><td><b>TIB</b></td><td>5</td></tr><tr><td><b>Navn</b></td><td>Vipperød</td></tr><tr><td><b>Forkortelse</b></td><td>Pe</td></tr><tr><td><b>Uddybende placering</b></td><td>P1 - I gang- og cykeltunnel - Asmindrupvej</td></tr><tr><td><b>Equipment</b></td><td>10753527</td></tr><tr><td><b>Datagennemgang</b></td><td>Not Found</td></tr><tr><td><b>Forsyningstavle</b></td><td>052.061.B</td></tr><tr><td><b>Kilometrering</b></td><td>61.313</td></tr><tr><td><b>Idriftsættelses dato</b></td><td>01-01-2013</td></tr><tr><td><b>GPS Nord</b></td><td>55.668266000</td></tr><tr><td><b>GPS Øst</b></td><td>11.738453000</td></tr><tr><td><b>Pumpeeffekt (kW)</b></td><td>4.9</td></tr><tr><td><b>Antal årlige eftersyn</b></td><td>1</td></tr><tr><td><b>Indendørs/udendørs</b></td><td>Udendørs</td></tr><tr><td><b>Jernbanesikkerhed</b></td><td>1</td></tr><tr><td><b>Skal overvåges</b></td><td>Ja</td></tr><tr><td><b>Styring fabrikat</b></td><td>Grundfos </td></tr><tr><td><b>Styring model</b></td><td>Cu362/IO351</td></tr><tr><td><b>Overvågning</b></td><td>Grundfos (Gl.)</td></tr><tr><td><b>Grundfos konverting</b></td><td>Kort+batteri</td></tr><tr><td><b>Grundfos Utility Connect (IMEI)</b></td><td></td></tr><tr><td><b>Multiguard SIM kort nummer</b></td><td>89450136241206622761</td></tr><tr><td><b>Multiguard tlf. nr.</b></td><td>51267792</td></tr><tr><td><b>Multiguard PIN/PUK</b></td><td>2171/05962038</td></tr>
</table>
]]>
</description>
  <Point>
    <coordinates>11.738453000,55.668266000,0</coordinates>
  </Point>
</Placemark>

<Placemark>
  <name>P2 - I gang- og cykeltunnel - Asmindrupvej</name>
  <styleUrl>#s</styleUrl>
  <description>
<![CDATA[
<table border="1" style="border-collapse:collapse;width:100%">
<tr><td><b>Bane</b></td><td>79</td></tr><tr><td><b>TIB</b></td><td>5</td></tr><tr><td><b>Navn</b></td><td>Vipperød</td></tr><tr><td><b>Forkortelse</b></td><td>Pe</td></tr><tr><td><b>Uddybende placering</b></td><td>P2 - I gang- og cykeltunnel - Asmindrupvej</td></tr><tr><td><b>Equipment</b></td><td>10753528</td></tr><tr><td><b>Datagennemgang</b></td><td>Not Found</td></tr><tr><td><b>Forsyningstavle</b></td><td>052.061.B</td></tr><tr><td><b>Kilometrering</b></td><td>61.313</td></tr><tr><td><b>Idriftsættelses dato</b></td><td>01-01-2013</td></tr><tr><td><b>GPS Nord</b></td><td>55.668266000</td></tr><tr><td><b>GPS Øst</b></td><td>11.738453000</td></tr><tr><td><b>Pumpeeffekt (kW)</b></td><td>4.9</td></tr><tr><td><b>Antal årlige eftersyn</b></td><td>1</td></tr><tr><td><b>Indendørs/udendørs</b></td><td>Udendørs</td></tr><tr><td><b>Jernbanesikkerhed</b></td><td>1</td></tr><tr><td><b>Skal overvåges</b></td><td>Ja</td></tr><tr><td><b>Styring fabrikat</b></td><td>Grundfos </td></tr><tr><td><b>Styring model</b></td><td>Cu362/IO351</td></tr><tr><td><b>Overvågning</b></td><td>Grundfos (Gl.)</td></tr><tr><td><b>Grundfos konverting</b></td><td></td></tr><tr><td><b>Grundfos Utility Connect (IMEI)</b></td><td></td></tr><tr><td><b>Multiguard SIM kort nummer</b></td><td>89450136241206622761</td></tr><tr><td><b>Multiguard tlf. nr.</b></td><td>51267792</td></tr><tr><td><b>Multiguard PIN/PUK</b></td><td>2171/05962038</td></tr>
</table>
]]>
</description>
  <Point>
    <coordinates>11.738453000,55.668266000,0</coordinates>
  </Point>
</Placemark>

<Placemark>
  <name>P1 - I baneskråning syd</name>
  <styleUrl>#s</styleUrl>
  <description>
<![CDATA[
<table border="1" style="border-collapse:collapse;width:100%">
<tr><td><b>Bane</b></td><td>11B</td></tr><tr><td><b>TIB</b></td><td>1</td></tr><tr><td><b>Navn</b></td><td>Høje Taastrup</td></tr><tr><td><b>Forkortelse</b></td><td>Htå</td></tr><tr><td><b>Uddybende placering</b></td><td>P1 - I baneskråning syd</td></tr><tr><td><b>Equipment</b></td><td>10753480</td></tr><tr><td><b>Datagennemgang</b></td><td>Not Found</td></tr><tr><td><b>Forsyningstavle</b></td><td>012.019.A8</td></tr><tr><td><b>Kilometrering</b></td><td>19.599</td></tr><tr><td><b>Idriftsættelses dato</b></td><td>01-06-2016</td></tr><tr><td><b>GPS Nord</b></td><td>55.648316000</td></tr><tr><td><b>GPS Øst</b></td><td>12.268316000</td></tr><tr><td><b>Pumpeeffekt (kW)</b></td><td>3.1</td></tr><tr><td><b>Antal årlige eftersyn</b></td><td>1</td></tr><tr><td><b>Indendørs/udendørs</b></td><td>Udendørs</td></tr><tr><td><b>Jernbanesikkerhed</b></td><td>3</td></tr><tr><td><b>Skal overvåges</b></td><td>Ja</td></tr><tr><td><b>Styring fabrikat</b></td><td>Efter ombygning Grundfos</td></tr><tr><td><b>Styring model</b></td><td></td></tr><tr><td><b>Overvågning</b></td><td>Multiguard</td></tr><tr><td><b>Grundfos konverting</b></td><td>Kort+batteri</td></tr><tr><td><b>Grundfos Utility Connect (IMEI)</b></td><td></td></tr><tr><td><b>Multiguard SIM kort nummer</b></td><td>89450130211222155266</td></tr><tr><td><b>Multiguard tlf. nr.</b></td><td>21790933</td></tr><tr><td><b>Multiguard PIN/PUK</b></td><td>25824160</td></tr>
</table>
]]>
</description>
  <Point>
    <coordinates>12.268316000,55.648316000,0</coordinates>
  </Point>
</Placemark>

<Placemark>
  <name>P2 - I baneskråning syd</name>
  <styleUrl>#s</styleUrl>
  <description>
<![CDATA[
<table border="1" style="border-collapse:collapse;width:100%">
<tr><td><b>Bane</b></td><td>11B</td></tr><tr><td><b>TIB</b></td><td>1</td></tr><tr><td><b>Navn</b></td><td>Høje Taastrup</td></tr><tr><td><b>Forkortelse</b></td><td>Htå</td></tr><tr><td><b>Uddybende placering</b></td><td>P2 - I baneskråning syd</td></tr><tr><td><b>Equipment</b></td><td>10753481</td></tr><tr><td><b>Datagennemgang</b></td><td>Not Found</td></tr><tr><td><b>Forsyningstavle</b></td><td>012.019.A8</td></tr><tr><td><b>Kilometrering</b></td><td>19.599</td></tr><tr><td><b>Idriftsættelses dato</b></td><td>01-06-2016</td></tr><tr><td><b>GPS Nord</b></td><td>55.648316000</td></tr><tr><td><b>GPS Øst</b></td><td>12.268316000</td></tr><tr><td><b>Pumpeeffekt (kW)</b></td><td>3.1</td></tr><tr><td><b>Antal årlige eftersyn</b></td><td>1</td></tr><tr><td><b>Indendørs/udendørs</b></td><td>Udendørs</td></tr><tr><td><b>Jernbanesikkerhed</b></td><td>3</td></tr><tr><td><b>Skal overvåges</b></td><td>Ja</td></tr><tr><td><b>Styring fabrikat</b></td><td>Efter ombygning Grundfos</td></tr><tr><td><b>Styring model</b></td><td></td></tr><tr><td><b>Overvågning</b></td><td>Multiguard</td></tr><tr><td><b>Grundfos konverting</b></td><td>Kort+batteri</td></tr><tr><td><b>Grundfos Utility Connect (IMEI)</b></td><td></td></tr><tr><td><b>Multiguard SIM kort nummer</b></td><td>89450130211222155266</td></tr><tr><td><b>Multiguard tlf. nr.</b></td><td>21790933</td></tr><tr><td><b>Multiguard PIN/PUK</b></td><td>25824160</td></tr>
</table>
]]>
</description>
  <Point>
    <coordinates>12.268316000,55.648316000,0</coordinates>
  </Point>
</Placemark>

<Placemark>
  <name>I kabelbrønd spor 0</name>
  <styleUrl>#s</styleUrl>
  <description>
<![CDATA[
<table border="1" style="border-collapse:collapse;width:100%">
<tr><td><b>Bane</b></td><td>11B</td></tr><tr><td><b>TIB</b></td><td>1</td></tr><tr><td><b>Navn</b></td><td>Høje Taastrup</td></tr><tr><td><b>Forkortelse</b></td><td>Htå</td></tr><tr><td><b>Uddybende placering</b></td><td>I kabelbrønd spor 0</td></tr><tr><td><b>Equipment</b></td><td>10753482</td></tr><tr><td><b>Datagennemgang</b></td><td>Not Found</td></tr><tr><td><b>Forsyningstavle</b></td><td>012.019.A8</td></tr><tr><td><b>Kilometrering</b></td><td>19.605</td></tr><tr><td><b>Idriftsættelses dato</b></td><td>01-06-2016</td></tr><tr><td><b>GPS Nord</b></td><td>55.648344000</td></tr><tr><td><b>GPS Øst</b></td><td>12.268189000</td></tr><tr><td><b>Pumpeeffekt (kW)</b></td><td>0.3</td></tr><tr><td><b>Antal årlige eftersyn</b></td><td>1</td></tr><tr><td><b>Indendørs/udendørs</b></td><td>Udendørs</td></tr><tr><td><b>Jernbanesikkerhed</b></td><td>3</td></tr><tr><td><b>Skal overvåges</b></td><td>Ja</td></tr><tr><td><b>Styring fabrikat</b></td><td>Ingen Styring</td></tr><tr><td><b>Styring model</b></td><td></td></tr><tr><td><b>Overvågning</b></td><td></td></tr><tr><td><b>Grundfos konverting</b></td><td>CIU+kort+batteri+antenne</td></tr><tr><td><b>Grundfos Utility Connect (IMEI)</b></td><td></td></tr><tr><td><b>Multiguard SIM kort nummer</b></td><td></td></tr><tr><td><b>Multiguard tlf. nr.</b></td><td></td></tr><tr><td><b>Multiguard PIN/PUK</b></td><td></td></tr>
</table>
]]>
</description>
  <Point>
    <coordinates>12.268189000,55.648344000,0</coordinates>
  </Point>
</Placemark>

<Placemark>
  <name>Stor tunnel (hvid) i midten - teknikrum</name>
  <styleUrl>#s</styleUrl>
  <description>
<![CDATA[
<table border="1" style="border-collapse:collapse;width:100%">
<tr><td><b>Bane</b></td><td>11B</td></tr><tr><td><b>TIB</b></td><td>1</td></tr><tr><td><b>Navn</b></td><td>Roskilde</td></tr><tr><td><b>Forkortelse</b></td><td>Ro</td></tr><tr><td><b>Uddybende placering</b></td><td>Stor tunnel (hvid) i midten - teknikrum</td></tr><tr><td><b>Equipment</b></td><td>10753483</td></tr><tr><td><b>Datagennemgang</b></td><td>Not Found</td></tr><tr><td><b>Forsyningstavle</b></td><td>013.000.C</td></tr><tr><td><b>Kilometrering</b></td><td>31.998</td></tr><tr><td><b>Idriftsættelses dato</b></td><td>01-04-2011</td></tr><tr><td><b>GPS Nord</b></td><td>55.638174000</td></tr><tr><td><b>GPS Øst</b></td><td>12.087201000</td></tr><tr><td><b>Pumpeeffekt (kW)</b></td><td>1.25</td></tr><tr><td><b>Antal årlige eftersyn</b></td><td>1</td></tr><tr><td><b>Indendørs/udendørs</b></td><td>Indendørs</td></tr><tr><td><b>Jernbanesikkerhed</b></td><td>1</td></tr><tr><td><b>Skal overvåges</b></td><td>Ja</td></tr><tr><td><b>Styring fabrikat</b></td><td>Flygt</td></tr><tr><td><b>Styring model</b></td><td>FGC313</td></tr><tr><td><b>Overvågning</b></td><td>Multiguard</td></tr><tr><td><b>Grundfos konverting</b></td><td>CIU+kort+batteri+antenne</td></tr><tr><td><b>Grundfos Utility Connect (IMEI)</b></td><td></td></tr><tr><td><b>Multiguard SIM kort nummer</b></td><td>89450136240527194971</td></tr><tr><td><b>Multiguard tlf. nr.</b></td><td>23281840</td></tr><tr><td><b>Multiguard PIN/PUK</b></td><td>35804080</td></tr>
</table>
]]>
</description>
  <Point>
    <coordinates>12.087201000,55.638174000,0</coordinates>
  </Point>
</Placemark>

<Placemark>
  <name>Lille tunnel (gul), nord-ende - teknikrum</name>
  <styleUrl>#s</styleUrl>
  <description>
<![CDATA[
<table border="1" style="border-collapse:collapse;width:100%">
<tr><td><b>Bane</b></td><td>11B</td></tr><tr><td><b>TIB</b></td><td>1</td></tr><tr><td><b>Navn</b></td><td>Roskilde</td></tr><tr><td><b>Forkortelse</b></td><td>Ro</td></tr><tr><td><b>Uddybende placering</b></td><td>Lille tunnel (gul), nord-ende - teknikrum</td></tr><tr><td><b>Equipment</b></td><td>10753484</td></tr><tr><td><b>Datagennemgang</b></td><td>Not Found</td></tr><tr><td><b>Forsyningstavle</b></td><td>013.000.B</td></tr><tr><td><b>Kilometrering</b></td><td>31.290</td></tr><tr><td><b>Idriftsættelses dato</b></td><td>01-07-2016</td></tr><tr><td><b>GPS Nord</b></td><td>55.638686000</td></tr><tr><td><b>GPS Øst</b></td><td>12.088669000</td></tr><tr><td><b>Pumpeeffekt (kW)</b></td><td>2.2</td></tr><tr><td><b>Antal årlige eftersyn</b></td><td>1</td></tr><tr><td><b>Indendørs/udendørs</b></td><td>Indendørs</td></tr><tr><td><b>Jernbanesikkerhed</b></td><td>1</td></tr><tr><td><b>Skal overvåges</b></td><td>Ja</td></tr><tr><td><b>Styring fabrikat</b></td><td>Flygt</td></tr><tr><td><b>Styring model</b></td><td>FGC313</td></tr><tr><td><b>Overvågning</b></td><td>Multiguard</td></tr><tr><td><b>Grundfos konverting</b></td><td>CIU+kort+batteri+antenne</td></tr><tr><td><b>Grundfos Utility Connect (IMEI)</b></td><td></td></tr><tr><td><b>Multiguard SIM kort nummer</b></td><td>89450130170606333883</td></tr><tr><td><b>Multiguard tlf. nr.</b></td><td>29966328</td></tr><tr><td><b>Multiguard PIN/PUK</b></td><td>1268/07153960</td></tr>
</table>
]]>
</description>
  <Point>
    <coordinates>12.088669000,55.638686000,0</coordinates>
  </Point>
</Placemark>

<Placemark>
  <name>Kommandopost RFC Roskilde, tavlerum i kælder</name>
  <styleUrl>#s</styleUrl>
  <description>
<![CDATA[
<table border="1" style="border-collapse:collapse;width:100%">
<tr><td><b>Bane</b></td><td>11B</td></tr><tr><td><b>TIB</b></td><td>1</td></tr><tr><td><b>Navn</b></td><td>Roskilde</td></tr><tr><td><b>Forkortelse</b></td><td>Ro</td></tr><tr><td><b>Uddybende placering</b></td><td>Kommandopost RFC Roskilde, tavlerum i kælder</td></tr><tr><td><b>Equipment</b></td><td>10753485</td></tr><tr><td><b>Datagennemgang</b></td><td>Not Found</td></tr><tr><td><b>Forsyningstavle</b></td><td>013.000.A</td></tr><tr><td><b>Kilometrering</b></td><td>31.561</td></tr><tr><td><b>Idriftsættelses dato</b></td><td>01-03-2020</td></tr><tr><td><b>GPS Nord</b></td><td>55.637744000</td></tr><tr><td><b>GPS Øst</b></td><td>12.084672000</td></tr><tr><td><b>Pumpeeffekt (kW)</b></td><td>0.45</td></tr><tr><td><b>Antal årlige eftersyn</b></td><td>1</td></tr><tr><td><b>Indendørs/udendørs</b></td><td>Indendørs</td></tr><tr><td><b>Jernbanesikkerhed</b></td><td>1</td></tr><tr><td><b>Skal overvåges</b></td><td>Nej</td></tr><tr><td><b>Styring fabrikat</b></td><td>Ingen Styring</td></tr><tr><td><b>Styring model</b></td><td></td></tr><tr><td><b>Overvågning</b></td><td>Kører til Teknikalarm</td></tr><tr><td><b>Grundfos konverting</b></td><td>CIU+kort+batteri+antenne</td></tr><tr><td><b>Grundfos Utility Connect (IMEI)</b></td><td></td></tr><tr><td><b>Multiguard SIM kort nummer</b></td><td></td></tr><tr><td><b>Multiguard tlf. nr.</b></td><td></td></tr><tr><td><b>Multiguard PIN/PUK</b></td><td></td></tr>
</table>
]]>
</description>
  <Point>
    <coordinates>12.084672000,55.637744000,0</coordinates>
  </Point>
</Placemark>
</Document></kml>